tenure_label,tenure_id,house,state_id,state_name,constituency_id,constituency_name,mp_id,mp_name,allocated,recommended,sanctioned,completed,expenditure_cr,calamity_cr,n_recommended,n_sanctioned,n_completed,tenure,margin_pct,winner_party,competitiveness,rec_pct,sanc_pct,comp_pct,sanc_yield,comp_yield
18th Lok Sabha,7,Lok Sabha,35,Andaman And Nicobar Islands,1,ANDAMAN AND NICOBAR ISLANDS,3042276,BISHNU PADA RAY,14.7,6.5492,3.5233,0.0,0.9365,0.0,24,12,0,18th Lok Sabha,12.05,Bharatiya Janata Party,competitive,44.55238095238095,23.968027210884355,0.0,53.7974103707323,0.0
18th Lok Sabha,7,Lok Sabha,2,Andhra Pradesh,2,ANAKAPALLE,3042278,C.M.RAMESH,17.8,5.6083,5.1093,1.4748,2.52,0.0,64,62,12,18th Lok Sabha,22.37,Bharatiya Janata Party,safe,31.507303370786513,28.703932584269662,8.285393258426968,91.10247312019685,28.865010862544775
18th Lok Sabha,7,Lok Sabha,2,Andhra Pradesh,3,HINDUPUR,3042285,B K PARTHASARATHI,16.05,8.0521,7.9421,1.6381,3.49,0.0,90,88,34,18th Lok Sabha,9.35,Telugu Desam,competitive,50.16884735202491,49.48348909657321,10.206230529595015,98.63389674743236,20.625527253497186
18th Lok Sabha,7,Lok Sabha,2,Andhra Pradesh,4,VIJAYAWADA,3042292,Sivanath Kesineni,14.7,3.6922,3.5622,0.329,0.329,0.0,10,9,1,18th Lok Sabha,20.67,Telugu Desam,safe,25.117006802721093,24.23265306122449,2.238095238095238,96.4790639726992,9.235865476390995
18th Lok Sabha,7,Lok Sabha,2,Andhra Pradesh,5,NANDYAL,3043545,DR BYREDDY SHABARI,15.07,9.4491,7.7005,3.1285,3.27,0.0,189,155,69,18th Lok Sabha,7.97,Telugu Desam,competitive,62.70139349701393,51.09820836098208,20.759787657597872,81.49453387095068,40.62723199792221
18th Lok Sabha,7,Lok Sabha,2,Andhra Pradesh,7,AMALAPURAM(SC),3042277,GM Harish Balayogi,14.7,9.7219,9.6224,1.8124,4.44,0.0,108,106,11,18th Lok Sabha,26.3,Telugu Desam,safe,66.13537414965987,65.45850340136056,12.329251700680274,98.97653750810028,18.835217825074825
18th Lok Sabha,7,Lok Sabha,2,Andhra Pradesh,8,BAPATLA,3042281,Krishna Prasad Tenneti,16.78,10.4422,8.9223,0.0382,0.613,0.1,134,106,1,18th Lok Sabha,15.99,Telugu Desam,safe,62.2300357568534,53.17222884386174,0.2276519666269368,85.44463810308173,0.4281407260459747
18th Lok Sabha,7,Lok Sabha,2,Andhra Pradesh,9,ARAKU(ST),3042280,Gumma Thanuja Rani,14.95,9.01,8.27,0.0487,5.8,0.0,116,107,1,18th Lok Sabha,4.34,Yuvajana Sramika Rythu Congress Party,marginal,60.2675585284281,55.317725752508366,0.32575250836120406,91.78690344062153,0.5888754534461911
18th Lok Sabha,7,Lok Sabha,2,Andhra Pradesh,10,NELLORE(SC),3042290,PRABHAKAR REDDY VEMIREDDY,14.7,9.7884,9.7884,5.1708,6.53,0.0,155,155,96,18th Lok Sabha,17.88,Telugu Desam,safe,66.58775510204082,66.58775510204082,35.17551020408163,100.0,52.82579379673899
18th Lok Sabha,7,Lok Sabha,2,Andhra Pradesh,11,TIRUPATI(SC),3018946,Maddila Gurumoorthy,18.04,9.5122,9.5122,3.3856,5.21,0.0,232,232,70,18th Lok Sabha,1.05,Yuvajana Sramika Rythu Congress Party,marginal,52.728381374722844,52.728381374722844,18.76718403547672,100.0,35.5921868758016
18th Lok Sabha,7,Lok Sabha,2,Andhra Pradesh,12,ANANTAPUR,3042279,AMBICA G LAKSHMINARAYANA VALMIKI,14.7,11.528,9.388,1.893,4.46,0.0,139,114,25,18th Lok Sabha,13.09,Telugu Desam,competitive,78.421768707483,63.863945578231295,12.877551020408164,81.43650242886883,20.16403919897742
18th Lok Sabha,7,Lok Sabha,2,Andhra Pradesh,13,SRIKAKULAM,3018939,Kinjarapu Ram Mohan Naidu,17.12,12.0724,12.0724,2.7773,3.94,0.0,180,180,51,18th Lok Sabha,26.54,Telugu Desam,safe,70.51635514018692,70.51635514018692,16.22254672897196,100.0,23.00536761538716
18th Lok Sabha,7,Lok Sabha,2,Andhra Pradesh,14,ONGOLE,3018340,Magunta Sreenivasulu Reddy,14.7,2.2385,2.1885,0.0,0.7627,0.0,19,18,0,18th Lok Sabha,3.53,Telugu Desam,marginal,15.227891156462587,14.887755102040817,0.0,97.76636140272502,0.0
18th Lok Sabha,7,Lok Sabha,2,Andhra Pradesh,15,ELURU,3042283,Putta Mahesh Kumar,14.7,9.775,8.647,0.1881,3.38,0.0,107,92,2,18th Lok Sabha,13.16,Telugu Desam,competitive,66.49659863945578,58.823129251700685,1.279591836734694,88.46035805626599,2.1753209205504795
18th Lok Sabha,7,Lok Sabha,2,Andhra Pradesh,16,NARASAPURAM,3042288,Bhupathiraju Srinivasa varma,14.7,1.2,1.2,0.0,0.0,0.0,1,1,0,18th Lok Sabha,22.49,Bharatiya Janata Party,safe,8.16326530612245,8.16326530612245,0.0,100.0,0.0
18th Lok Sabha,7,Lok Sabha,2,Andhra Pradesh,17,RAJAHMUNDRY,3043486,Daggubati Purandeshwari,14.7,9.15,8.65,0.0,0.7411,0.0,29,27,0,18th Lok Sabha,18.04,Bharatiya Janata Party,safe,62.244897959183675,58.843537414965986,0.0,94.53551912568305,0.0
18th Lok Sabha,7,Lok Sabha,2,Andhra Pradesh,18,GUNTUR,3042284,Dr Chandra Sekhar Pemmasani,14.7,9.5102,7.9602,1.1591,1.8,0.0,96,83,9,18th Lok Sabha,24.18,Telugu Desam,safe,64.6952380952381,54.15102040816327,7.885034013605442,83.70170974322306,14.561191929851008
18th Lok Sabha,7,Lok Sabha,2,Andhra Pradesh,19,NARASARAOPET,3018945,Lavu Sri Krishna Devarayalu,17.4,1.4738,1.4738,0.16,0.2403,0.0,43,43,1,18th Lok Sabha,10.65,Telugu Desam,competitive,8.470114942528737,8.470114942528737,0.9195402298850576,100.0,10.85628986293934
18th Lok Sabha,7,Lok Sabha,2,Andhra Pradesh,20,VISAKHAPATNAM,3042293,Sribharat MathuKumli,14.7,7.3715,6.8615,0.0,0.1975,0.0,36,33,0,18th Lok Sabha,36.35,Telugu Desam,safe,50.14625850340136,46.67687074829933,0.0,93.08146238893035,0.0
18th Lok Sabha,7,Lok Sabha,2,Andhra Pradesh,21,KADAPA,3018943,Y S Avinash Reddy,15.64,11.8858,6.841,1.8231,3.13,0.0,292,161,29,18th Lok Sabha,4.74,Yuvajana Sramika Rythu Congress Party,marginal,75.99616368286445,43.74040920716112,11.656649616368286,57.55607531676455,26.649612629732495
18th Lok Sabha,7,Lok Sabha,2,Andhra Pradesh,22,MACHILIPATNAM,3018342,Balashowry Vallabbhaneni,14.7,3.5126,3.1384,0.276,0.7765,0.0,49,41,7,18th Lok Sabha,17.01,Janasena Party,safe,23.895238095238096,21.34965986394558,1.8775510204081634,89.34692250754426,8.794290084119297
18th Lok Sabha,7,Lok Sabha,2,Andhra Pradesh,23,KURNOOL,3042287,BASTIPATI NAGARAJU PANCHALINGALA,16.0,6.2034,4.8534,4.3534,4.4,0.0,158,153,143,18th Lok Sabha,8.36,Telugu Desam,competitive,38.77125,30.33375,27.20875,78.23774059386787,89.69794370956443
18th Lok Sabha,7,Lok Sabha,2,Andhra Pradesh,24,VIZIANAGARAM,3042294,Appalanaidu Kalisetti,14.7,4.8908,4.8778,1.0172,1.59,0.0,91,90,26,18th Lok Sabha,19.19,Telugu Desam,safe,33.27074829931973,33.182312925170066,6.919727891156464,99.73419481475423,20.853663536840383
18th Lok Sabha,7,Lok Sabha,2,Andhra Pradesh,25,CHITTOOR,3042282,DAGGUMALLA PRASADA RAO,14.7,9.6986,9.6336,0.2996,7.05,0.0,144,142,7,18th Lok Sabha,15.54,Telugu Desam,safe,65.97687074829933,65.53469387755102,2.038095238095238,99.32980017734516,3.1099485135359575
18th Lok Sabha,7,Lok Sabha,2,Andhra Pradesh,26,RAJAMPET,3018941,Midhun Reddy,17.9,12.681,11.8465,0.9459,4.12,0.0,384,357,37,18th Lok Sabha,5.71,Yuvajana Sramika Rythu Congress Party,competitive,70.84357541899442,66.18156424581007,5.284357541899442,93.41928869962938,7.984636812560672
18th Lok Sabha,7,Lok Sabha,2,Andhra Pradesh,27,KAKINADA,3042286,TANGELLA UDAY SRINIVAS,14.7,3.915,2.665,0.525,1.54,0.0,19,17,3,18th Lok Sabha,17.26,Janasena Party,safe,26.63265306122449,18.129251700680275,3.5714285714285716,68.07151979565772,19.69981238273921
18th Lok Sabha,7,Lok Sabha,3,Arunachal Pradesh,28,ARUNACHAL WEST,3018950,Kiren Rijiju,14.7,9.428,8.758,2.803,8.71,0.0,131,126,44,18th Lok Sabha,25.2,Bharatiya Janata Party,safe,64.13605442176872,59.578231292517,19.068027210884356,92.8935086974968,32.00502397807719
18th Lok Sabha,7,Lok Sabha,3,Arunachal Pradesh,29,ARUNACHAL EAST,3017378,Shri Tapir Gao,14.7,9.7593,9.7593,4.1893,9.75,0.0,111,111,46,18th Lok Sabha,9.41,Bharatiya Janata Party,competitive,66.38979591836734,66.38979591836734,28.498639455782314,100.0,42.92623446353735
18th Lok Sabha,7,Lok Sabha,5,Assam,30,BARPETA,3042295,PHANI BHUSAN CHOUDHURY,14.7,9.2728,5.3558,0.1,3.25,0.0,89,52,1,18th Lok Sabha,13.19,Asom Gana Parishad,competitive,63.08027210884354,36.43401360544218,0.6802721088435374,57.75817444569063,1.867134695096904
18th Lok Sabha,7,Lok Sabha,5,Assam,31,Darrang-Udalguri,3018955,Dilip Saikia,14.7,7.365,4.13,0.0,1.86,0.0,230,129,0,18th Lok Sabha,18.17,Bharatiya Janata Party,safe,50.102040816326536,28.095238095238095,0.0,56.07603530210455,0.0
18th Lok Sabha,7,Lok Sabha,5,Assam,32,LAKHIMPUR,3018347,Pradan Baruah,14.7,7.505,6.175,0.0,4.81,0.0,142,105,0,18th Lok Sabha,16.62,Bharatiya Janata Party,safe,51.054421768707485,42.00680272108844,0.0,82.27848101265823,0.0
18th Lok Sabha,7,Lok Sabha,5,Assam,33,DIBRUGARH,3042297,Shri Sarbananda Sonowal (18LS),14.7,9.6043,3.2543,0.2843,1.49,0.0,88,36,3,18th Lok Sabha,21.85,Bharatiya Janata Party,safe,65.33537414965987,22.13809523809524,1.934013605442177,33.88378122299387,8.73613373075623
18th Lok Sabha,7,Lok Sabha,5,Assam,34,JORHAT,3042300,GAURAV GOGOI,14.7,9.7997,7.1597,0.4947,3.14,0.0,452,326,18,18th Lok Sabha,10.38,Indian National Congress,competitive,66.66462585034013,48.705442176870754,3.3653061224489798,73.0603998081574,6.909507381594201
18th Lok Sabha,7,Lok Sabha,5,Assam,35,Diphu (ST),3042298,AMARSING TISSO,14.7,9.7284,7.1484,0.2784,6.05,0.0,93,78,4,18th Lok Sabha,21.62,Bharatiya Janata Party,safe,66.1795918367347,48.628571428571426,1.893877551020408,73.47970889354877,3.8945778076212854
18th Lok Sabha,7,Lok Sabha,5,Assam,36,KARIMGANJ (SC),3018957,Kripanath Mallah,14.7,9.786,6.011,0.0,5.4,0.0,58,34,0,18th Lok Sabha,1.6,Bharatiya Janata Party,marginal,66.57142857142857,40.89115646258504,0.0,61.4244839566728,0.0
18th Lok Sabha,7,Lok Sabha,5,Assam,37,DHUBRI,3042296,RAKIBUL HUSSAIN,14.7,7.4746,5.7496,0.9796,4.15,0.0,148,115,22,18th Lok Sabha,41.26,Indian National Congress,safe,50.84761904761905,39.11292517006803,6.663945578231293,76.92184197147674,17.037706970919718
18th Lok Sabha,7,Lok Sabha,5,Assam,38,NOWGONG,3018958,Pradyut Bordoloi,9.8,9.7994,7.6096,0.0676,5.84,0.0,216,157,2,18th Lok Sabha,13.69,Indian National Congress,competitive,99.9938775510204,77.64897959183673,0.6897959183673469,77.65373390207564,0.8883515559293523
18th Lok Sabha,7,Lok Sabha,5,Assam,39,SILCHAR,3042304,PARIMAL SUKLABAIDYA,14.83,4.98,1.33,0.0,0.4425,0.0,84,22,0,18th Lok Sabha,24.26,Bharatiya Janata Party,safe,33.580579905596764,8.96830748482805,0.0,26.706827309236946,0.0
18th Lok Sabha,7,Lok Sabha,5,Assam,40,Kaziranga,3042301,KAMAKHYA PRASAD TASA,14.7,8.6819,5.5469,0.0,0.2522,0.0,87,57,0,18th Lok Sabha,15.27,Bharatiya Janata Party,safe,59.06054421768708,37.73401360544217,0.0,63.89039265598543,0.0
18th Lok Sabha,7,Lok Sabha,5,Assam,41,KOKRAJHAR (ST),3042302,JOYANTA BASUMATARY,14.7,9.394,7.214,1.971,5.08,0.0,84,65,19,18th Lok Sabha,4.15,"United People’s Party, Liberal",marginal,63.904761904761905,49.0748299319728,13.408163265306124,76.79369810517352,27.321874133629056
18th Lok Sabha,7,Lok Sabha,5,Assam,42,Sonitpur,3042305,RANJIT DUTTA,14.7,10.4023,9.0411,1.0723,5.36,0.0,125,108,12,18th Lok Sabha,28.05,Bharatiya Janata Party,safe,70.7639455782313,61.50408163265306,7.294557823129252,86.91443238514559,11.860282487750384
18th Lok Sabha,7,Lok Sabha,5,Assam,43,GUWAHATI,3042299,BIJULI KALITA MEDHI,14.7,9.8,7.89,0.665,6.44,0.0,118,84,5,18th Lok Sabha,15.7,Bharatiya Janata Party,safe,66.66666666666667,53.673469387755105,4.523809523809524,80.51020408163265,8.428390367553867
18th Lok Sabha,7,Lok Sabha,6,Bihar,44,ARARIA,3018355,Pradeep Kumar Singh,14.7,9.5995,9.5995,9.4498,9.45,0.0,40,40,39,18th Lok Sabha,1.6,Bharatiya Janata Party,marginal,65.30272108843538,65.30272108843538,64.2843537414966,100.0,98.44054377832178
18th Lok Sabha,7,Lok Sabha,6,Bihar,45,KATIHAR,3042313,TARIQ ANWAR,14.7,8.3785,8.1845,4.6925,5.85,0.0,86,84,48,18th Lok Sabha,4.26,Indian National Congress,marginal,56.99659863945578,55.67687074829932,31.921768707482993,97.684549740407,57.33398497159264
18th Lok Sabha,7,Lok Sabha,6,Bihar,46,MUZAFFARPUR,3042315,RAJ BHUSHAN CHOUDHARY,14.7,9.7403,9.6978,8.6773,9.47,0.0,88,86,77,18th Lok Sabha,21.12,Bharatiya Janata Party,safe,66.26054421768707,65.97142857142858,59.02925170068028,99.56366847017034,89.47699478232175
18th Lok Sabha,7,Lok Sabha,6,Bihar,47,VAISHALI,3017382,Smt Veena Devi,14.7,9.6763,9.537,9.3984,9.4,0.0,32,31,30,18th Lok Sabha,7.65,Lok Janshakti Party(Ram Vilas),competitive,65.82517006802722,64.87755102040816,63.93469387755103,98.56040015295103,98.54671280276816
18th Lok Sabha,7,Lok Sabha,6,Bihar,48,PATALIPUTRA,3042316,MISHA BHARTI,14.7,0.0,0.0,0.0,0.0,0.0,0,0,0,18th Lok Sabha,6.92,Rashtriya Janata Dal,competitive,0.0,0.0,0.0,,
18th Lok Sabha,7,Lok Sabha,6,Bihar,49,PATNA SAHIB,3018979,Ravi Shankar Prasad,14.7,5.7125,5.7125,5.0232,5.15,0.0,66,66,58,18th Lok Sabha,14.3,Bharatiya Janata Party,competitive,38.86054421768708,38.86054421768708,34.17142857142857,100.0,87.93347921225383
18th Lok Sabha,7,Lok Sabha,6,Bihar,50,KARAKAT,3042312,RAJA RAM SINGH,14.7,9.7655,9.0208,4.637,5.85,0.0,235,213,110,18th Lok Sabha,10.26,Communist Party of India  (Marxist-Leninist)  (Liberation),competitive,66.43197278911565,61.36598639455782,31.544217687074827,92.37417438943218,51.40342319971621
18th Lok Sabha,7,Lok Sabha,6,Bihar,51,SIWAN,3042321,VIJAYLAKSHMI DEVI,14.7,13.6413,9.1538,9.0544,9.14,0.0,142,96,95,18th Lok Sabha,9.3,Janata Dal  (United),competitive,92.79795918367347,62.27074829931973,61.59455782312925,67.10357517245424,98.91411217199413
18th Lok Sabha,7,Lok Sabha,6,Bihar,52,ARRAH,3042306,SUDAMA PRASAD,14.7,8.8471,6.8139,4.2233,4.83,0.0,117,94,63,18th Lok Sabha,5.45,Communist Party of India  (Marxist-Leninist)  (Liberation),competitive,60.184353741496594,46.3530612244898,28.729931972789117,77.01845802579376,61.980657186046166
18th Lok Sabha,7,Lok Sabha,6,Bihar,53,KISHANGANJ,3017384,Dr Mohammad Jawed,14.87,11.8386,11.3686,7.4985,8.39,0.0,183,176,116,18th Lok Sabha,5.19,Indian National Congress,competitive,79.61398789509079,76.45326160053801,50.42703429724278,96.02993597215888,65.95798955016448
18th Lok Sabha,7,Lok Sabha,6,Bihar,54,JAMUI(SC),3042311,ARUN BHARTI,19.49,12.4231,12.3131,10.9353,11.7,0.0,275,267,196,18th Lok Sabha,11.49,Lok Janshakti Party(Ram Vilas),competitive,63.74089276552078,63.17650076962545,56.10723447922012,99.11455272838502,88.81029147818177
18th Lok Sabha,7,Lok Sabha,6,Bihar,55,PURVI CHAMPARAN,3018969,Radha Mohan Singh,14.7,10.4012,8.1279,5.7019,6.01,0.0,103,81,57,18th Lok Sabha,8.22,Bharatiya Janata Party,competitive,70.75646258503401,55.29183673469389,38.788435374149664,78.14386801522902,70.15219183306881
18th Lok Sabha,7,Lok Sabha,6,Bihar,56,SHEOHAR,3044146,LOVELY ANAND,14.7,6.6021,4.1173,2.2473,2.25,0.0,73,39,21,18th Lok Sabha,2.76,Janata Dal  (United),marginal,44.91224489795919,28.00884353741497,15.287755102040819,62.363490404568246,54.5818861875501
18th Lok Sabha,7,Lok Sabha,6,Bihar,57,PURNEA,3042317,RAJESH RANJAN ALIAS PAPPU YADAV,14.7,9.3829,9.1541,4.7775,4.78,0.0,101,99,46,18th Lok Sabha,1.99,Independent,marginal,63.829251700680274,62.27278911564626,32.5,97.5615214912234,52.189729192383744
18th Lok Sabha,7,Lok Sabha,6,Bihar,58,SASARAM(SC),3042319,MANOJ KUMAR,14.7,11.8888,8.7653,6.5388,7.62,0.0,129,107,79,18th Lok Sabha,1.75,Indian National Congress,marginal,80.87619047619047,59.62789115646259,44.481632653061226,73.72737366260682,74.59870169874391
18th Lok Sabha,7,Lok Sabha,6,Bihar,59,HAJIPUR(SC),3042310,CHIRAG PASWAN,14.7,8.6975,7.5975,3.9875,3.99,0.0,90,79,42,18th Lok Sabha,14.72,Lok Janshakti Party(Ram Vilas),competitive,59.16666666666667,51.683673469387756,27.125850340136054,87.3526875538948,52.484369858506085
18th Lok Sabha,7,Lok Sabha,6,Bihar,60,BHAGALPUR,3018351,Ajay Kumar Mandal,14.7,8.2749,8.1254,3.5874,4.19,0.0,74,73,35,18th Lok Sabha,9.86,Janata Dal  (United),competitive,56.29183673469388,55.274829931972796,24.404081632653064,98.19333164147,44.150441824402485
18th Lok Sabha,7,Lok Sabha,6,Bihar,61,JAHANABAD,3043221,SURENDRA PRASAD YADAV,14.7,9.7847,7.9197,3.0282,4.16,0.0,284,241,118,18th Lok Sabha,15.41,Rashtriya Janata Dal,safe,66.56258503401361,53.875510204081635,20.6,80.93963023904666,38.236296829425356
18th Lok Sabha,7,Lok Sabha,6,Bihar,62,JHANJHARPUR,3018360,Ramprit Mandal,14.7,14.6597,9.3902,9.1202,9.27,0.0,170,92,87,18th Lok Sabha,16.84,Janata Dal  (United),safe,99.72585034013606,63.87891156462585,62.04217687074831,64.05451680457308,97.12466188153608
18th Lok Sabha,7,Lok Sabha,6,Bihar,63,MADHUBANI,3018353,Ashok Kumar Yadav,14.7,9.2634,4.7644,4.5169,4.71,0.0,171,82,77,18th Lok Sabha,14.78,Bharatiya Janata Party,competitive,63.01632653061225,32.4108843537415,30.727210884353738,51.43251937733445,94.80522206363864
18th Lok Sabha,7,Lok Sabha,6,Bihar,64,NALANDA,3018354,Kaushalendra Kumar,14.7,5.7714,4.9464,3.4334,3.58,0.0,130,107,65,18th Lok Sabha,14.78,Janata Dal  (United),competitive,39.26122448979592,33.648979591836735,23.356462585034013,85.70537477908306,69.41209768720685
18th Lok Sabha,7,Lok Sabha,6,Bihar,65,MADHEPURA,3018975,Dinesh Chandra Yadav,15.01,10.0788,9.4288,8.7211,9.0,0.0,122,114,105,18th Lok Sabha,14.43,Janata Dal  (United),competitive,67.14723517654896,62.8167888074617,58.10193204530313,93.55081954200898,92.49427286611233
18th Lok Sabha,7,Lok Sabha,6,Bihar,66,MUNGER,3018357,Rajiv Ranjan (Lalan) Singh,14.7,0.1,0.0,0.0,0.0,0.0,1,0,0,18th Lok Sabha,7.1,Janata Dal  (United),competitive,0.6802721088435374,0.0,0.0,0.0,
18th Lok Sabha,7,Lok Sabha,6,Bihar,67,UJJARPUR,3021513,Nityanand Rai,14.7,5.1938,3.0413,0.9022,0.9022,0.0,90,61,28,18th Lok Sabha,5.77,Bharatiya Janata Party,competitive,35.331972789115646,20.689115646258504,6.137414965986395,58.5563556548192,29.664945911287933
18th Lok Sabha,7,Lok Sabha,6,Bihar,68,SAMASTIPUR(SC),3042318,SHAMBHAVI,14.7,8.9718,4.4818,0.1196,0.5188,0.0,133,59,1,18th Lok Sabha,17.11,Lok Janshakti Party(Ram Vilas),safe,61.03265306122449,30.48843537414966,0.8136054421768707,49.954301255043575,2.668570663572672
18th Lok Sabha,7,Lok Sabha,6,Bihar,69,BANKA,3018966,Giridhari Yadav,14.7,10.1948,9.7748,9.0001,9.35,0.0,90,88,80,18th Lok Sabha,10.24,Janata Dal  (United),competitive,69.35238095238095,66.49523809523811,61.22517006802721,95.88025267783577,92.07451814870892
18th Lok Sabha,7,Lok Sabha,6,Bihar,70,AURANGABAD_BR,3042307,ABHAY KUMAR SINHA,14.7,11.7778,8.7737,5.4909,5.9,0.0,232,171,123,18th Lok Sabha,8.36,Rashtriya Janata Dal,competitive,80.12108843537415,59.685034013605446,37.3530612244898,74.49353869143644,62.58363062334021
18th Lok Sabha,7,Lok Sabha,6,Bihar,71,KHAGARIA,3042314,RAJESH VERMA,14.7,8.1855,8.1855,7.2872,7.32,0.0,76,76,67,18th Lok Sabha,15.17,Lok Janshakti Party(Ram Vilas),safe,55.683673469387756,55.683673469387756,49.572789115646266,100.0,89.02571620548532
18th Lok Sabha,7,Lok Sabha,6,Bihar,72,SITAMARHI,3042320,DEVESH CHANDRA THAKUR,14.7,7.4894,4.5396,2.6488,3.59,0.0,202,130,96,18th Lok Sabha,4.69,Janata Dal  (United),marginal,50.94829931972789,30.881632653061228,18.01904761904762,60.61366731647396,58.34875319411402
18th Lok Sabha,7,Lok Sabha,6,Bihar,73,SUPAUL,3018359,Dileshwar Kamait,15.05,11.0216,9.5949,6.0629,6.35,0.0,92,82,46,18th Lok Sabha,13.79,Janata Dal  (United),competitive,73.23322259136211,63.75348837209303,40.28504983388704,87.0554184510416,63.188777371311836
18th Lok Sabha,7,Lok Sabha,6,Bihar,74,DARBHANGA,3018961,Mr Gopal Jee Thakur,14.7,4.3418,3.3718,2.4937,2.87,0.0,88,68,52,18th Lok Sabha,17.39,Bharatiya Janata Party,safe,29.53605442176871,22.937414965986395,16.963945578231293,77.65903542309641,73.95753010261582
18th Lok Sabha,7,Lok Sabha,6,Bihar,75,SARAN,3018356,Rajiv Pratap Rudy,14.7,0.925,0.2775,0.0,0.0,0.0,10,3,0,18th Lok Sabha,1.34,Bharatiya Janata Party,marginal,6.292517006802721,1.8877551020408168,0.0,30.000000000000004,0.0
18th Lok Sabha,7,Lok Sabha,6,Bihar,76,MAHARAJGANJ_BR,3017381,Shri Janardan Singh Sigriwal,14.7,7.3796,6.4126,1.8656,2.33,0.0,65,56,15,18th Lok Sabha,10.12,Bharatiya Janata Party,competitive,50.20136054421769,43.62312925170068,12.691156462585035,86.89630874302131,29.0927237002152
18th Lok Sabha,7,Lok Sabha,6,Bihar,77,BEGUSARAI,3018967,Giriraj Singh,14.7,4.3287,4.3287,2.0504,3.14,0.0,33,33,16,18th Lok Sabha,6.29,Bharatiya Janata Party,competitive,29.44693877551021,29.44693877551021,13.948299319727889,100.0,47.36756994016678
18th Lok Sabha,7,Lok Sabha,6,Bihar,78,VALMIKI NAGAR,3018972,Sunil Kumar,14.7,9.7829,7.9874,5.3121,6.0,0.0,120,99,68,18th Lok Sabha,8.96,Janata Dal  (United),competitive,66.55034013605442,54.33605442176871,36.13673469387756,81.64654652505904,66.50599694518867
18th Lok Sabha,7,Lok Sabha,6,Bihar,79,PASCHIM CHAMPARAN,3018960,Sanjay Jaiswal,14.7,0.0,0.0,0.0,0.0,0.0,0,0,0,18th Lok Sabha,12.57,Bharatiya Janata Party,competitive,0.0,0.0,0.0,,
18th Lok Sabha,7,Lok Sabha,6,Bihar,80,BUXAR,3042308,SUDHAKAR SINGH,16.99,16.2942,11.5972,9.7185,10.56,0.0,179,120,98,18th Lok Sabha,2.8,Rashtriya Janata Dal,marginal,95.90464979399648,68.25897586815775,57.20129487934079,71.17379190141277,83.80040009657503
18th Lok Sabha,7,Lok Sabha,6,Bihar,81,NAWADA,3044145,VIVEK THAKUR,14.7,0.5907,0.3249,0.0,0.1878,0.0,5,3,0,18th Lok Sabha,7.78,Bharatiya Janata Party,competitive,4.018367346938776,2.210204081632653,0.0,55.002539360081265,0.0
18th Lok Sabha,7,Lok Sabha,6,Bihar,82,GAYA (SC),3042309,JITAN RAM MANJHI,14.7,9.6804,7.7764,3.0231,3.46,0.0,260,231,113,18th Lok Sabha,10.56,Hindustani Awam Morcha (Secular),competitive,65.8530612244898,52.90068027210884,20.56530612244898,80.33139126482376,38.875315055809885
18th Lok Sabha,7,Lok Sabha,6,Bihar,83,GOPALGANJ (SC),3018350,Alok Kumar Suman,14.7,7.8454,6.0685,1.8503,4.37,0.0,85,67,18,18th Lok Sabha,11.96,Janata Dal  (United),competitive,53.370068027210884,41.282312925170075,12.587074829931973,77.3510592194152,30.49023646700173
18th Lok Sabha,7,Lok Sabha,7,Chandigarh,84,CHANDIGARH,3042323,MANISH TEWARI,17.84,6.5948,4.6473,1.2172,1.81,0.0,94,62,27,18th Lok Sabha,0.56,Indian National Congress,marginal,36.96636771300449,26.049887892376685,6.822869955156951,70.46915751804453,26.191552084005764
18th Lok Sabha,7,Lok Sabha,8,Chhattisgarh,85,RAIGARH(ST),3043391,RADHE SHYAM RATHIYA,14.7,9.7986,9.7486,4.7755,7.28,0.0,138,136,54,18th Lok Sabha,16.54,Bharatiya Janata Party,safe,66.65714285714286,66.3170068027211,32.48639455782313,99.48972302165615,48.98652114149724
18th Lok Sabha,7,Lok Sabha,8,Chhattisgarh,86,DURG,3018986,Vijay Baghel,14.7,8.9302,7.1065,1.865,4.47,0.0,172,145,60,18th Lok Sabha,28.4,Bharatiya Janata Party,safe,60.74965986394558,48.343537414965986,12.687074829931973,79.57828492083044,26.243579821290368
18th Lok Sabha,7,Lok Sabha,8,Chhattisgarh,87,KORBA,3018366,Jyotsna Charandas Mahant,15.52,10.5841,9.7491,3.2106,6.72,0.0,288,278,93,18th Lok Sabha,3.53,Indian National Congress,marginal,68.19652061855669,62.81636597938145,20.686855670103093,92.1108077210155,32.93227067113887
18th Lok Sabha,7,Lok Sabha,8,Chhattisgarh,88,KANKER(ST),3042327,BHOJRAJ NAG,16.47,5.15,4.5001,1.4553,3.08,0.0,72,63,23,18th Lok Sabha,0.15,Bharatiya Janata Party,marginal,31.268973891924713,27.32301153612629,8.836065573770492,87.38058252427183,32.33928134930335
18th Lok Sabha,7,Lok Sabha,8,Chhattisgarh,89,JANJGIR CHAMPA(SC),3042326,KAMLESH JANGDE,15.04,11.4662,9.8312,7.6172,8.53,0.0,344,278,159,18th Lok Sabha,4.31,Bharatiya Janata Party,marginal,76.23803191489363,65.36702127659575,50.64627659574469,85.74069874936771,77.47986003743185
18th Lok Sabha,7,Lok Sabha,8,Chhattisgarh,90,MAHASAMUND,3042328,ROOP KUMARI CHOUDHARY,15.3,10.1061,9.3861,3.5853,6.69,0.0,154,145,64,18th Lok Sabha,10.97,Bharatiya Janata Party,competitive,66.05294117647058,61.347058823529416,23.433333333333334,92.87558999020395,38.197973599258475
18th Lok Sabha,7,Lok Sabha,8,Chhattisgarh,91,BILASPUR,3042325,TOKHAN SAHU,14.7,9.4445,9.1445,1.8468,4.34,0.0,127,124,30,18th Lok Sabha,12.09,Bharatiya Janata Party,competitive,64.24829931972789,62.20748299319728,12.56326530612245,96.82354809677591,20.19574607687681
18th Lok Sabha,7,Lok Sabha,8,Chhattisgarh,92,BASTAR(ST),3042324,MAHESH KASHYAP,14.7,9.6474,9.4774,1.2626,5.4,0.0,172,168,31,18th Lok Sabha,5.48,Bharatiya Janata Party,competitive,65.62857142857142,64.47210884353741,8.589115646258502,98.2378671973796,13.322219174035073
18th Lok Sabha,7,Lok Sabha,8,Chhattisgarh,93,RAIPUR,3043392,BRIJMOHAN AGRAWAL,15.38,9.8,9.475,2.0276,6.4,0.0,131,128,27,18th Lok Sabha,36.26,Bharatiya Janata Party,safe,63.71911573472042,61.60598179453836,13.183355006501952,96.68367346938774,21.399472295514514
18th Lok Sabha,7,Lok Sabha,8,Chhattisgarh,94,RAJNANDGAON,3018365,Santosh Pandey,14.7,8.1006,7.5856,2.7813,4.58,0.0,172,160,52,18th Lok Sabha,3.07,Bharatiya Janata Party,marginal,55.10612244897959,51.60272108843538,18.920408163265307,93.64244623855024,36.665524151022986
18th Lok Sabha,7,Lok Sabha,8,Chhattisgarh,95,SARGUJA(ST),3043715,CHINTAMANI MAHARAJ,14.7,9.706,8.0647,1.2991,5.4,0.0,327,244,43,18th Lok Sabha,4.45,Bharatiya Janata Party,marginal,66.02721088435374,54.86190476190477,8.837414965986394,83.08984133525655,16.108472726821827
18th Lok Sabha,7,Lok Sabha,11,Delhi,98,NORTH WEST DELHI(SC),3045894,Yogendra Chandoliya,14.79,4.6147,3.9506,0.0929,0.3176,0.0,55,51,4,18th Lok Sabha,19.56,Bharatiya Janata Party,safe,31.20148749154835,26.71129141311697,0.6281271129141311,85.60903200641428,2.3515415379942284
18th Lok Sabha,7,Lok Sabha,11,Delhi,99,CHANDINI CHOWK,3045891,Praveen Khandelwal,14.75,5.1457,4.4806,0.3263,1.98,0.0,59,52,7,18th Lok Sabha,,,,34.88610169491525,30.376949152542373,2.212203389830508,87.07464484909731,7.282506807124045
18th Lok Sabha,7,Lok Sabha,11,Delhi,100,EAST DELHI,3045892,Harsh Malhotra,14.71,7.634,7.0254,0.4259,2.13,0.0,109,104,5,18th Lok Sabha,7.41,Bharatiya Janata Party,competitive,51.896668932698844,47.759347382732834,2.89530931339225,92.02777050039299,6.062288268283656
18th Lok Sabha,7,Lok Sabha,11,Delhi,101,NORTH EAST DELHI,3020007,Manoj Tiwari,22.58,5.5245,4.0211,0.2087,2.63,0.0,16,12,2,18th Lok Sabha,8.94,Bharatiya Janata Party,competitive,24.466341895482728,17.808237378210805,0.9242692648361382,72.78667752737803,5.190122105891423
18th Lok Sabha,7,Lok Sabha,11,Delhi,102,WEST DELHI,3045896,Kamaljeet Sehrawat,14.7,7.6287,4.5888,0.0,0.924,0.0,51,46,0,18th Lok Sabha,13.05,Bharatiya Janata Party,competitive,51.895918367346944,31.216326530612246,0.0,60.15179519446301,0.0
18th Lok Sabha,7,Lok Sabha,11,Delhi,103,NEW DELHI,3045893,Bansuri Swaraj,15.43,8.6824,4.7287,0.2454,1.92,0.0,110,71,4,18th Lok Sabha,9.25,Bharatiya Janata Party,competitive,56.2696046662346,30.646143875567077,1.5904082955281917,54.463051690776744,5.189586990081841
18th Lok Sabha,7,Lok Sabha,11,Delhi,104,SOUTH DELHI,3045895,Ramvir Singh Bidhuri,14.76,9.4245,9.4245,0.1522,1.87,0.0,100,100,2,18th Lok Sabha,9.59,Bharatiya Janata Party,competitive,63.85162601626017,63.85162601626017,1.0311653116531165,100.0,1.614939784603958
18th Lok Sabha,7,Lok Sabha,12,Goa,105,SOUTH GOA,3042329,CAPTAIN VIRIATO FERNANDES,14.7,9.6548,4.612,1.034,3.9,0.0,100,48,16,18th Lok Sabha,3.0,Indian National Congress,marginal,65.67891156462585,31.374149659863946,7.034013605442178,47.76898537515019,22.419774501300953
18th Lok Sabha,7,Lok Sabha,12,Goa,106,NORTH GOA,3018989,Shripad Yesso Naik,14.7,10.2061,1.6703,0.0,1.54,0.0,96,26,0,18th Lok Sabha,25.44,Bharatiya Janata Party,safe,69.42925170068027,11.362585034013605,0.0,16.365702863973507,0.0
18th Lok Sabha,7,Lok Sabha,27,Gujarat,107,BANASKANTHA,3043220,GENIBEN NAGAJI THAKOR,14.7,6.3527,4.4817,1.0347,1.96,0.0,137,103,27,18th Lok Sabha,2.21,Indian National Congress,marginal,43.215646258503405,30.48775510204082,7.038775510204082,70.54795598721805,23.087221366892027
18th Lok Sabha,7,Lok Sabha,27,Gujarat,108,VADODARA,3042336,DR. HEMANG JOSHI,14.7,9.6614,9.6614,3.7605,4.35,0.0,158,158,51,18th Lok Sabha,48.02,Bharatiya Janata Party,safe,65.72380952380954,65.72380952380954,25.581632653061227,100.0,38.92293042416213
18th Lok Sabha,7,Lok Sabha,27,Gujarat,109,PORBANDAR,3043487,DR. MANSUKH MANDAVIYA,14.7,8.8958,7.9208,1.6531,2.19,0.0,169,158,54,18th Lok Sabha,41.27,Bharatiya Janata Party,safe,60.5156462585034,53.88299319727891,11.245578231292518,89.03977157759842,20.87036662963337
18th Lok Sabha,7,Lok Sabha,27,Gujarat,110,MAHESANA,3042332,HARIBHAI PATEL,14.7,9.7988,7.8291,2.6606,3.32,0.0,497,386,142,18th Lok Sabha,30.46,Bharatiya Janata Party,safe,66.65850340136055,53.259183673469394,18.099319727891157,79.89855900722539,33.98347191886679
18th Lok Sabha,7,Lok Sabha,27,Gujarat,111,VALSAD(ST),3042337,DHAVAL LAXMANBHAI PATEL,14.7,8.3533,7.4954,2.8556,3.57,0.0,213,204,54,18th Lok Sabha,15.48,Bharatiya Janata Party,safe,56.82517006802722,50.989115646258504,19.425850340136055,89.72980738151388,38.09803346052245
18th Lok Sabha,7,Lok Sabha,27,Gujarat,112,AMRELI,3043225,BHARATBHAI MANUBHAI SUTARIYA,14.7,9.9628,9.3528,4.1342,5.09,0.0,275,262,126,18th Lok Sabha,36.63,Bharatiya Janata Party,safe,67.77414965986395,63.62448979591837,28.123809523809523,93.8772232705665,44.20280557693952
18th Lok Sabha,7,Lok Sabha,27,Gujarat,113,BARDOLI(ST),3018999,Prabhubhai Nagarbhai Vasava,14.7,9.4329,7.7801,1.9824,2.19,0.0,293,234,61,18th Lok Sabha,17.19,Bharatiya Janata Party,safe,64.16938775510204,52.92585034013606,13.485714285714286,82.47834706187916,25.48039228287554
18th Lok Sabha,7,Lok Sabha,27,Gujarat,114,SURAT,3042335,MUKESHKUMAR CHANDRAKAANT DALAL,14.7,7.805,3.2717,2.2023,2.44,0.0,171,142,88,18th Lok Sabha,,,,53.095238095238095,22.256462585034015,14.981632653061226,41.918001281229984,67.31362900021396
18th Lok Sabha,7,Lok Sabha,27,Gujarat,115,ANAND,3018996,Mitesh Rameshbhai Bakabhai Patel,14.7,9.462,8.5541,2.6758,3.28,0.0,443,409,134,18th Lok Sabha,7.7,Bharatiya Janata Party,competitive,64.36734693877551,58.191156462585035,18.20272108843538,90.40477700274784,31.28090623209923
18th Lok Sabha,7,Lok Sabha,27,Gujarat,116,DAHOD(ST),3018994,Jaswantsinh Sumanbhai Bhabhor,14.7,9.798,8.1655,0.7932,1.61,0.0,297,249,25,18th Lok Sabha,29.84,Bharatiya Janata Party,safe,66.65306122448979,55.547619047619044,5.3959183673469395,83.33843641559501,9.714040781336111
18th Lok Sabha,7,Lok Sabha,27,Gujarat,117,PATAN,3018991,Bharatsinhji Shankarji Dabhi,14.7,9.9999,7.0509,4.1469,5.58,0.0,273,196,115,18th Lok Sabha,2.67,Bharatiya Janata Party,marginal,68.0265306122449,47.965306122448986,28.21020408163265,70.50970509705097,58.81376845509083
18th Lok Sabha,7,Lok Sabha,27,Gujarat,118,SURENDRANAGAR,3043227,CHANDUBHAI CHHAGANBHAI SHIHORA,14.7,9.305,8.215,2.3938,4.5,0.0,209,194,65,18th Lok Sabha,23.12,Bharatiya Janata Party,safe,63.29931972789116,55.884353741496604,16.284353741496602,88.28586781300376,29.13937918441875
18th Lok Sabha,7,Lok Sabha,27,Gujarat,119,BHAVNAGAR,3043226,NIMUBEN JAYANTIBHAI BAMBHANIYA,14.7,5.9458,5.5368,1.7193,2.23,0.0,49,43,24,18th Lok Sabha,43.48,Bharatiya Janata Party,safe,40.44761904761905,37.66530612244899,11.69591836734694,93.12119479296311,31.052232336367577
18th Lok Sabha,7,Lok Sabha,27,Gujarat,120,JAMNAGAR,3019005,Smt Poonamben Hematbhai Maadam,14.7,6.0015,4.7015,0.6976,1.54,0.0,126,103,16,18th Lok Sabha,22.64,Bharatiya Janata Party,safe,40.8265306122449,31.982993197278915,4.745578231292518,78.3387486461718,14.837817717749655
18th Lok Sabha,7,Lok Sabha,27,Gujarat,121,NAVSARI,3018992,C R Patil,15.85,10.9414,10.8831,5.1647,5.36,0.0,369,368,237,18th Lok Sabha,57.8,Bharatiya Janata Party,safe,69.03091482649842,68.66309148264986,32.584858044164044,99.46716142358383,47.45614760500225
18th Lok Sabha,7,Lok Sabha,27,Gujarat,122,JUNAGADH,3017388,Rajeshbhai Naranbhai Chudasama,14.7,8.6373,8.1725,2.3239,4.63,0.0,258,247,70,18th Lok Sabha,12.68,Bharatiya Janata Party,competitive,58.75714285714286,55.595238095238095,15.808843537414967,94.61868871059244,28.435607219333132
18th Lok Sabha,7,Lok Sabha,27,Gujarat,123,KHEDA,3017181,Devusinh Jesingbhai Chauhan,14.7,9.6546,8.1994,3.3189,4.16,0.0,428,373,182,18th Lok Sabha,30.43,Bharatiya Janata Party,safe,65.67755102040817,55.77823129251701,22.577551020408166,84.92739212396164,40.47735200136596
18th Lok Sabha,7,Lok Sabha,27,Gujarat,124,AHMEDABAD EAST,3019002,Hasmukh Bhai Soma Bhai Patel,14.7,9.4768,5.3508,0.7572,1.53,0.0,161,78,16,18th Lok Sabha,40.92,Bharatiya Janata Party,safe,64.46802721088436,36.4,5.151020408163266,56.46209691034947,14.1511549674815
18th Lok Sabha,7,Lok Sabha,27,Gujarat,125,AHMEDABAD WEST(SC),3042330,DINESHBHAI MAKWANA,16.04,9.0061,6.9113,0.0,0.8,0.0,209,107,0,18th Lok Sabha,29.63,Bharatiya Janata Party,safe,56.147755610972574,43.08790523690773,0.0,76.74020941361965,0.0
18th Lok Sabha,7,Lok Sabha,27,Gujarat,126,GANDHINAGAR,3017389,Shri Amit Shah,14.7,5.3223,2.9353,0.3753,0.4147,0.0,118,43,20,18th Lok Sabha,56.34,Bharatiya Janata Party,safe,36.20612244897959,19.968027210884355,2.553061224489796,55.150968566221366,12.785745920348859
18th Lok Sabha,7,Lok Sabha,27,Gujarat,127,KACHCHH(SC),3019001,Vinod Chavda,14.7,9.5541,8.8291,1.8756,4.08,0.0,238,219,46,18th Lok Sabha,24.54,Bharatiya Janata Party,safe,64.9938775510204,60.06190476190477,12.759183673469389,92.41163479553282,21.24338834082749
18th Lok Sabha,7,Lok Sabha,27,Gujarat,128,RAJKOT,3042334,PARSHOTTAMBHAI RUPALA,14.7,9.466,7.1325,2.7067,3.02,0.0,211,174,59,18th Lok Sabha,38.02,Bharatiya Janata Party,safe,64.39455782312925,48.52040816326531,18.41292517006803,75.34861609972533,37.948825797406236
18th Lok Sabha,7,Lok Sabha,27,Gujarat,129,SABARKANTHA,3043222,SHOBHANABEN MAHENDRASINH BARAIYA,14.7,9.6456,8.5152,1.9262,4.35,0.0,269,240,52,18th Lok Sabha,12.26,Bharatiya Janata Party,competitive,65.61632653061224,57.926530612244896,13.103401360544218,88.2806668325454,22.620725291243893
18th Lok Sabha,7,Lok Sabha,27,Gujarat,130,CHHOTA UDAIPUR(ST),3042331,JASHUBHAI BHILUBHAI RATHVA,14.7,10.6622,10.1052,2.4787,2.74,0.0,347,338,73,18th Lok Sabha,31.46,Bharatiya Janata Party,safe,72.53197278911566,68.74285714285715,16.861904761904764,94.77593742379621,24.528955389304517
18th Lok Sabha,7,Lok Sabha,27,Gujarat,131,PANCHMAHAL,3042333,RAJPALSINH MAHENDRASINH JADAV,14.7,9.6232,6.4662,0.8132,1.77,0.0,459,312,33,18th Lok Sabha,45.01,Bharatiya Janata Party,safe,65.4639455782313,43.98775510204082,5.531972789115647,67.19386482666889,12.576165290278682
18th Lok Sabha,7,Lok Sabha,27,Gujarat,132,BHARUCH,3018995,Mansukhbhai Dhanjibhai Vasava,14.7,9.7606,9.1856,5.1524,5.75,0.0,365,356,171,18th Lok Sabha,7.15,Bharatiya Janata Party,competitive,66.39863945578232,62.48707482993198,35.05034013605442,94.1089687109399,56.09214422574464
18th Lok Sabha,7,Lok Sabha,14,Haryana,133,SONEPAT,3042345,SATPAL BRAHAMCHARI,14.7,9.6421,6.2266,0.539,2.08,0.0,146,100,6,18th Lok Sabha,1.94,Indian National Congress,marginal,65.59251700680272,42.357823129251706,3.6666666666666674,64.57721865568705,8.656409597533164
18th Lok Sabha,7,Lok Sabha,14,Haryana,134,KURUKSHETRA,3042342,NAVEEN JINDAL,14.7,7.9807,7.7507,2.6948,5.29,0.0,197,192,92,18th Lok Sabha,2.41,Bharatiya Janata Party,marginal,54.29047619047619,52.72585034013606,18.331972789115646,97.11804728908493,34.76847252506224
18th Lok Sabha,7,Lok Sabha,14,Haryana,135,HISAR,3042340,JAI PARKASH,14.7,11.9254,9.0609,1.2116,4.97,0.0,386,249,59,18th Lok Sabha,5.4,Indian National Congress,competitive,81.12517006802722,61.638775510204084,8.242176870748299,75.97984134704078,13.3717401141167
18th Lok Sabha,7,Lok Sabha,14,Haryana,136,KARNAL,3042341,MANOHAR LAL,14.7,3.0524,2.9024,0.0,0.3566,0.0,19,18,0,18th Lok Sabha,17.28,Bharatiya Janata Party,safe,20.76462585034014,19.74421768707483,0.0,95.08583409775915,0.0
18th Lok Sabha,7,Lok Sabha,14,Haryana,137,SIRSA(SC),3042344,SELJA,14.7,8.5225,6.3434,0.8696,1.54,0.0,259,200,45,18th Lok Sabha,19.82,Indian National Congress,safe,57.97619047619049,43.15238095238096,5.915646258503402,74.4312114989733,13.708736639656967
18th Lok Sabha,7,Lok Sabha,14,Haryana,138,GURGAON,3018368,Rao Inderjit Singh,14.7,4.7927,4.6827,0.7933,2.03,0.0,46,45,6,18th Lok Sabha,4.69,Bharatiya Janata Party,marginal,32.60340136054422,31.855102040816327,5.3965986394557826,97.70484278173055,16.94108100027762
18th Lok Sabha,7,Lok Sabha,14,Haryana,139,AMBALA (SC),3042338,VARUN CHAUDHRY,14.7,9.1089,7.7264,0.04,1.9,0.0,118,99,2,18th Lok Sabha,3.64,Indian National Congress,marginal,61.96530612244898,52.560544217687074,0.272108843537415,84.8225362008585,0.5177055290950507
18th Lok Sabha,7,Lok Sabha,14,Haryana,140,FARIDABAD,3019007,Krishan Pal Gurjar,14.7,5.974,3.3129,0.08,1.31,0.0,72,40,1,18th Lok Sabha,11.75,Bharatiya Janata Party,competitive,40.63945578231293,22.536734693877552,0.54421768707483,55.45530632741882,2.414802740801111
18th Lok Sabha,7,Lok Sabha,14,Haryana,141,BHIWANI MAHENDRAGARH,3017394,Shri  Dharambir Singh,14.7,8.5371,6.8799,3.8537,5.34,0.0,190,156,97,18th Lok Sabha,3.51,Bharatiya Janata Party,marginal,58.07551020408164,46.80204081632653,26.2156462585034,80.58825596514038,56.013895550807426
18th Lok Sabha,7,Lok Sabha,14,Haryana,142,ROHTAK,3042343,DEEPENDER SINGH HOODA,14.7,9.6095,8.4945,1.7859,4.88,0.0,142,127,32,18th Lok Sabha,27.66,Indian National Congress,safe,65.37074829931973,57.78571428571429,12.148979591836735,88.3968989021281,21.024192124315732
18th Lok Sabha,7,Lok Sabha,15,Himachal Pradesh,143,HAMIRPUR_HP,3018369,Anurag Singh Thakur,14.96,3.1555,3.0255,0.2838,1.53,0.0,199,189,21,18th Lok Sabha,17.41,Bharatiya Janata Party,safe,21.092914438502675,20.22393048128342,1.8970588235294117,95.88020915861195,9.380267724343083
18th Lok Sabha,7,Lok Sabha,15,Himachal Pradesh,144,KANGRA,3042347,RAJEEV BHARDWAJ,17.94,12.8671,11.2068,2.2375,7.43,0.0,518,463,113,18th Lok Sabha,24.29,Bharatiya Janata Party,safe,71.72296544035675,62.46822742474915,12.472129319955405,87.09654856183599,19.96555662633401
18th Lok Sabha,7,Lok Sabha,15,Himachal Pradesh,145,SHIMLA (SC),3019014,Suresh Kumar Kashyap,15.36,10.3305,10.2768,1.0435,8.68,0.0,505,502,42,18th Lok Sabha,9.43,Bharatiya Janata Party,competitive,67.25585937500001,66.90625,6.793619791666668,99.48018004936837,10.153938969328975
18th Lok Sabha,7,Lok Sabha,15,Himachal Pradesh,146,MANDI,3043229,Kangana Ranaut,14.7,9.2201,8.3701,0.1338,3.6,0.0,315,286,10,18th Lok Sabha,7.36,Bharatiya Janata Party,competitive,62.721768707482994,56.93945578231293,0.9102040816326532,90.78101105194088,1.598547209710756
18th Lok Sabha,7,Lok Sabha,16,Jammu And Kashmir,147,ANANTNAG,3042348,MIAN ALTAF AHMAD,14.7,9.0591,8.2421,0.1831,1.89,0.0,59,52,5,18th Lok Sabha,27.46,Jammu & Kashmir National Conference,safe,61.626530612244906,56.068707482993204,1.2455782312925172,90.98144407281076,2.221521214253649
18th Lok Sabha,7,Lok Sabha,16,Jammu And Kashmir,148,UDHAMPUR,3019016,Jitendra Singh,14.7,10.0053,7.2703,3.2174,4.12,0.0,333,265,174,18th Lok Sabha,11.17,Bharatiya Janata Party,competitive,68.06326530612245,49.4578231292517,21.887074829931976,72.66448782145463,44.25401977910128
18th Lok Sabha,7,Lok Sabha,16,Jammu And Kashmir,149,BARAMULLAH,3044682,ABDUL RASHID SHEIKH,14.7,5.5383,4.4405,0.4756,2.03,0.0,124,91,12,18th Lok Sabha,19.74,Independent,safe,37.67551020408163,30.20748299319728,3.2353741496598643,80.1780329704061,10.710505573696656
18th Lok Sabha,7,Lok Sabha,16,Jammu And Kashmir,150,JAMMU,3017396,Shri Jugal Kishore Sharma,14.7,10.1543,8.452,0.7162,1.96,0.0,193,164,25,18th Lok Sabha,10.41,Bharatiya Janata Party,competitive,69.07687074829931,57.49659863945579,4.872108843537415,83.23567355701526,8.473734027449124
18th Lok Sabha,7,Lok Sabha,16,Jammu And Kashmir,151,SRINAGAR,3042349,AGA SYED RUHULLAH MEHDI,14.7,7.2326,5.3555,0.5331,1.58,0.0,163,127,19,18th Lok Sabha,27.9,Jammu & Kashmir National Conference,safe,49.201360544217685,36.431972789115655,3.626530612244898,74.04667754334542,9.954252637475493
18th Lok Sabha,7,Lok Sabha,17,Jharkhand,152,HAZARIBAGH,3042352,MANISH JAISWAL,14.7,9.7088,1.55,0.0,0.0,0.0,195,31,0,18th Lok Sabha,21.88,Bharatiya Janata Party,safe,66.04625850340136,10.54421768707483,0.0,15.964897824653923,0.0
18th Lok Sabha,7,Lok Sabha,17,Jharkhand,153,GODDA,3019020,Nishikant Dubey,14.7,0.4286,0.1786,0.0,0.1786,0.0,2,1,0,18th Lok Sabha,7.28,Bharatiya Janata Party,competitive,2.9156462585034015,1.2149659863945579,0.0,41.67055529631358,0.0
18th Lok Sabha,7,Lok Sabha,17,Jharkhand,154,DHANBAD,3042351,DULU MAHATO,14.7,8.8308,6.1334,2.0745,4.06,0.0,240,167,55,18th Lok Sabha,23.22,Bharatiya Janata Party,safe,60.07346938775511,41.72380952380953,14.112244897959183,69.4546360465643,33.82300192389213
18th Lok Sabha,7,Lok Sabha,17,Jharkhand,155,GIRIDIH,3017399,Shri Chandra Prakash Choudhary,14.7,9.7952,8.392,0.8044,4.71,0.0,632,594,29,18th Lok Sabha,6.39,AJSU Party,competitive,66.63401360544218,57.08843537414966,5.4721088435374154,85.67461613851683,9.585319351763586
18th Lok Sabha,7,Lok Sabha,17,Jharkhand,156,SINGHBHUM(ST),3042356,JOBA MAJHI,14.7,7.8211,6.003,0.0,4.64,0.0,118,88,0,18th Lok Sabha,16.71,Jharkhand Mukti Morcha,safe,53.20476190476191,40.83673469387755,0.0,76.75390929664624,0.0
18th Lok Sabha,7,Lok Sabha,17,Jharkhand,157,LOHARDAGA(ST),3042354,SUKHDEO BHAGAT,17.18,15.9265,14.3287,3.1199,13.1,0.0,285,269,50,18th Lok Sabha,14.39,Indian National Congress,competitive,92.70372526193249,83.4033760186263,18.160069848661234,89.96766395629923,21.773782687892133
18th Lok Sabha,7,Lok Sabha,17,Jharkhand,158,RANCHI,3018372,Sanjay Seth,14.71,9.7793,9.7793,2.9565,8.22,0.0,150,150,49,18th Lok Sabha,8.32,Bharatiya Janata Party,competitive,66.48062542488103,66.48062542488103,20.098572399728077,100.0,30.232225210393388
18th Lok Sabha,7,Lok Sabha,17,Jharkhand,159,DUMKA(ST),3043223,NALIN SOREN,14.74,12.1125,9.5325,1.11,7.47,0.0,377,286,36,18th Lok Sabha,1.9,Jharkhand Mukti Morcha,marginal,82.17435549525102,64.67096336499323,7.530529172320218,78.69969040247679,11.644374508261212
18th Lok Sabha,7,Lok Sabha,17,Jharkhand,160,CHATRA,3042350,KALI CHARAN SINGH,14.7,9.7999,9.1549,0.0299,3.01,0.0,476,450,1,18th Lok Sabha,20.34,Bharatiya Janata Party,safe,66.66598639455782,62.27823129251701,0.20340136054421767,93.4183001867366,0.32660105517263976
18th Lok Sabha,7,Lok Sabha,17,Jharkhand,161,JAMSHEDPUR,3019022,Bidyut Baran Mahato,14.7,9.7972,9.7972,0.0,7.35,0.0,173,173,0,18th Lok Sabha,20.33,Bharatiya Janata Party,safe,66.64761904761906,66.64761904761906,0.0,100.0,0.0
18th Lok Sabha,7,Lok Sabha,17,Jharkhand,162,PALAMU(SC),3018374,Vishnu Dayal Ram,15.82,10.6956,8.0681,1.7107,6.45,0.0,253,182,38,18th Lok Sabha,20.77,Bharatiya Janata Party,safe,67.60809102402024,50.99936788874842,10.813527180783819,75.43382325442236,21.203257272468118
18th Lok Sabha,7,Lok Sabha,17,Jharkhand,163,RAJMAHAL(ST),3019023,Vijay Kumar Hansdak,14.72,8.977,5.2782,0.0,2.02,0.0,458,293,0,18th Lok Sabha,14.63,Jharkhand Mukti Morcha,competitive,60.985054347826086,35.85733695652174,0.0,58.796925476217005,0.0
18th Lok Sabha,7,Lok Sabha,17,Jharkhand,164,KHUNTI(ST),3042353,KALI CHARAN MUNDA,14.7,9.7981,8.7981,0.825,7.63,0.0,265,165,13,18th Lok Sabha,15.98,Indian National Congress,safe,66.65374149659864,59.851020408163265,5.612244897959184,89.79393964135903,9.377024584853547
18th Lok Sabha,7,Lok Sabha,17,Jharkhand,165,KODARMA,3018370,Annpurna Devi,16.67,10.1232,6.7735,2.0486,3.39,0.0,335,225,71,18th Lok Sabha,27.52,Bharatiya Janata Party,safe,60.72705458908218,40.63287342531493,12.289142171565684,66.91066066066065,30.244334539012325
18th Lok Sabha,7,Lok Sabha,18,Karnataka,166,BANGALORE RURAL,3042357,DR C N MANJUNATH,14.7,9.6654,6.3342,1.7638,5.15,0.05,200,128,36,18th Lok Sabha,14.05,Bharatiya Janata Party,competitive,65.75102040816327,43.089795918367344,11.998639455782314,65.5347942144143,27.845663225032364
18th Lok Sabha,7,Lok Sabha,18,Karnataka,167,BELLARY(ST),3042359,E. TUKARAM,14.7,9.8,2.06,0.0,0.9473,0.0,91,20,0,18th Lok Sabha,7.12,Indian National Congress,competitive,66.66666666666667,14.013605442176871,0.0,21.020408163265305,0.0
18th Lok Sabha,7,Lok Sabha,18,Karnataka,168,RAICHUR(ST),3042373,G. KUMAR NAIK,14.7,8.0496,3.6996,0.5496,2.19,0.0,107,50,7,18th Lok Sabha,6.14,Indian National Congress,competitive,54.759183673469394,25.167346938775513,3.738775510204082,45.96004770423376,14.855660071359065
18th Lok Sabha,7,Lok Sabha,18,Karnataka,169,BAGALKOT,3019034,Parvatagouda Chandanagouda Gaddigoudar,14.7,9.729,8.529,1.099,4.82,0.0,183,162,22,18th Lok Sabha,5.19,Bharatiya Janata Party,competitive,66.18367346938776,58.02040816326531,7.476190476190476,87.66574159728647,12.885449642396528
18th Lok Sabha,7,Lok Sabha,18,Karnataka,170,KOPPAL,3042370,K. RAJASHEKAR BASAVARAJ HITNAL,14.7,9.751,7.196,1.909,5.9,0.0,180,121,41,18th Lok Sabha,3.49,Indian National Congress,marginal,66.33333333333333,48.952380952380956,12.98639455782313,73.79755922469491,26.52862701500834
18th Lok Sabha,7,Lok Sabha,18,Karnataka,171,CHIKBALLAPUR,3042362,DR.K.SUDHAKAR,14.7,10.4676,5.1596,0.2996,2.43,0.0,160,83,10,18th Lok Sabha,,,,71.20816326530613,35.099319727891164,2.038095238095238,49.291146012457496,5.806651678424683
18th Lok Sabha,7,Lok Sabha,18,Karnataka,172,GULBARGA(SC),3042366,RADHAKRISHNA,14.7,9.8,1.61,0.0,0.0,0.0,29,3,0,18th Lok Sabha,2.08,Indian National Congress,marginal,66.66666666666667,10.952380952380953,0.0,16.428571428571427,0.0
18th Lok Sabha,7,Lok Sabha,18,Karnataka,173,DAKSHINA KANNADA,3042364,CAPTAIN BRIJESH CHOWTA,14.7,9.4617,6.4167,2.9637,3.64,0.0,205,140,63,18th Lok Sabha,10.54,Bharatiya Janata Party,competitive,64.36530612244898,43.65102040816326,20.16122448979592,67.81762262595515,46.18729253354528
18th Lok Sabha,7,Lok Sabha,18,Karnataka,174,SHIMOGA,3017402,Shri B Y Raghavendra,14.7,9.7661,7.6146,1.7471,6.13,0.0,248,191,40,18th Lok Sabha,17.7,Bharatiya Janata Party,safe,66.43605442176872,51.800000000000004,11.885034013605443,77.96971155323006,22.944081107346413
18th Lok Sabha,7,Lok Sabha,18,Karnataka,175,BELGAUM,3042358,JAGADISH SHETTAR,14.7,8.95,0.45,0.0,0.3377,0.0,165,8,0,18th Lok Sabha,12.89,Bharatiya Janata Party,competitive,60.8843537414966,3.0612244897959187,0.0,5.027932960893855,0.0
18th Lok Sabha,7,Lok Sabha,18,Karnataka,176,CHIKKODI,3043717,PRIYANKA SATISH JARKIHOLI,14.7,8.6061,1.4311,0.6861,1.34,0.0,148,19,8,18th Lok Sabha,6.52,Indian National Congress,competitive,58.54489795918368,9.735374149659865,4.66734693877551,16.6289027550226,47.94214240793795
18th Lok Sabha,7,Lok Sabha,18,Karnataka,177,MYSORE,3042372,YADUVEER KRISHNADATTA CHAMARAJA WADIYAR,14.7,9.765,5.965,0.9,4.59,0.0,162,97,14,18th Lok Sabha,9.38,Bharatiya Janata Party,competitive,66.42857142857143,40.57823129251701,6.122448979591837,61.08550947260624,15.088013411567477
18th Lok Sabha,7,Lok Sabha,18,Karnataka,178,UDUPI CHIKMAGALUR,3042375,KOTA SRINIVAS POOJARY,14.7,9.769,4.146,1.761,2.96,0.0,262,103,40,18th Lok Sabha,21.08,Bharatiya Janata Party,safe,66.45578231292517,28.20408163265306,11.979591836734693,42.44037260722694,42.474674384949346
18th Lok Sabha,7,Lok Sabha,18,Karnataka,179,HASSAN,3042367,SHREYAS. M. PATEL,14.7,9.7316,7.3676,0.2387,4.32,0.0,192,146,5,18th Lok Sabha,3.15,Indian National Congress,marginal,66.20136054421769,50.119727891156465,1.623809523809524,75.70800279501829,3.2398610130843153
18th Lok Sabha,7,Lok Sabha,18,Karnataka,180,HAVERI,3042368,BASAVARAJ BOMMAI,14.7,9.595,6.5,0.56,4.99,0.0,159,110,8,18th Lok Sabha,3.12,Bharatiya Janata Party,marginal,65.27210884353742,44.21768707482993,3.80952380952381,67.74361646690984,8.615384615384617
18th Lok Sabha,7,Lok Sabha,18,Karnataka,181,BANGALORE NORTH,3043716,SHOBHA KARANDLAJE,14.7,9.7984,5.3294,0.2494,3.44,0.0,97,51,5,18th Lok Sabha,14.81,Bharatiya Janata Party,competitive,66.65578231292518,36.25442176870748,1.6965986394557824,54.39051273677334,4.6797012796937745
18th Lok Sabha,7,Lok Sabha,18,Karnataka,182,BANGALORE SOUTH,3017406,Shri LS Tejasvi Surya,14.7,9.4093,4.7593,0.3493,3.24,0.0,101,47,7,18th Lok Sabha,22.18,Bharatiya Janata Party,safe,64.00884353741496,32.37619047619047,2.376190476190476,50.58080834918644,7.339314605088984
18th Lok Sabha,7,Lok Sabha,18,Karnataka,183,BANGALORE CENTRAL,3019529,P C Mohan,16.0,2.1927,0.534,0.474,0.534,0.0,12,2,1,18th Lok Sabha,2.48,Bharatiya Janata Party,marginal,13.704374999999999,3.3375000000000004,2.9625,24.35353673553154,88.76404494382022
18th Lok Sabha,7,Lok Sabha,18,Karnataka,184,BIDAR,3042360,SAGAR ESHWAR KHANDRE,14.7,7.6813,3.4616,0.0,0.8703,0.0,137,80,0,18th Lok Sabha,10.37,Indian National Congress,competitive,52.25374149659864,23.54829931972789,0.0,45.06528842774009,0.0
18th Lok Sabha,7,Lok Sabha,18,Karnataka,185,KOLAR(SC),3042369,M. MALLESH BABU,14.71,5.2853,4.2295,0.2995,3.52,0.0,83,68,2,18th Lok Sabha,5.27,Janata Dal  (Secular),competitive,35.92997960571041,28.752549286199862,2.036029911624745,80.02383970635536,7.081215273673011
18th Lok Sabha,7,Lok Sabha,18,Karnataka,186,DAVANAGERE,3042365,DR. PRABHA MALLIKARJUN,14.7,9.31,4.3,0.48,3.48,0.0,96,42,4,18th Lok Sabha,1.98,Indian National Congress,marginal,63.333333333333336,29.251700680272112,3.2653061224489797,46.18689581095596,11.162790697674419
18th Lok Sabha,7,Lok Sabha,18,Karnataka,187,DHARWAD,3019036,Pralhad Venkatesh Joshi,14.7,8.9945,3.4045,0.7995,1.61,0.0,191,78,18,18th Lok Sabha,7.12,Bharatiya Janata Party,competitive,61.18707482993198,23.15986394557823,5.438775510204082,37.85090888876535,23.483624614480835
18th Lok Sabha,7,Lok Sabha,18,Karnataka,188,MANDYA,3042371,H.D. KUMARASWAMY,14.7,9.55,4.6,0.0,4.01,0.0,147,69,0,18th Lok Sabha,19.49,Janata Dal  (Secular),safe,64.96598639455783,31.29251700680272,0.0,48.1675392670157,0.0
18th Lok Sabha,7,Lok Sabha,18,Karnataka,189,TUMKUR,3042374,V. SOMANNA,14.7,6.4919,3.4,0.0,2.25,0.0,54,18,0,18th Lok Sabha,13.47,Bharatiya Janata Party,competitive,44.16258503401361,23.129251700680275,0.0,52.37295706957901,0.0
18th Lok Sabha,7,Lok Sabha,18,Karnataka,190,CHAMARAJANAGAR(SC),3042361,SUNIL BOSE,14.7,9.505,4.07,0.0,3.26,0.0,114,49,0,18th Lok Sabha,13.78,Indian National Congress,competitive,64.65986394557824,27.687074829931973,0.0,42.81956864807995,0.0
18th Lok Sabha,7,Lok Sabha,18,Karnataka,191,BIJAPUR(SC),3019039,Ramesh Chandappa Jigajinagi,26.95,8.827,2.026,0.0,1.11,0.0,279,55,0,18th Lok Sabha,5.96,Bharatiya Janata Party,competitive,32.753246753246756,7.517625231910945,0.0,22.952305426532227,0.0
18th Lok Sabha,7,Lok Sabha,18,Karnataka,192,CHITRADURGA(SC),3042363,GOVIND MAKTHAPPA KARJOL,14.7,9.8,5.92,0.05,3.42,0.0,184,115,1,18th Lok Sabha,3.52,Bharatiya Janata Party,marginal,66.66666666666667,40.27210884353742,0.3401360544217687,60.408163265306115,0.8445945945945946
18th Lok Sabha,7,Lok Sabha,18,Karnataka,193,UTTARA KANNADA,3042376,VISHWESHWAR HEGDE KAGERI,14.7,7.71,3.1225,0.0,2.86,0.0,112,45,0,18th Lok Sabha,26.72,Bharatiya Janata Party,safe,52.44897959183674,21.241496598639458,0.0,40.49935149156939,0.0
18th Lok Sabha,7,Lok Sabha,36,Kerala,194,KANNUR,3017416,Shri Kumbakudi Sudhakaran,14.7,9.7654,3.9562,1.2526,2.09,0.0,268,126,52,18th Lok Sabha,10.24,Indian National Congress,competitive,66.43129251700681,26.91292517006803,8.52108843537415,40.5124214061892,31.661695566452654
18th Lok Sabha,7,Lok Sabha,36,Kerala,195,THIRUVANANTHAPURAM,3017408,Dr Shashi Tharoor,14.7,9.5008,9.2008,2.9983,3.26,0.0,114,113,33,18th Lok Sabha,1.67,Indian National Congress,marginal,64.63129251700681,62.59047619047619,20.39659863945578,96.84237116874368,32.587383705764715
18th Lok Sabha,7,Lok Sabha,36,Kerala,196,ATTINGAL,3017411,Adv Adoor Prakash,14.7,9.793,9.3877,1.9365,2.16,0.0,369,356,79,18th Lok Sabha,0.07,Indian National Congress,marginal,66.61904761904762,63.861904761904775,13.173469387755103,95.8613295210865,20.628055860327876
18th Lok Sabha,7,Lok Sabha,36,Kerala,197,WAYANAD,3049648,Priyanka Gandhi Vadra,12.25,7.3371,5.1571,0.2921,3.05,0.0,62,37,2,18th Lok Sabha,33.6,Indian National Congress,safe,59.89469387755102,42.098775510204085,2.3844897959183675,70.28798844230009,5.664035989218747
18th Lok Sabha,7,Lok Sabha,36,Kerala,198,PATHANAMTHITTA,3019048,Anto Antony,14.7,9.7077,5.6955,1.222,2.03,0.0,266,161,50,18th Lok Sabha,7.19,Indian National Congress,competitive,66.03877551020409,38.744897959183675,8.312925170068027,58.669921814641974,21.455535071547715
18th Lok Sabha,7,Lok Sabha,36,Kerala,199,ERNAKULAM,3017417,Shri Hibi Eden,14.7,9.6963,7.1333,1.3956,2.29,0.0,99,66,15,18th Lok Sabha,27.5,Indian National Congress,safe,65.96122448979592,48.52585034013606,9.49387755102041,73.56723698730444,19.56457740456731
18th Lok Sabha,7,Lok Sabha,36,Kerala,200,CHALAKUDY,3017413,Shri Benny Behanan,14.7,9.8111,5.4801,0.9651,2.14,0.0,150,69,6,18th Lok Sabha,6.7,Indian National Congress,competitive,66.74217687074831,37.279591836734696,6.5653061224489795,55.8561221473637,17.610992500136856
18th Lok Sabha,7,Lok Sabha,36,Kerala,201,KASARAGOD,3017415,Shri Rajmohan Unnithan,15.68,6.2067,4.6409,1.1215,2.05,0.0,161,140,50,18th Lok Sabha,9.05,Indian National Congress,competitive,39.58354591836734,29.597576530612248,7.152423469387755,74.77242334896161,24.165571333146584
18th Lok Sabha,7,Lok Sabha,36,Kerala,202,KOTTAYAM,3042378,ADV K FRANCIS GEORGE,18.87,9.5471,7.7301,1.4789,2.34,0.0,203,170,27,18th Lok Sabha,10.44,Kerala Congress,competitive,50.59406465288818,40.965023847376784,7.837307896131426,80.96804265169527,19.131705928771947
18th Lok Sabha,7,Lok Sabha,36,Kerala,203,MALAPPURAM,3042789,E.T. MOHAMMED BASHEER,16.39,6.6604,4.8054,0.2044,1.12,0.0,122,86,6,18th Lok Sabha,27.66,Indian Union Muslim League,safe,40.63697376449054,29.319097010372175,1.2471018913971934,72.14881989069725,4.253548091730138
18th Lok Sabha,7,Lok Sabha,36,Kerala,204,PONNANI,3042790,DR. M.P ABDUSSAMAD SAMADANI,17.04,11.7675,3.6851,0.1316,0.3417,0.0,240,113,7,18th Lok Sabha,22.97,Indian Union Muslim League,safe,69.0580985915493,21.626173708920188,0.7723004694835681,31.315912470788188,3.5711378252964643
18th Lok Sabha,7,Lok Sabha,36,Kerala,205,VADAKARA,3042380,SHAFI PARAMBIL,14.7,9.1212,2.7847,0.1512,0.9095,0.5,218,80,15,18th Lok Sabha,10.2,Indian National Congress,competitive,62.04897959183674,18.943537414965984,1.0285714285714287,30.52997412621146,5.42966926419363
18th Lok Sabha,7,Lok Sabha,36,Kerala,206,KOZHIKODE,3017409,Shri M K Raghavan,14.7,9.7727,2.154,0.143,0.2584,0.0,273,51,4,18th Lok Sabha,13.41,Indian National Congress,competitive,66.48095238095239,14.653061224489795,0.9727891156462585,22.040991742302534,6.638811513463324
18th Lok Sabha,7,Lok Sabha,36,Kerala,207,ALAPPUZHA,3042377,K. C VENUGOPAL,14.7,8.5649,5.8082,1.3236,3.33,0.0,88,64,18,18th Lok Sabha,6.0,Indian National Congress,competitive,58.26462585034014,39.51156462585035,9.004081632653062,67.81398498523042,22.788471471368066
18th Lok Sabha,7,Lok Sabha,36,Kerala,208,MAVELIKKARA(SC),3017412,Shri Suresh Kodikunnil,17.24,11.7027,8.2222,1.153,3.13,0.0,162,122,26,18th Lok Sabha,1.21,Indian National Congress,marginal,67.88109048723898,47.69257540603249,6.687935034802785,70.25900005981526,14.023010873002358
18th Lok Sabha,7,Lok Sabha,36,Kerala,209,KOLLAM,3017410,Shri NK Premachandran,17.15,13.0151,11.7572,1.6614,3.82,0.2,182,162,23,18th Lok Sabha,16.41,Revolutionary Socialist Party,safe,75.88979591836735,68.55510204081634,9.687463556851313,90.33507233905233,14.130915524104378
18th Lok Sabha,7,Lok Sabha,36,Kerala,210,THRISSUR,3042379,SURESH GOPI,14.7,8.4773,6.8872,1.0327,1.24,0.0,70,52,12,18th Lok Sabha,6.85,Bharatiya Janata Party,competitive,57.6687074829932,46.85170068027211,7.025170068027211,81.24284854847653,14.994482518294808
18th Lok Sabha,7,Lok Sabha,36,Kerala,211,ALATHUR(SC),3043393,K RADHAKRISHNAN,14.7,11.8399,9.3259,1.443,1.69,0.25,163,130,11,18th Lok Sabha,2.03,Communist Party of India  (Marxist),marginal,80.543537414966,63.44149659863946,9.816326530612246,78.76671255669389,15.473037454830097
18th Lok Sabha,7,Lok Sabha,36,Kerala,212,PALAKKAD,3018377,Vellalath Kochukrishnan Nair Sreekandan,14.7,9.2559,6.7056,1.3583,3.0,0.0,205,149,53,18th Lok Sabha,7.27,Indian National Congress,competitive,62.965306122448986,45.61632653061224,9.24013605442177,72.44676368586522,20.2562037699833
18th Lok Sabha,7,Lok Sabha,36,Kerala,213,IDUKKI,3017418,Adv Dean Kuriakose,14.7,9.614,8.2447,4.3846,5.09,0.0,153,133,88,18th Lok Sabha,15.91,Indian National Congress,safe,65.4013605442177,56.086394557823134,29.827210884353743,85.7572290409819,53.180831321940154
18th Lok Sabha,7,Lok Sabha,130,Ladakh,214,LADAKH,3043914,Mohamed Haneefa,16.11,1.1208,0.9308,0.0,0.3935,0.0,14,11,0,18th Lok Sabha,20.56,Independent,safe,6.957169459962756,5.777777777777778,0.0,83.04782298358315,0.0
18th Lok Sabha,7,Lok Sabha,19,Lakshadweep,215,LAKSHADWEEP(ST),3042791,MUHAMMED HAMDULLAH SAYEED,15.39,9.0492,5.7162,0.0194,3.64,0.0,27,24,1,18th Lok Sabha,5.38,Indian National Congress,competitive,58.799220272904485,37.14230019493177,0.12605588044184535,63.16801485214162,0.33938630558762817
18th Lok Sabha,7,Lok Sabha,20,Madhya Pradesh,216,BETUL(ST),3018381,Durga Das Uikey,15.16,12.9357,9.1241,6.5545,8.28,0.0,462,333,281,18th Lok Sabha,27.2,Bharatiya Janata Party,safe,85.32783641160951,60.18535620052771,43.23548812664908,70.53425790641404,71.83722230137768
18th Lok Sabha,7,Lok Sabha,20,Madhya Pradesh,217,MORENA,3042389,SHIVMANGAL SINGH TOMAR,14.7,4.3668,2.3472,0.0,1.88,0.0,70,52,0,18th Lok Sabha,4.42,Bharatiya Janata Party,marginal,29.70612244897959,15.967346938775512,0.0,53.75103050288541,0.0
18th Lok Sabha,7,Lok Sabha,20,Madhya Pradesh,218,BHOPAL,3042382,ALOK SHARMA,14.7,8.3407,7.2907,0.0,2.56,0.0,62,51,0,18th Lok Sabha,33.47,Bharatiya Janata Party,safe,56.73945578231293,49.59659863945579,0.0,87.41112856235088,0.0
18th Lok Sabha,7,Lok Sabha,20,Madhya Pradesh,219,TIKAMGARH(SC),3019053,Virendra Kumar,14.7,9.7749,8.3033,0.2784,3.98,0.0,247,187,6,18th Lok Sabha,36.72,Bharatiya Janata Party,safe,66.49591836734695,56.48503401360545,1.893877551020408,84.94511452802585,3.3528837931906588
18th Lok Sabha,7,Lok Sabha,20,Madhya Pradesh,220,GUNA,3043718,JYOTIRADITYA M. SCINDIA,14.7,8.9907,6.1823,1.5094,5.32,0.0,63,61,18,18th Lok Sabha,39.38,Bharatiya Janata Party,safe,61.16122448979593,42.05646258503402,10.268027210884354,68.76327760908494,24.414861782831633
18th Lok Sabha,7,Lok Sabha,20,Madhya Pradesh,221,SHAHDOL (ST),3019069,Smt Himadri Singh,14.7,8.6672,6.3349,1.8401,5.02,0.0,132,95,39,18th Lok Sabha,34.49,Bharatiya Janata Party,safe,58.96054421768707,43.09455782312926,12.517687074829935,73.09050212294629,29.04702520955343
18th Lok Sabha,7,Lok Sabha,20,Madhya Pradesh,222,KHANDWA,3019058,Gyaneshwar Patil,15.3,10.3986,9.6786,4.7276,8.21,0.0,298,288,147,18th Lok Sabha,17.85,Bharatiya Janata Party,safe,67.96470588235293,63.25882352941176,30.899346405228755,93.07599099878828,48.845907465955825
18th Lok Sabha,7,Lok Sabha,20,Madhya Pradesh,223,DHAR(ST),3042385,SAVITRI THAKUR,14.7,9.4062,8.6612,5.8412,6.97,0.0,237,224,178,18th Lok Sabha,15.34,Bharatiya Janata Party,safe,63.98775510204082,58.919727891156455,39.736054421768706,92.07969211796474,67.44100124694039
18th Lok Sabha,7,Lok Sabha,20,Madhya Pradesh,224,BHIND(SC),3019070,Smt Sandhya Ray,14.7,6.826,3.826,0.9581,2.52,0.0,127,97,48,18th Lok Sabha,6.18,Bharatiya Janata Party,competitive,46.43537414965986,26.027210884353746,6.517687074829932,56.050395546440086,25.041819132253007
18th Lok Sabha,7,Lok Sabha,20,Madhya Pradesh,225,INDORE,3019065,Shankar Lalwani,14.7,9.5083,9.5083,5.5203,6.55,0.0,238,238,145,18th Lok Sabha,64.54,Bharatiya Janata Party,safe,64.68231292517008,64.68231292517008,37.553061224489795,100.0,58.05769695949854
18th Lok Sabha,7,Lok Sabha,20,Madhya Pradesh,226,JABALPUR,3042388,ASHISH DUBEY,14.7,4.77,3.699,0.4832,1.84,0.0,195,155,15,18th Lok Sabha,42.01,Bharatiya Janata Party,safe,32.44897959183673,25.163265306122447,3.287074829931973,77.54716981132076,13.062989997296567
18th Lok Sabha,7,Lok Sabha,20,Madhya Pradesh,227,VIDISHA,3044395,SHIVRAJ SINGH CHOUHAN,14.7,4.8943,4.7843,0.3943,3.57,0.0,79,76,8,18th Lok Sabha,56.43,Bharatiya Janata Party,safe,33.29455782312925,32.54625850340136,2.682312925170068,97.7524875876019,8.241540037205025
18th Lok Sabha,7,Lok Sabha,20,Madhya Pradesh,228,SAGAR,3042391,DR. LATA WANKHEDE,14.7,9.901,9.656,7.0093,9.11,0.0,144,135,74,18th Lok Sabha,40.96,Bharatiya Janata Party,safe,67.35374149659864,65.68707482993197,47.682312925170066,97.52550247449753,72.5900994200497
18th Lok Sabha,7,Lok Sabha,20,Madhya Pradesh,229,REWA,3019059,Janardan Mishra,14.7,9.7822,9.3332,0.0,8.52,0.0,89,81,0,18th Lok Sabha,21.06,Bharatiya Janata Party,safe,66.54557823129251,63.49115646258503,0.0,95.41003046349492,0.0
18th Lok Sabha,7,Lok Sabha,20,Madhya Pradesh,230,RATLAM(ST),3042390,ANITA NAGARSINGH CHOUHAN,14.7,8.9022,8.7177,0.6584,4.45,0.0,203,199,19,18th Lok Sabha,13.52,Bharatiya Janata Party,competitive,60.55918367346939,59.30408163265307,4.478911564625851,97.92747860079531,7.552450761095243
18th Lok Sabha,7,Lok Sabha,20,Madhya Pradesh,231,CHHINDWARA,3042383,BUNTY VIVEK SAHU,14.7,9.793,7.1554,1.4084,4.62,0.0,472,332,73,18th Lok Sabha,8.71,Bharatiya Janata Party,competitive,66.61904761904762,48.67619047619048,9.580952380952382,73.06647605432453,19.683036587751907
18th Lok Sabha,7,Lok Sabha,20,Madhya Pradesh,232,MANDLA(ST),3019055,Faggan Singh Kulaste,15.19,9.7088,5.7664,0.9698,3.95,0.0,306,168,19,18th Lok Sabha,6.76,Bharatiya Janata Party,competitive,63.915734035549704,37.96181698485846,6.384463462804477,59.39353988134476,16.818118756936737
18th Lok Sabha,7,Lok Sabha,20,Madhya Pradesh,233,MANDSOUR,3017421,Shri Sudheer Gupta,14.9,3.1819,2.2544,0.6895,1.7,0.0,180,111,55,18th Lok Sabha,34.93,Bharatiya Janata Party,safe,21.35503355704698,15.130201342281879,4.62751677852349,70.85074955215437,30.58463449254791
18th Lok Sabha,7,Lok Sabha,20,Madhya Pradesh,234,UJJAIN(SC),3017425,Shri Anil Firojiya,14.7,9.6951,8.9451,1.5386,6.75,0.0,245,239,88,18th Lok Sabha,28.29,Bharatiya Janata Party,safe,65.9530612244898,60.851020408163265,10.466666666666667,92.26413342822663,17.20047847424847
18th Lok Sabha,7,Lok Sabha,20,Madhya Pradesh,235,DAMOH,3042384,RAHUL SINGH LODHI,16.31,7.8847,7.2336,0.7262,5.79,0.0,270,247,31,18th Lok Sabha,37.32,Bharatiya Janata Party,safe,48.34273451870018,44.350705088902515,4.452483139178418,91.7422349613809,10.039261225392611
18th Lok Sabha,7,Lok Sabha,20,Madhya Pradesh,236,DEWAS(SC),3019068,Mahendra Singh Solanky,14.7,8.6121,5.6807,0.22,2.75,0.0,116,73,4,18th Lok Sabha,28.94,Bharatiya Janata Party,safe,58.58571428571429,38.64421768707483,1.4965986394557824,65.96184438174195,3.872762159593008
18th Lok Sabha,7,Lok Sabha,20,Madhya Pradesh,237,GWALIOR,3042386,BHARAT SINGH KUSHWAH,15.15,2.5327,1.7224,0.0,0.6102,0.0,22,16,0,18th Lok Sabha,5.23,Bharatiya Janata Party,competitive,16.71749174917492,11.368976897689768,0.0,68.00647530303627,0.0
18th Lok Sabha,7,Lok Sabha,20,Madhya Pradesh,238,HOSHANGABAD,3042387,DARSHAN SINGH CHOUDHARY,14.7,5.421,4.0375,0.5187,2.37,0.0,354,262,48,18th Lok Sabha,34.54,Bharatiya Janata Party,safe,36.87755102040817,27.46598639455782,3.528571428571429,74.47887843571296,12.847058823529414
18th Lok Sabha,7,Lok Sabha,20,Madhya Pradesh,239,KHARGONE(ST),3019056,Gajendra Singh Patel,14.7,9.3227,8.1447,1.4552,6.19,0.0,278,245,81,18th Lok Sabha,8.66,Bharatiya Janata Party,competitive,63.41972789115646,55.406122448979595,9.899319727891157,87.36417561436066,17.86683364642037
18th Lok Sabha,7,Lok Sabha,20,Madhya Pradesh,240,SIDHI,3042392,DR. RAJESH MISHRA,26.27,21.3426,19.4067,8.2575,17.22,0.0,280,252,134,18th Lok Sabha,17.99,Bharatiya Janata Party,safe,81.24324324324326,73.87400076132471,31.43319375713742,90.92940878805769,42.54973797709039
18th Lok Sabha,7,Lok Sabha,20,Madhya Pradesh,241,RAJGARH,3018380,Rodmal Nagar,14.7,10.4686,8.3486,0.0,8.26,0.0,266,168,0,18th Lok Sabha,10.22,Bharatiya Janata Party,competitive,71.21496598639457,56.79319727891156,0.0,79.74896356723916,0.0
18th Lok Sabha,7,Lok Sabha,20,Madhya Pradesh,242,BALAGHAT,3042381,BHARTI PARDHI,15.44,9.8986,9.7486,3.8588,6.41,0.0,160,157,74,18th Lok Sabha,12.62,Bharatiya Janata Party,competitive,64.110103626943,63.138601036269435,24.992227979274613,98.48463419069364,39.58311962743368
18th Lok Sabha,7,Lok Sabha,20,Madhya Pradesh,243,KHAJURAHO,3018383,Vishnu Dutt Sharma,14.7,1.369,1.071,0.491,0.689,0.0,9,6,3,18th Lok Sabha,47.45,Bharatiya Janata Party,safe,9.312925170068029,7.285714285714286,3.340136054421769,78.23228634039444,45.84500466853408
18th Lok Sabha,7,Lok Sabha,20,Madhya Pradesh,244,SATNA,3019057,Ganesh Singh,14.7,7.0872,4.309,1.6868,3.01,0.0,311,179,68,18th Lok Sabha,8.02,Bharatiya Janata Party,competitive,48.21224489795919,29.31292517006803,11.47482993197279,60.79975166497348,39.14597354374565
18th Lok Sabha,7,Lok Sabha,21,Maharashtra,245,RAVER,3019105,Smt Raksha Nikhil Khadse,15.31,1.8045,1.2045,0.0915,0.5872,0.0,9,7,1,18th Lok Sabha,23.23,Bharatiya Janata Party,safe,11.786414108425864,7.867406923579359,0.5976485956890921,66.74979218620116,7.596513075965132
18th Lok Sabha,7,Lok Sabha,21,Maharashtra,246,JALGAON,3042405,SMITA UDAY WAGH,14.81,1.6031,1.6031,1.1831,1.4,0.0,10,10,7,18th Lok Sabha,21.51,Bharatiya Janata Party,safe,10.824442943956786,10.824442943956786,7.988521269412559,100.0,73.80076102551307
18th Lok Sabha,7,Lok Sabha,21,Maharashtra,247,RATNAGIRI-SINDHUDURG,3042416,NARAYAN TATU RANE,14.7,8.4275,5.3075,0.7525,1.39,0.0,91,55,11,18th Lok Sabha,5.24,Bharatiya Janata Party,competitive,57.32993197278912,36.10544217687075,5.1190476190476195,62.97834470483536,14.178049929345265
18th Lok Sabha,7,Lok Sabha,21,Maharashtra,248,DHULE,3042401,BACHHAV SHOBHA DINESH,14.7,9.6457,4.4357,0.5357,0.828,0.0,87,42,6,18th Lok Sabha,0.31,Indian National Congress,marginal,65.6170068027211,30.17482993197279,3.6442176870748297,45.98629441098106,12.077011520165925
18th Lok Sabha,7,Lok Sabha,21,Maharashtra,249,LATUR(SC),3043224,DR KALGE SHIVAJI BANDAPPA,14.7,9.0947,2.6246,1.5272,2.33,0.0,115,30,18,18th Lok Sabha,4.99,Indian National Congress,marginal,61.868707482993194,17.854421768707482,10.389115646258503,28.85856597798718,58.187914348853155
18th Lok Sabha,7,Lok Sabha,21,Maharashtra,250,NAGPUR,3019087,Nitin Jairam Gadkari,14.7,9.751,4.62,0.9999,3.1,0.0,53,24,1,18th Lok Sabha,11.36,Bharatiya Janata Party,competitive,66.33333333333333,31.42857142857143,6.802040816326531,47.37975592246949,21.642857142857142
18th Lok Sabha,7,Lok Sabha,21,Maharashtra,251,RAMTEK(SC),3042415,Shyamkumar,14.7,5.66,0.2,0.0,0.1478,0.0,55,3,0,18th Lok Sabha,6.13,Indian National Congress,competitive,38.50340136054422,1.3605442176870748,0.0,3.5335689045936394,0.0
18th Lok Sabha,7,Lok Sabha,21,Maharashtra,252,BARAMATI,3019106,Smt Supriya Sadanand Sule,14.7,5.6962,1.2262,0.3462,1.01,0.0,85,16,4,18th Lok Sabha,11.21,Nationalist Congress Party – Sharadchandra Pawar,competitive,38.74965986394558,8.341496598639456,2.3551020408163263,21.526631789614125,28.233567117925297
18th Lok Sabha,7,Lok Sabha,21,Maharashtra,253,MAVAL,3019099,Shrirang Appa Barne,14.7,8.9997,3.4797,0.1997,3.0,0.0,90,45,2,18th Lok Sabha,6.81,Shiv Sena,competitive,61.22244897959184,23.67142857142857,1.3585034013605441,38.66462215407179,5.739000488547863
18th Lok Sabha,7,Lok Sabha,21,Maharashtra,254,SHIRUR,3019076,Amol Ramsing Kolhe,14.7,9.7886,2.2385,0.7986,1.86,0.0,102,27,8,18th Lok Sabha,10.25,Nationalist Congress Party – Sharadchandra Pawar,competitive,66.5891156462585,15.227891156462587,5.43265306122449,22.868438796150624,35.67567567567567
18th Lok Sabha,7,Lok Sabha,21,Maharashtra,255,PUNE,3042414,MURLIDHAR MOHOL,14.7,9.75,1.2,0.0,1.2,0.0,74,12,0,18th Lok Sabha,11.14,Bharatiya Janata Party,competitive,66.3265306122449,8.16326530612245,0.0,12.307692307692308,0.0
18th Lok Sabha,7,Lok Sabha,21,Maharashtra,256,YAVATMAL-WASHIM,3044176,Sanjay Uttamrao Deshmukh,18.56,7.6255,1.6505,0.48,1.42,0.0,113,25,7,18th Lok Sabha,7.71,Shiv Sena (Uddhav Balasaheb Thackrey),competitive,41.08566810344828,8.892780172413794,2.586206896551724,21.644482329027607,29.082096334444106
18th Lok Sabha,7,Lok Sabha,21,Maharashtra,257,WARDHA,3042421,AMAR SHARADRAO KALE,14.7,5.8829,3.3322,0.0,2.63,0.0,96,40,0,18th Lok Sabha,7.46,Nationalist Congress Party – Sharadchandra Pawar,competitive,40.01972789115647,22.668027210884354,0.0,56.6421322816978,0.0
18th Lok Sabha,7,Lok Sabha,21,Maharashtra,258,AURANGABAD_MH,3042396,BHUMARE SANDIPANRAO ASARAM,14.7,9.7994,4.6379,2.6879,4.41,0.0,76,33,18,18th Lok Sabha,10.34,Shiv Sena,competitive,66.66258503401362,31.550340136054423,18.285034013605443,47.32840786170582,57.95510899329438
18th Lok Sabha,7,Lok Sabha,21,Maharashtra,259,CHANDRAPUR,3042400,DHANORKAR PRATIBHA SURESH ALIAS BALUBHAU,14.7,9.4015,0.8615,0.1966,0.7832,0.0,70,7,1,18th Lok Sabha,20.98,Indian National Congress,safe,63.95578231292518,5.8605442176870755,1.3374149659863945,9.163431367335,22.820661636680207
18th Lok Sabha,7,Lok Sabha,21,Maharashtra,260,JALNA,3042406,KALYAN VAIJINATHRAO KALE,14.7,5.8901,3.7951,0.6951,3.42,0.0,60,39,7,18th Lok Sabha,8.06,Indian National Congress,competitive,40.0687074829932,25.81700680272109,4.7285714285714295,64.43184326242338,18.315722905852283
18th Lok Sabha,7,Lok Sabha,21,Maharashtra,261,PARBHANI,3019095,Sanjay Haribhau Jadhav,14.7,7.6959,5.5459,1.9471,3.78,0.0,81,61,23,18th Lok Sabha,10.07,Shiv Sena (Uddhav Balasaheb Thackrey),competitive,52.3530612244898,37.72721088435374,13.245578231292518,72.06304655725775,35.10881912764385
18th Lok Sabha,7,Lok Sabha,21,Maharashtra,262,AMRAVATI(SC),3042395,BALWANT BASWANT WANKHADE,19.83,14.9216,11.9458,0.0,6.36,0.0,168,130,0,18th Lok Sabha,1.68,Indian National Congress,marginal,75.24760463943521,60.24104891578417,0.0,80.05709843448423,0.0
18th Lok Sabha,7,Lok Sabha,21,Maharashtra,263,BEED,3042397,BAJRANG MANOHAR SONWANE,14.93,9.9467,2.7067,0.9467,2.53,0.0,100,28,10,18th Lok Sabha,0.43,Nationalist Congress Party – Sharadchandra Pawar,marginal,66.62223710649698,18.12926992632284,6.340924313462827,27.212040174128106,34.97617024420882
18th Lok Sabha,7,Lok Sabha,21,Maharashtra,264,RAIGAD,3019101,Sunil Dattatray Tatkare,14.7,8.8459,7.3959,1.6609,4.99,0.0,55,44,13,18th Lok Sabha,8.17,Nationalist Congress Party,competitive,60.176190476190484,50.31224489795919,11.298639455782313,83.60822527950802,22.457037006990358
18th Lok Sabha,7,Lok Sabha,21,Maharashtra,265,MUMBAI SOUTH,3019079,Arvind Ganpat Sawant,14.7,8.9675,2.8875,1.8375,2.89,0.0,51,18,13,18th Lok Sabha,6.81,Shiv Sena (Uddhav Balasaheb Thackrey),competitive,61.00340136054421,19.642857142857142,12.5,32.19960970170059,63.63636363636363
18th Lok Sabha,7,Lok Sabha,21,Maharashtra,266,AKOLA,3042394,ANUP SANJAY DHOTRE,14.7,9.7322,5.8722,3.3972,4.03,0.0,99,62,36,18th Lok Sabha,3.46,Bharatiya Janata Party,marginal,66.20544217687075,39.946938775510205,23.110204081632656,60.33784755759232,57.85225298865843
18th Lok Sabha,7,Lok Sabha,21,Maharashtra,267,MUMBAI NORTH,3042792,Piyush Vedprakash Goyal,14.7,9.8,9.8,0.0,2.15,0.0,49,49,0,18th Lok Sabha,34.54,Bharatiya Janata Party,safe,66.66666666666667,66.66666666666667,0.0,100.0,0.0
18th Lok Sabha,7,Lok Sabha,21,Maharashtra,268,MUMBAI NORTH-CENTRAL,3042409,GAIKWAD VARSHA EKNATH,14.7,9.8,9.8,0.0,8.36,0.0,57,57,0,18th Lok Sabha,1.81,Indian National Congress,marginal,66.66666666666667,66.66666666666667,0.0,100.0,0.0
18th Lok Sabha,7,Lok Sabha,21,Maharashtra,269,MUMBAI NORTH EAST,3043915,SANJAY DINA PATIL,14.7,8.75,4.86,0.0,0.156,0.0,40,25,0,18th Lok Sabha,3.22,Shiv Sena (Uddhav Balasaheb Thackrey),marginal,59.523809523809526,33.061224489795926,0.0,55.54285714285715,0.0
18th Lok Sabha,7,Lok Sabha,21,Maharashtra,270,MUMBAI NORTH WEST,3042793,RAVINDRA DATTARAM WAIKAR,14.7,9.8,9.8,0.0,3.92,0.0,46,46,0,18th Lok Sabha,0.01,Shiv Sena,marginal,66.66666666666667,66.66666666666667,0.0,100.0,0.0
18th Lok Sabha,7,Lok Sabha,21,Maharashtra,271,MUMBAI SOUTH CENTRAL,3044396,ANIL YESHWANT DESAI,14.7,8.28,0.78,0.0,0.5896,0.0,34,4,0,18th Lok Sabha,6.72,Shiv Sena (Uddhav Balasaheb Thackrey),competitive,56.326530612244895,5.306122448979592,0.0,9.420289855072465,0.0
18th Lok Sabha,7,Lok Sabha,21,Maharashtra,272,BULDHANA,3019090,Prataprao Jadhav,14.7,7.665,0.15,0.0,0.1208,0.0,106,2,0,18th Lok Sabha,2.66,Shiv Sena,marginal,52.142857142857146,1.0204081632653061,0.0,1.9569471624266144,0.0
18th Lok Sabha,7,Lok Sabha,21,Maharashtra,273,GADCHIROLI-CHIMUR(ST),3042403,DR. KIRSAN NAMDEO,14.7,9.7887,4.3037,0.3487,1.41,0.0,120,56,6,18th Lok Sabha,12.15,Indian National Congress,competitive,66.58979591836734,29.27687074829932,2.3721088435374154,43.96600161410606,8.102330552780167
18th Lok Sabha,7,Lok Sabha,21,Maharashtra,274,NANDED,3052343,Ravindra Vasantrao Chavan,14.7,9.2865,1.7088,0.1492,1.24,0.0,120,21,2,18th Lok Sabha,5.27,Indian National Congress,competitive,63.173469387755105,11.624489795918368,1.014965986394558,18.400904538846714,8.7312734082397
18th Lok Sabha,7,Lok Sabha,21,Maharashtra,275,AHMEDNAGAR,3042393,NILESH DNYANDEV LANKE,14.7,9.5477,3.0477,0.0,1.54,0.0,74,21,0,18th Lok Sabha,2.18,Nationalist Congress Party – Sharadchandra Pawar,marginal,64.95034013605444,20.73265306122449,0.0,31.920776731568854,0.0
18th Lok Sabha,7,Lok Sabha,21,Maharashtra,276,SHIRDI(SC),3042419,BHAUSAHEB RAJARAM WAKCHAURE,14.7,9.6642,5.6392,0.1192,0.7131,0.0,136,84,2,18th Lok Sabha,4.77,Shiv Sena (Uddhav Balasaheb Thackrey),marginal,65.74285714285715,38.36190476190476,0.8108843537414966,58.35144140228886,2.1137750035466025
18th Lok Sabha,7,Lok Sabha,21,Maharashtra,277,DINDORI(ST),3042402,BHASKAR MURLIDHAR BHAGARE,14.7,8.9671,7.7571,0.5676,2.32,0.0,106,86,7,18th Lok Sabha,9.12,Nationalist Congress Party – Sharadchandra Pawar,competitive,61.00068027210885,52.769387755102045,3.8612244897959185,86.50622832353827,7.317167498162973
18th Lok Sabha,7,Lok Sabha,21,Maharashtra,278,NASHIK,3042412,RAJABHAU,15.29,9.2641,7.1962,1.0429,2.13,0.0,95,77,12,18th Lok Sabha,13.09,Shiv Sena (Uddhav Balasaheb Thackrey),competitive,60.589274035317196,47.06474820143885,6.820797907128842,77.67834975874614,14.492370973569383
18th Lok Sabha,7,Lok Sabha,21,Maharashtra,279,OSMANABAD,3019088,Omprakash Bhupalsinh Alias Pawan Rajenimbalkar,18.48,10.5161,2.0912,1.2512,1.88,0.0,151,31,21,18th Lok Sabha,25.75,Shiv Sena (Uddhav Balasaheb Thackrey),safe,56.905303030303024,11.316017316017316,6.770562770562771,19.885699070948355,59.83167559296098
18th Lok Sabha,7,Lok Sabha,21,Maharashtra,280,MADHA,3042408,MOHITE PATIL DHAIRYASHEEL RAJSINH,19.56,6.55,2.166,0.0,0.8829,0.0,171,65,0,18th Lok Sabha,9.49,Nationalist Congress Party – Sharadchandra Pawar,competitive,33.48670756646217,11.07361963190184,0.0,33.06870229007634,0.0
18th Lok Sabha,7,Lok Sabha,21,Maharashtra,281,SATARA,3042418,SHRIMANT CHH UDAYANRAJE PRATAPSINHAMAHARAJ BHONSLE,14.7,9.6999,8.6199,0.2999,0.9345,0.0,134,119,3,18th Lok Sabha,2.74,Bharatiya Janata Party,marginal,65.9857142857143,58.63877551020408,2.040136054421769,88.86586459654222,3.4791586909360896
18th Lok Sabha,7,Lok Sabha,21,Maharashtra,282,BHANDARA-GONDIYA,3042398,DR. PRASHANT YADAORAO PADOLE,15.97,11.0497,2.1177,0.4277,0.5272,0.0,127,28,6,18th Lok Sabha,3.03,Indian National Congress,marginal,69.19035691922355,13.260488415779587,2.6781465247338763,19.165226205236344,20.196439533456108
18th Lok Sabha,7,Lok Sabha,21,Maharashtra,283,HINGOLI,3042404,AASHTIKAR PATIL NAGESH BAPURAO,19.03,11.5965,5.4019,4.0755,5.07,0.0,94,42,28,18th Lok Sabha,9.37,Shiv Sena (Uddhav Balasaheb Thackrey),competitive,60.93799264319496,28.38623226484498,21.416184971098264,46.582158409865045,75.44567652122402
18th Lok Sabha,7,Lok Sabha,21,Maharashtra,284,KOLHAPUR,3042407,CHHATRAPATI SHAHU SHAHAJI,14.7,9.791,2.8124,1.9624,2.15,0.0,101,28,19,18th Lok Sabha,11.12,Indian National Congress,competitive,66.60544217687075,19.131972789115643,13.349659863945577,28.724338678378096,69.77670317166833
18th Lok Sabha,7,Lok Sabha,21,Maharashtra,285,HATKANANGLE,3019082,Dhairyasheel Sambhajirao Mane,14.7,1.6969,1.2969,0.2,0.6519,0.0,13,9,2,18th Lok Sabha,1.04,Shiv Sena,marginal,11.543537414965988,8.822448979591837,1.3605442176870748,76.42760327656313,15.421389467190995
18th Lok Sabha,7,Lok Sabha,21,Maharashtra,286,SOLAPUR(SC),3043228,PRANITI SUSHILKUMAR SHINDE,14.7,10.7694,0.4499,0.0,0.1499,0.0,121,5,0,18th Lok Sabha,6.16,Indian National Congress,competitive,73.26122448979591,3.060544217687075,0.0,4.177577209500994,0.0
18th Lok Sabha,7,Lok Sabha,21,Maharashtra,287,NANDURBAR(ST),3042411,ADV GOWAAL KAGADA PADAVI,14.78,8.8136,6.1227,0.0,0.0,0.0,279,228,0,18th Lok Sabha,11.42,Indian National Congress,competitive,59.631935047361296,41.4255751014885,0.0,69.46877552872833,0.0
18th Lok Sabha,7,Lok Sabha,21,Maharashtra,288,SANGLI,3042417,VISHAL,14.7,9.3174,7.9924,0.1985,1.1,0.0,86,77,2,18th Lok Sabha,8.56,Independent,competitive,63.38367346938775,54.370068027210884,1.3503401360544218,85.7792946530148,2.48360942895751
18th Lok Sabha,7,Lok Sabha,21,Maharashtra,289,BHIWANDI,3042399,BALYA MAMA SURESH GOPINATH MHATRE,14.7,10.8095,7.6395,0.3496,4.15,0.0,116,90,4,18th Lok Sabha,5.28,Nationalist Congress Party – Sharadchandra Pawar,competitive,73.53401360544218,51.96938775510205,2.378231292517007,70.67394421573616,4.576215720924145
18th Lok Sabha,7,Lok Sabha,21,Maharashtra,290,KALYAN,3019077,Shrikant Eknath Shinde,14.7,0.0325,0.0,0.0,0.0,0.0,1,0,0,18th Lok Sabha,20.0,Shiv Sena,safe,0.22108843537414968,0.0,0.0,0.0,
18th Lok Sabha,7,Lok Sabha,21,Maharashtra,291,THANE,3042420,NARESH GANPAT MHASKE,14.7,0.0,0.0,0.0,0.0,0.0,0,0,0,18th Lok Sabha,16.58,Shiv Sena,safe,0.0,0.0,0.0,,
18th Lok Sabha,7,Lok Sabha,21,Maharashtra,292,PALGHAR(ST),3042413,DR. HEMANT VISHNU SAVARA,14.7,7.6749,0.5249,0.0,0.205,0.0,80,7,0,18th Lok Sabha,13.32,Bharatiya Janata Party,competitive,52.210204081632654,3.570748299319728,0.0,6.839177057681534,0.0
18th Lok Sabha,7,Lok Sabha,22,Manipur,293,OUTER MANIPUR(ST),3044251,ALFRED KANNGAM S ARTHUR,14.7,10.1152,8.9152,2.4752,7.76,0.0,33,31,13,18th Lok Sabha,10.72,Indian National Congress,competitive,68.8108843537415,60.64761904761906,16.83809523809524,88.13666561214806,27.763819095477388
18th Lok Sabha,7,Lok Sabha,22,Manipur,294,INNER MANIPUR,3044252,ANGOMCHA BIMOL AKOIJAM,14.7,8.9336,8.8136,0.2301,7.92,0.0,37,35,2,18th Lok Sabha,13.78,Indian National Congress,competitive,60.77278911564626,59.95646258503401,1.5653061224489797,98.65675651473089,2.610737950440229
18th Lok Sabha,7,Lok Sabha,23,Meghalaya,295,TURA,3042794,SALENG A SANGMA,14.7,9.76,9.415,2.745,8.7,0.0,216,211,49,18th Lok Sabha,23.03,Indian National Congress,safe,66.39455782312926,64.04761904761904,18.6734693877551,96.46516393442622,29.15560276155072
18th Lok Sabha,7,Lok Sabha,23,Meghalaya,296,SHILLONG,3042422,ANDREW J. SYNGKON,9.8,9.8,9.075,2.2649,6.38,0.0,241,225,62,18th Lok Sabha,35.83,Voice of the People Party,safe,100.0,92.60204081632651,23.111224489795916,92.60204081632651,24.957575757575757
18th Lok Sabha,7,Lok Sabha,13,Mizoram,297,MIZORAM (ST),3042423,RICHARD VANLALHMANGAIHA,14.7,10.1494,9.5954,1.41,8.58,0.0,174,169,24,18th Lok Sabha,13.9,Zoram People’s Movement,competitive,69.043537414966,65.27482993197279,9.591836734693878,94.54154925414309,14.694541134293516
18th Lok Sabha,7,Lok Sabha,24,Nagaland,298,NAGALAND,3045278,S SUPONGMEREN JAMIR,14.7,9.8,9.8,8.83,9.51,0.0,39,39,37,18th Lok Sabha,6.7,Indian National Congress,competitive,66.66666666666667,66.66666666666667,60.06802721088436,100.0,90.10204081632652
18th Lok Sabha,7,Lok Sabha,25,Odisha,299,CUTTACK,3017437,Shri Bhartruhari Mahtab,14.7,10.2182,8.0894,1.3175,2.39,0.0,302,262,58,18th Lok Sabha,5.09,Bharatiya Janata Party,competitive,69.51156462585034,55.029931972789115,8.962585034013605,79.16658511283788,16.28674561772196
18th Lok Sabha,7,Lok Sabha,25,Odisha,300,JAGATSINGHPUR(SC),3042427,BIBHU PRASAD TARAI,14.7,9.521,6.086,0.02,0.5926,0.0,239,161,1,18th Lok Sabha,3.16,Bharatiya Janata Party,marginal,64.76870748299321,41.40136054421769,0.1360544217687075,63.9218569477996,0.3286230693394676
18th Lok Sabha,7,Lok Sabha,25,Odisha,301,ASKA,3043719,ANITA SUBHADARSHINI,14.7,4.97,4.97,0.52,0.7834,0.0,140,140,13,18th Lok Sabha,9.82,Bharatiya Janata Party,competitive,33.80952380952381,33.80952380952381,3.537414965986395,100.0,10.46277665995976
18th Lok Sabha,7,Lok Sabha,25,Odisha,302,BERHAMPUR,3042425,DR. PRADEEP KUMAR PANIGRAHY,14.7,2.815,0.0,0.0,0.0,0.0,69,0,0,18th Lok Sabha,15.87,Bharatiya Janata Party,safe,19.14965986394558,0.0,0.0,0.0,
18th Lok Sabha,7,Lok Sabha,25,Odisha,303,BOLANGIR,3017438,Smt Sangeeta Kumari Singh Deo,14.7,7.945,5.955,0.0,0.1233,0.0,228,173,0,18th Lok Sabha,9.47,Bharatiya Janata Party,competitive,54.04761904761905,40.51020408163266,0.0,74.95280050346129,0.0
18th Lok Sabha,7,Lok Sabha,25,Odisha,304,BALASORE,3018389,Pratap Chandra Sarangi,14.71,1.7966,0.3025,0.0,0.2525,0.0,55,11,0,18th Lok Sabha,11.87,Bharatiya Janata Party,competitive,12.213460231135281,2.056424201223657,0.0,16.837359456751642,0.0
18th Lok Sabha,7,Lok Sabha,25,Odisha,305,NABARANGPUR(ST),3042433,BALABHADRA MAJHI,14.74,9.795,7.255,0.1,0.664,0.0,220,179,2,18th Lok Sabha,7.05,Bharatiya Janata Party,competitive,66.45183175033921,49.21981004070556,0.6784260515603799,74.0684022460439,1.3783597518952446
18th Lok Sabha,7,Lok Sabha,25,Odisha,306,KEONJHAR(ST),3042431,ANANTA NAYAK,14.7,10.3435,5.56,0.13,1.64,0.0,264,166,4,18th Lok Sabha,7.72,Bharatiya Janata Party,competitive,70.36394557823131,37.823129251700685,0.8843537414965987,53.75356504084691,2.338129496402878
18th Lok Sabha,7,Lok Sabha,25,Odisha,307,KALAHANDI,3042429,MALVIKA DEVI,14.7,10.3289,5.5944,3.6698,3.86,0.0,320,214,93,18th Lok Sabha,10.03,Bharatiya Janata Party,competitive,70.26462585034015,38.057142857142864,24.964625850340138,54.16259233800308,65.5977405977406
18th Lok Sabha,7,Lok Sabha,25,Odisha,308,PURI,3042434,SAMBIT PATRA,14.7,8.4889,6.2309,2.2639,3.04,0.0,670,618,456,18th Lok Sabha,8.75,Bharatiya Janata Party,competitive,57.74761904761904,42.387074829931976,15.400680272108845,73.4005583762325,36.3334349772906
18th Lok Sabha,7,Lok Sabha,25,Odisha,309,SAMBALPUR,3042435,DHARMENDRA PRADHAN,14.7,9.7553,6.3753,0.5753,0.6455,0.0,122,82,2,18th Lok Sabha,10.01,Bharatiya Janata Party,competitive,66.3625850340136,43.36938775510204,3.913605442176871,65.35216753969637,9.023889071886813
18th Lok Sabha,7,Lok Sabha,25,Odisha,310,JAJPUR(SC),3042428,RABINDRA NARAYAN BEHERA,14.71,6.809,2.094,0.0,0.5175,0.0,140,50,0,18th Lok Sabha,0.14,Bharatiya Janata Party,marginal,46.28823929299796,14.235214140040787,0.0,30.75341459832574,0.0
18th Lok Sabha,7,Lok Sabha,25,Odisha,311,SUNDARGARH (ST),3017435,Shri Jual Oram,17.31,11.3448,9.9818,0.496,5.43,1.0,194,176,8,18th Lok Sabha,12.01,Bharatiya Janata Party,competitive,65.53899480069325,57.66493356441364,2.8653957250144426,87.98568507157464,4.969043659460218
18th Lok Sabha,7,Lok Sabha,25,Odisha,312,BHADRAK(SC),3042795,AVIMANYU SETHI,14.7,8.8295,5.5912,0.48,1.31,0.0,271,203,12,18th Lok Sabha,7.06,Bharatiya Janata Party,competitive,60.064625850340136,38.035374149659866,3.2653061224489797,63.32408403646866,8.584919158677923
18th Lok Sabha,7,Lok Sabha,25,Odisha,313,KENDRAPARA,3042430,BAIJAYANT PANDA,14.7,8.907,4.67,0.58,1.08,0.0,56,37,7,18th Lok Sabha,5.21,Bharatiya Janata Party,competitive,60.591836734693885,31.7687074829932,3.9455782312925165,52.43067250477153,12.41970021413276
18th Lok Sabha,7,Lok Sabha,25,Odisha,314,MAYURBHANJ (ST),3042432,NABA CHARAN MAJHI,14.76,9.51,5.19,0.93,2.17,0.0,154,88,18,18th Lok Sabha,18.68,Bharatiya Janata Party,safe,64.4308943089431,35.16260162601626,6.300813008130081,54.57413249211356,17.919075144508668
18th Lok Sabha,7,Lok Sabha,25,Odisha,315,BARGARH,3042424,PRADEEP PUROHIT,14.7,9.3871,7.4771,1.0021,1.53,0.0,231,187,29,18th Lok Sabha,19.21,Bharatiya Janata Party,safe,63.857823129251706,50.86462585034014,6.817006802721088,79.65292795432029,13.402254884915275
18th Lok Sabha,7,Lok Sabha,25,Odisha,316,KANDHAMAL,3043546,SUKANTA KUMAR PANIGRAHI,19.07,8.8489,7.5199,1.6299,4.55,0.0,289,256,47,18th Lok Sabha,2.15,Bharatiya Janata Party,marginal,46.40220241216571,39.43314105925538,8.54693235448348,84.98118410197877,21.67449035226532
18th Lok Sabha,7,Lok Sabha,25,Odisha,317,BHUBANESWAR,3017373,Smt Aparajita Sarangi,14.74,9.795,6.93,0.3,1.9,0.0,274,198,19,18th Lok Sabha,3.25,Bharatiya Janata Party,marginal,66.45183175033921,47.014925373134325,2.03527815468114,70.75038284839204,4.329004329004329
18th Lok Sabha,7,Lok Sabha,25,Odisha,318,DHENKANAL,3042426,RUDRA NARAYAN PANY,15.5,5.6337,1.6882,0.0,0.0,0.0,73,20,0,18th Lok Sabha,6.43,Bharatiya Janata Party,competitive,36.34645161290322,10.891612903225806,0.0,29.966096881268083,0.0
18th Lok Sabha,7,Lok Sabha,25,Odisha,319,KORAPUT(ST),3018390,Saptagiri Sankar Ulaka,26.95,17.526,7.592,3.256,5.17,0.0,545,247,103,18th Lok Sabha,12.86,Indian National Congress,competitive,65.03153988868274,28.17068645640074,12.081632653061224,43.31849823119936,42.887249736564804
18th Lok Sabha,7,Lok Sabha,26,Puducherry,547,Puducherry,3019122,Vaithilingam Ve,20.94,12.5014,3.8734,0.2725,2.48,0.0,68,20,3,18th Lok Sabha,16.9,Indian National Congress,safe,59.7010506208214,18.497612225405923,1.3013371537726839,30.98372982225991,7.03516290597408
18th Lok Sabha,7,Lok Sabha,1,Punjab,321,BHATINDA,3019127,Smt Harsimrat Kaur Badal,15.98,11.0705,10.9805,3.6429,7.3,0.0,315,310,114,18th Lok Sabha,4.31,Shiromani Akali Dal,marginal,69.27722152690863,68.71401752190238,22.796620775969963,99.1870285894946,33.176084877737814
18th Lok Sabha,7,Lok Sabha,1,Punjab,322,GURDASPUR,3042439,SUKHJINDER SINGH RANDHAWA,14.7,9.6311,8.4169,0.8561,4.54,0.0,281,257,56,18th Lok Sabha,7.69,Indian National Congress,competitive,65.51768707482994,57.257823129251705,5.823809523809524,87.39292500337449,10.171203174565457
18th Lok Sabha,7,Lok Sabha,1,Punjab,323,AMRITSAR,3017446,Shri Gurjeet Singh Aujla,14.7,8.7609,8.1393,3.0817,5.4,0.7067,225,207,74,18th Lok Sabha,4.45,Indian National Congress,marginal,59.59795918367347,55.369387755102046,20.963945578231293,92.90483854398522,37.861978302802456
18th Lok Sabha,7,Lok Sabha,1,Punjab,324,HOSHIARPUR(SC),3042440,DR. RAJ KUMAR CHABBEWAL,14.7,9.6774,9.544,3.2311,6.54,0.0,250,247,88,18th Lok Sabha,4.65,Aam Aadmi Party,marginal,65.83265306122449,64.92517006802721,21.98027210884354,98.62153057639449,33.854777870913665
18th Lok Sabha,7,Lok Sabha,1,Punjab,325,FIROZPUR,3042438,SHER SINGH GHUBAYA,14.7,9.7908,9.7908,6.9204,7.88,0.0,394,394,290,18th Lok Sabha,0.29,Indian National Congress,marginal,66.60408163265306,66.60408163265306,47.077551020408166,100.0,70.68268170118886
18th Lok Sabha,7,Lok Sabha,1,Punjab,326,FATEHGARH SAHIB(SC),3017445,Shri Amar Singh,14.7,8.1125,7.0415,1.5814,3.48,0.0,228,204,47,18th Lok Sabha,3.51,Indian National Congress,marginal,55.18707482993198,47.90136054421769,10.757823129251701,86.79815100154082,22.45828303628488
18th Lok Sabha,7,Lok Sabha,1,Punjab,327,SANGRUR,3042913,GURMEET SINGH MEET HAYER,14.7,8.3298,7.7123,2.5583,4.45,0.75,318,311,117,18th Lok Sabha,17.09,Aam Aadmi Party,safe,56.66530612244898,52.46462585034014,17.40340136054422,92.58685682729477,33.171686786043075
18th Lok Sabha,7,Lok Sabha,1,Punjab,328,PATIALA,3043498,DR DHARAMVIRA GANDHI,14.7,9.2025,7.7179,0.549,4.38,0.0,328,271,22,18th Lok Sabha,1.29,Indian National Congress,marginal,62.602040816326536,52.50272108843537,3.734693877551021,83.86742732953002,7.113333937988314
18th Lok Sabha,7,Lok Sabha,1,Punjab,329,ANANDPUR SAHIB,3042796,MALVINDER SINGH KANG,14.7,11.4229,9.3429,3.4512,5.91,0.0,315,259,96,18th Lok Sabha,1.01,Aam Aadmi Party,marginal,77.70680272108844,63.55714285714286,23.477551020408164,81.79096376576875,36.93928009504543
18th Lok Sabha,7,Lok Sabha,1,Punjab,330,FARIDKOT(SC),3042437,SARABJEET SINGH KHALSA,15.09,10.107,9.987,4.9255,8.22,0.0,432,426,225,18th Lok Sabha,6.91,Independent,competitive,66.97813121272365,66.18290258449305,32.64082173624918,98.81270406648858,49.3191148493041
18th Lok Sabha,7,Lok Sabha,1,Punjab,331,JALANDHAR(SC),3042441,CHARANJIT SINGH CHANNI,14.7,3.9824,3.9824,1.4425,2.4,0.0,154,154,49,18th Lok Sabha,17.79,Indian National Congress,safe,27.091156462585037,27.091156462585037,9.812925170068027,100.0,36.22187625552431
18th Lok Sabha,7,Lok Sabha,1,Punjab,332,LUDHIANA,3042442,AMRINDER SINGH RAJA WARRING,14.7,9.2578,7.7561,1.3604,3.0,0.0,241,195,46,18th Lok Sabha,1.98,Indian National Congress,marginal,62.97823129251701,52.76258503401361,9.254421768707482,83.77908358357277,17.53974291203053
18th Lok Sabha,7,Lok Sabha,28,Rajasthan,334,AJMER,3019130,Bhagirath Chaudhary,14.7,9.9515,6.9518,2.0702,4.17,0.0,147,109,34,18th Lok Sabha,27.47,Bharatiya Janata Party,safe,67.69727891156462,47.29115646258504,14.082993197278912,69.85680550670754,29.779337725481167
18th Lok Sabha,7,Lok Sabha,28,Rajasthan,335,BARMER,3042445,UMMEDA RAM BENIWAL,14.7,9.6811,8.9862,2.0149,5.66,0.0,166,161,71,18th Lok Sabha,7.0,Indian National Congress,competitive,65.85782312925171,61.13061224489796,13.706802721088435,92.82209666256934,22.4221584206895
18th Lok Sabha,7,Lok Sabha,28,Rajasthan,336,JHALAWAR-BARAN,3019133,Dushyant Singh,14.7,0.77,0.72,0.0,0.5015,0.0,5,4,0,18th Lok Sabha,26.1,Bharatiya Janata Party,safe,5.238095238095238,4.8979591836734695,0.0,93.5064935064935,0.0
18th Lok Sabha,7,Lok Sabha,28,Rajasthan,337,KOTA,3019138,Om Birla,14.7,4.3374,3.7974,0.8174,2.51,0.0,52,44,9,18th Lok Sabha,2.8,Bharatiya Janata Party,marginal,29.50612244897959,25.83265306122449,5.560544217687075,87.55014524830544,21.52525412124085
18th Lok Sabha,7,Lok Sabha,28,Rajasthan,338,NAGAUR,3017451,Shri Hanuman Beniwal,14.7,9.7927,7.1857,3.5901,5.75,0.0,250,214,156,18th Lok Sabha,3.41,Rashtriya Loktantrik Party,marginal,66.6170068027211,48.88231292517007,24.422448979591838,73.37812860600242,49.961729546182
18th Lok Sabha,7,Lok Sabha,28,Rajasthan,339,UDAIPUR(ST),3042457,MANNA LAL RAWAT,14.7,6.3523,5.0348,1.935,3.29,0.0,175,116,19,18th Lok Sabha,17.46,Bharatiya Janata Party,safe,43.21292517006803,34.25034013605442,13.16326530612245,79.25948081797144,38.43250973226345
18th Lok Sabha,7,Lok Sabha,28,Rajasthan,340,DAUSA(ST),3042448,MURARI LAL MEENA,14.7,5.3059,3.359,0.2936,1.25,0.0,75,47,3,18th Lok Sabha,22.12,Indian National Congress,safe,36.09455782312926,22.85034013605442,1.9972789115646261,63.306884788631514,8.740696635903543
18th Lok Sabha,7,Lok Sabha,28,Rajasthan,341,CHITTORGARH,3019131,Chandra Prakash Joshi,14.7,1.0446,0.6491,0.2191,0.3974,0.0,18,15,8,18th Lok Sabha,26.01,Bharatiya Janata Party,safe,7.106122448979591,4.4156462585034015,1.4904761904761905,62.13861765269002,33.75442920967493
18th Lok Sabha,7,Lok Sabha,28,Rajasthan,342,CHURU,3019139,Rahul Kaswan,14.7,9.7482,9.1482,0.799,4.8,0.0,117,109,14,18th Lok Sabha,5.11,Indian National Congress,competitive,66.31428571428572,62.23265306122449,5.435374149659864,93.84501754169999,8.733958592947248
18th Lok Sabha,7,Lok Sabha,28,Rajasthan,343,TONK-SAWAI MADHOPUR,3042456,HARISH CHANDRA MEENA,14.7,0.0,0.0,0.0,0.0,0.0,0,0,0,18th Lok Sabha,5.3,Indian National Congress,competitive,0.0,0.0,0.0,,
18th Lok Sabha,7,Lok Sabha,28,Rajasthan,344,BIKANER(SC),3017449,Shri Arjun Ram Meghwal,14.7,7.554,6.254,0.8616,2.6,0.0,58,51,7,18th Lok Sabha,4.98,Bharatiya Janata Party,marginal,51.38775510204082,42.54421768707483,5.8612244897959185,82.79057453005029,13.77678285897026
18th Lok Sabha,7,Lok Sabha,28,Rajasthan,345,JALORE,3042451,LUMBARAM,14.7,7.8728,6.9628,2.4156,5.63,0.0,159,138,50,18th Lok Sabha,13.89,Bharatiya Janata Party,competitive,53.55646258503401,47.36598639455782,16.432653061224492,88.44121532364596,34.69293962199116
18th Lok Sabha,7,Lok Sabha,28,Rajasthan,346,SIKAR,3042455,AMRARAM,16.57,7.2738,6.4388,1.6783,3.35,0.0,141,126,32,18th Lok Sabha,5.6,Communist Party of India  (Marxist),competitive,43.89740494870247,38.85817742908871,10.12854556427278,88.5204432346229,26.065415916009194
18th Lok Sabha,7,Lok Sabha,28,Rajasthan,347,JODHPUR,3019134,Gajendra Singh Shekhawat,14.7,0.744,0.644,0.0,0.0492,0.0,4,3,0,18th Lok Sabha,8.36,Bharatiya Janata Party,competitive,5.061224489795919,4.380952380952381,0.0,86.55913978494624,0.0
18th Lok Sabha,7,Lok Sabha,28,Rajasthan,348,BHARATPUR(SC),3042446,SANJNA JATAV,14.7,10.2224,7.2605,2.1154,4.95,0.0,199,144,41,18th Lok Sabha,4.59,Indian National Congress,marginal,69.54013605442178,49.391156462585045,14.390476190476193,71.02539521051808,29.135734453550032
18th Lok Sabha,7,Lok Sabha,28,Rajasthan,349,RAJSAMAND,3042454,MAHIMA KUMARI MEWAR,18.39,8.8173,6.1573,0.7473,3.36,0.0,106,70,9,18th Lok Sabha,32.33,Bharatiya Janata Party,safe,47.946166394779766,33.48178357803154,4.063621533442087,69.83203474986675,12.136813213583874
18th Lok Sabha,7,Lok Sabha,28,Rajasthan,350,KARAULI-DHOLPUR(SC),3042453,BHAJAN LAL JATAV,14.7,2.9821,1.8021,0.3497,0.502,0.0,41,26,5,18th Lok Sabha,10.01,Indian National Congress,competitive,20.28639455782313,12.259183673469389,2.3789115646258505,60.430569062070354,19.40513844958659
18th Lok Sabha,7,Lok Sabha,28,Rajasthan,351,ALWAR,3042444,BHUPENDER YADAV,14.7,9.464,8.394,1.497,4.82,0.0,67,60,15,18th Lok Sabha,3.85,Bharatiya Janata Party,marginal,64.3809523809524,57.10204081632653,10.183673469387756,88.69399830938292,17.834167262330237
18th Lok Sabha,7,Lok Sabha,28,Rajasthan,352,BANSWARA(ST),3042914,RAJ KUMAR ROAT,14.7,9.6784,8.9734,1.4464,5.77,0.0,88,81,16,18th Lok Sabha,15.09,Bharat Adivasi Party,safe,65.83945578231292,61.04353741496599,9.839455782312925,92.7157381385353,16.118750975104195
18th Lok Sabha,7,Lok Sabha,28,Rajasthan,353,BHILWARA,3042447,DAMODAR AGARWAL,14.7,9.6447,8.2607,1.6473,4.59,0.0,222,199,44,18th Lok Sabha,27.19,Bharatiya Janata Party,safe,65.61020408163266,56.195238095238096,11.206122448979592,85.65014982321897,19.941409323665063
18th Lok Sabha,7,Lok Sabha,28,Rajasthan,354,JHUNJHUNU,3042452,BRIJENDRA SINGH OLA,14.7,7.8336,7.1565,3.4975,5.23,0.0,155,143,73,18th Lok Sabha,1.63,Indian National Congress,marginal,53.28979591836735,48.683673469387756,23.792517006802722,91.35646446078431,48.87165513868511
18th Lok Sabha,7,Lok Sabha,28,Rajasthan,355,GANGANAGAR(SC),3042449,KULDEEP INDORA,14.7,4.7893,3.8819,0.0599,0.6954,0.0,63,50,1,18th Lok Sabha,6.24,Indian National Congress,competitive,32.58027210884354,26.40748299319728,0.40748299319727893,81.0535986469839,1.5430588114067854
18th Lok Sabha,7,Lok Sabha,28,Rajasthan,356,JAIPUR RURAL,3044260,Rao Rajendra Singh,14.7,4.432,2.085,0.518,1.11,0.0,74,23,8,18th Lok Sabha,0.13,Bharatiya Janata Party,marginal,30.149659863945583,14.183673469387756,3.523809523809524,47.0442238267148,24.84412470023981
18th Lok Sabha,7,Lok Sabha,28,Rajasthan,357,JAIPUR,3042450,MANJU SHARMA,14.7,7.8813,4.1018,0.3338,1.93,0.0,55,32,4,18th Lok Sabha,22.67,Bharatiya Janata Party,safe,53.614285714285714,27.90340136054422,2.270748299319728,52.04471343560073,8.137890682139547
18th Lok Sabha,7,Lok Sabha,28,Rajasthan,358,PALI,3017454,Shri PP Chaudhary,14.7,2.6355,2.4655,0.2898,1.21,0.0,34,32,5,18th Lok Sabha,18.12,Bharatiya Janata Party,safe,17.92857142857143,16.772108843537417,1.9714285714285715,93.54961107949157,11.754208071385115
18th Lok Sabha,7,Lok Sabha,29,Sikkim,359,SIKKIM,3017174,Indra Hang Subba,15.2,10.283,10.078,2.4377,9.46,0.0,68,61,10,18th Lok Sabha,21.0,Sikkim Krantikari Morcha,safe,67.65131578947368,66.30263157894737,16.0375,98.00641836040066,24.18833101805914
18th Lok Sabha,7,Lok Sabha,30,Tamil Nadu,360,TIRUNELVELI,3042474,ROBERT BRUCE C,14.75,9.7574,4.7405,1.7318,4.14,0.0,108,64,14,18th Lok Sabha,15.52,Indian National Congress,safe,66.15186440677967,32.13898305084746,11.741016949152543,48.58363908418226,36.53201139120346
18th Lok Sabha,7,Lok Sabha,30,Tamil Nadu,361,KANCHEEPURAM(SC),3019154,Ganesan Selvam,18.65,13.7205,10.1125,3.6953,9.13,0.0,302,277,78,18th Lok Sabha,17.58,Dravida Munnetra Kazhagam,safe,73.56836461126005,54.222520107238616,19.81394101876676,73.70358223096827,36.54190358467243
18th Lok Sabha,7,Lok Sabha,30,Tamil Nadu,362,SRIPERUMBUDUR,3019166,Thalikkottai Rajuthevar Baalu,19.69,14.467,9.0642,2.4541,5.13,0.0,127,84,20,18th Lok Sabha,33.8,Dravida Munnetra Kazhagam,safe,73.47384459116303,46.03453529710512,12.463687150837988,62.65431672081288,27.074645307914654
18th Lok Sabha,7,Lok Sabha,30,Tamil Nadu,363,MADURAI,3019162,S Venkatesan,14.7,8.2677,6.2077,1.1344,2.8,0.0,124,100,16,18th Lok Sabha,21.22,Communist Party of India  (Marxist),safe,56.24285714285715,42.22925170068027,7.717006802721089,75.08375969132891,18.2740789664449
18th Lok Sabha,7,Lok Sabha,30,Tamil Nadu,364,ARAKKONAM,3017175,S. Jagathrakshakan,18.06,12.8172,3.8552,1.0447,3.17,0.0,148,43,11,18th Lok Sabha,26.34,Dravida Munnetra Kazhagam,safe,70.9700996677741,21.346622369878183,5.784606866002215,30.078332241051086,27.098464411703674
18th Lok Sabha,7,Lok Sabha,30,Tamil Nadu,365,VELLORE,3019994,D M Kathir Anand,16.02,9.4861,7.7697,0.1097,2.28,0.0,86,71,1,18th Lok Sabha,19.1,Dravida Munnetra Kazhagam,safe,59.21410736579276,48.5,0.684769038701623,81.90615743034546,1.4118949251579855
18th Lok Sabha,7,Lok Sabha,30,Tamil Nadu,366,TIRUPPUR,3019156,K Subbarayan,14.7,13.608,7.89,5.132,7.63,0.0,113,70,50,18th Lok Sabha,11.02,Communist Party of India,competitive,92.57142857142857,53.673469387755105,34.91156462585034,57.98059964726631,65.04435994930292
18th Lok Sabha,7,Lok Sabha,30,Tamil Nadu,367,CHIDAMBARAM(SC),3019167,Thirumaa Valavan Thol,14.7,9.788,7.081,1.7794,5.03,0.0,81,61,20,18th Lok Sabha,8.87,Viduthalai Chiruthaigal Katchi,competitive,66.58503401360545,48.17006802721089,12.104761904761904,72.3436861463016,25.129219036859197
18th Lok Sabha,7,Lok Sabha,30,Tamil Nadu,368,TENKASI(SC),3042471,DR RANI SRI KUMAR,15.31,10.2618,9.1083,8.1543,9.09,0.0,127,109,91,18th Lok Sabha,18.88,Dravida Munnetra Kazhagam,safe,67.02677988242978,59.49248856956237,53.261267145656426,88.75928199731041,89.52603669180857
18th Lok Sabha,7,Lok Sabha,30,Tamil Nadu,369,SALEM,3042470,SELVAGANAPATHI T M,14.7,3.538,0.0,0.0,0.0,0.0,17,0,0,18th Lok Sabha,5.39,Dravida Munnetra Kazhagam,competitive,24.068027210884352,0.0,0.0,0.0,
18th Lok Sabha,7,Lok Sabha,30,Tamil Nadu,370,NAMAKKAL,3045569,V S Matheswaran,16.25,11.3413,10.7573,6.5707,7.11,0.0,175,168,96,18th Lok Sabha,2.54,Dravida Munnetra Kazhagam,marginal,69.79261538461539,66.19876923076923,40.43507692307693,94.85067849364711,61.081312225186615
18th Lok Sabha,7,Lok Sabha,30,Tamil Nadu,371,CUDDALORE,3042460,M.K. VISHNUPRASAD,14.7,9.5432,8.6482,4.8192,6.07,0.0,106,100,57,18th Lok Sabha,18.02,Indian National Congress,safe,64.91972789115647,58.8312925170068,32.78367346938776,90.62159443373291,55.72489072870656
18th Lok Sabha,7,Lok Sabha,30,Tamil Nadu,372,TIRUCHIRAPPALLI,3042797,DURAI VAIKO,14.7,9.4167,5.6972,3.6997,4.87,0.0,78,56,39,18th Lok Sabha,29.65,Marumalarchi Dravida Munnetra Kazhagam,safe,64.05918367346939,38.75646258503401,25.168027210884357,60.50102477513353,64.93891736291512
18th Lok Sabha,7,Lok Sabha,30,Tamil Nadu,373,VILUPPURAM(SC),3018394,D Ravikumar,17.35,12.1286,12.0486,8.8846,9.36,0.0,253,252,214,18th Lok Sabha,6.13,Viduthalai Chiruthaigal Katchi,competitive,69.90547550432277,69.44438040345821,51.208069164265126,99.34040202496578,73.73968759855917
18th Lok Sabha,7,Lok Sabha,30,Tamil Nadu,374,KALLAKURICHI,3042464,MALAIYARASAN D,17.67,12.7493,11.9553,11.4273,11.81,0.0,209,197,187,18th Lok Sabha,4.3,Dravida Munnetra Kazhagam,marginal,72.15223542727787,67.65874363327673,64.67062818336163,93.77220710156637,95.58354871897821
18th Lok Sabha,7,Lok Sabha,30,Tamil Nadu,375,KRISHNAGIRI,3042466,GOPINATH K,14.7,9.9211,4.3675,0.4404,2.75,0.0,117,50,5,18th Lok Sabha,16.51,Indian National Congress,safe,67.49047619047619,29.7108843537415,2.9959183673469387,44.02233623287741,10.083571837435604
18th Lok Sabha,7,Lok Sabha,30,Tamil Nadu,376,VIRUDHUNAGAR,3019158,Manickam Tagore B,14.7,9.7593,7.6573,1.3023,7.2,0.0,86,68,10,18th Lok Sabha,0.41,Indian National Congress,marginal,66.38979591836734,52.090476190476195,8.859183673469387,78.4615699896509,17.00730022331631
18th Lok Sabha,7,Lok Sabha,30,Tamil Nadu,377,THENI,3042473,THANGA TAMILSELVAN,14.7,9.5274,3.3549,0.0999,2.8,0.0,85,32,1,18th Lok Sabha,24.43,Dravida Munnetra Kazhagam,safe,64.81224489795919,22.82244897959184,0.6795918367346939,35.2131746331633,2.9777340606277383
18th Lok Sabha,7,Lok Sabha,30,Tamil Nadu,378,CHENNAI CENTRAL,3017455,Thiru Dayanidhi Maran,14.7,8.1,2.6,0.0,2.56,0.0,11,4,0,18th Lok Sabha,33.49,Dravida Munnetra Kazhagam,safe,55.102040816326536,17.687074829931973,0.0,32.098765432098766,0.0
18th Lok Sabha,7,Lok Sabha,30,Tamil Nadu,379,CHENNAI NORTH,3019643,Kalanidhi Veeraswamy,17.15,12.1128,9.5338,0.69,5.81,0.0,74,57,7,18th Lok Sabha,37.59,Dravida Munnetra Kazhagam,safe,70.62857142857143,55.59067055393586,4.02332361516035,78.70847368073441,7.237407959050956
18th Lok Sabha,7,Lok Sabha,30,Tamil Nadu,380,CHENNAI SOUTH,3018396,T Sumathy (A) Thamizhachi Thangapandian,14.7,9.7896,6.0311,0.1296,2.38,0.0,28,23,1,18th Lok Sabha,20.55,Dravida Munnetra Kazhagam,safe,66.59591836734694,41.02789115646259,0.8816326530612245,61.60721582087113,2.1488617333488085
18th Lok Sabha,7,Lok Sabha,30,Tamil Nadu,381,MAYILADUTHURAI,3044147,SUDHA R,14.73,9.7129,4.9523,0.4898,2.35,0.0,150,71,7,18th Lok Sabha,24.93,Indian National Congress,safe,65.93957909029191,33.62050237610319,3.3251866938221317,50.98683194514512,9.890353976940009
18th Lok Sabha,7,Lok Sabha,30,Tamil Nadu,382,THANJAVUR,3042472,MURASOLI S,14.7,9.7461,9.7461,4.0998,6.73,0.0,66,66,27,18th Lok Sabha,31.07,Dravida Munnetra Kazhagam,safe,66.3,66.3,27.889795918367348,100.0,42.066057192107614
18th Lok Sabha,7,Lok Sabha,30,Tamil Nadu,383,ARANI,3042458,THARANIVENTHAN M S,16.83,11.922,11.304,7.9155,10.07,0.0,223,209,159,18th Lok Sabha,18.31,Dravida Munnetra Kazhagam,safe,70.83778966131908,67.16577540106952,47.032085561497325,94.81630598892804,70.02388535031847
18th Lok Sabha,7,Lok Sabha,30,Tamil Nadu,384,TIRUVANNAMALAI,3019242,CN Annadurai,14.86,9.9181,9.0876,5.0966,8.0,0.0,195,183,124,18th Lok Sabha,20.41,Dravida Munnetra Kazhagam,safe,66.74360699865412,61.15477792732167,34.29744279946164,91.62642038293625,56.08301421717505
18th Lok Sabha,7,Lok Sabha,30,Tamil Nadu,385,KARUR,3019169,Smt S Jothimani,14.7,10.8488,6.5855,2.1509,3.78,0.0,144,114,53,18th Lok Sabha,14.74,Indian National Congress,competitive,73.8013605442177,44.79931972789115,14.631972789115647,60.702566182434914,32.66114949510288
18th Lok Sabha,7,Lok Sabha,30,Tamil Nadu,386,DINDIGUL,3042462,SACHITHANANTHAM R,14.7,9.7933,9.3563,3.2758,7.32,0.0,80,78,27,18th Lok Sabha,38.61,Communist Party of India  (Marxist),safe,66.62108843537416,63.64829931972788,22.2843537414966,95.53776561526756,35.01170334427071
18th Lok Sabha,7,Lok Sabha,30,Tamil Nadu,387,KANNIYAKUMARI,3017458,Shri vijayakumar Vasanth,17.15,12.2097,6.0755,1.7995,4.69,0.0,103,55,24,18th Lok Sabha,17.48,Indian National Congress,safe,71.19358600583091,35.42565597667639,10.492711370262393,49.75961735341573,29.61896140235372
18th Lok Sabha,7,Lok Sabha,30,Tamil Nadu,388,ERODE,3042463,K E PRAKASH,14.7,9.6804,8.6534,6.4264,7.56,0.0,156,149,125,18th Lok Sabha,21.64,Dravida Munnetra Kazhagam,safe,65.8530612244898,58.86666666666667,43.71700680272109,89.39093425891491,74.26445096724987
18th Lok Sabha,7,Lok Sabha,30,Tamil Nadu,389,DHARAMAPURI,3042461,MANI. A.,16.45,11.5394,11.4044,2.4196,4.88,0.0,198,196,43,18th Lok Sabha,1.71,Dravida Munnetra Kazhagam,marginal,70.14832826747721,69.32765957446809,14.708814589665655,98.83009515226095,21.21637262810845
18th Lok Sabha,7,Lok Sabha,30,Tamil Nadu,390,COIMBATORE,3042459,GANAPATHY RAJKUMAR P,14.74,8.8567,4.4176,0.25,2.19,0.0,67,35,3,18th Lok Sabha,8.6,Dravida Munnetra Kazhagam,competitive,60.086160108548164,29.970149253731343,1.6960651289009498,49.87862296340624,5.659181455994204
18th Lok Sabha,7,Lok Sabha,30,Tamil Nadu,391,POLLACHI,3042468,ESWARASAMY K,14.72,9.6962,5.1732,1.2872,4.52,0.0,80,50,16,18th Lok Sabha,22.38,Dravida Munnetra Kazhagam,safe,65.87092391304347,35.14402173913043,8.744565217391305,53.35285988325323,24.88208458980902
18th Lok Sabha,7,Lok Sabha,30,Tamil Nadu,392,TIRUVALLUR(SC),3042475,Sasikanth Senthil,17.15,12.2239,7.4719,4.0819,6.0,0.0,187,131,70,18th Lok Sabha,40.35,Indian National Congress,safe,71.27638483965016,43.56793002915452,23.80116618075802,61.125336431089906,54.63001378498107
18th Lok Sabha,7,Lok Sabha,30,Tamil Nadu,393,THOOTHUKKUDI,3018395,Kanimozhi Karunanidhi,14.7,9.7999,5.1899,0.2699,3.36,0.0,41,20,2,18th Lok Sabha,40.14,Dravida Munnetra Kazhagam,safe,66.66598639455782,35.30544217687075,1.8360544217687074,52.95870366024143,5.2004855584886025
18th Lok Sabha,7,Lok Sabha,30,Tamil Nadu,394,SIVAGANGA,3017457,Shri Karti P Chidambaram,15.9,10.9733,9.3273,5.8288,8.82,0.0,150,130,92,18th Lok Sabha,19.52,Indian National Congress,safe,69.01446540880502,58.662264150943386,36.65911949685535,84.99995443485551,62.491825072636246
18th Lok Sabha,7,Lok Sabha,30,Tamil Nadu,395,RAMANATHAPURAM,3019157,Kani K Navas,14.7,6.76,4.162,1.111,3.66,0.0,101,70,19,18th Lok Sabha,15.03,Indian Union Muslim League,safe,45.98639455782313,28.312925170068027,7.557823129251701,61.56804733727811,26.6938971648246
18th Lok Sabha,7,Lok Sabha,30,Tamil Nadu,396,NILGIRIS(SC),3019151,Andimuthu Raja,14.7,9.5303,6.1508,3.0903,5.78,0.25,115,76,43,18th Lok Sabha,23.61,Dravida Munnetra Kazhagam,safe,64.83197278911565,41.842176870748304,21.02244897959184,64.53941638773176,50.24224491123106
18th Lok Sabha,7,Lok Sabha,30,Tamil Nadu,397,NAGAPATTINAM(SC),3044992,SELVARAJ V,14.7,8.8644,6.0297,1.5365,3.51,0.0,73,55,24,18th Lok Sabha,21.48,Communist Party of India,safe,60.30204081632653,41.01836734693878,10.452380952380953,68.02152429944498,25.482196460852116
18th Lok Sabha,7,Lok Sabha,30,Tamil Nadu,398,PERAMBALUR,3042467,ARUN NEHRU,14.7,9.7453,7.7396,3.1446,6.34,0.0,71,59,18,18th Lok Sabha,34.46,Dravida Munnetra Kazhagam,safe,66.29455782312925,52.650340136054425,21.39183673469388,79.41879675330672,40.630006718693465
18th Lok Sabha,7,Lok Sabha,129,Telangana,399,ADILABAD(ST),3042476,GODAM NAGESH,14.7,7.687,4.7345,0.05,3.21,0.0,236,169,1,18th Lok Sabha,7.34,Bharatiya Janata Party,competitive,52.292517006802726,32.20748299319728,0.3401360544217687,61.59099778847404,1.056077727320731
18th Lok Sabha,7,Lok Sabha,129,Telangana,400,HYDERABAD,3019173,Asaduddin Owaisi,14.7,3.6847,1.9063,0.5657,0.7828,0.0,17,6,1,18th Lok Sabha,31.29,All India Majlis-E-Ittehadul Muslimeen,safe,25.06598639455782,12.968027210884356,3.848299319727891,51.73555513338943,29.67528720558149
18th Lok Sabha,7,Lok Sabha,129,Telangana,401,SECUNDERABAD,3019176,Kishan Reddy Gangapuram,14.7,5.3722,3.399,0.0,0.04,0.0,35,16,0,18th Lok Sabha,4.77,Bharatiya Janata Party,marginal,36.545578231292524,23.122448979591837,0.0,63.27016864599232,0.0
18th Lok Sabha,7,Lok Sabha,129,Telangana,402,KARIMNAGAR,3019181,Sanjay Kumar Bandi,17.28,12.2362,8.793,0.4681,5.65,0.0,470,343,25,18th Lok Sabha,17.15,Bharatiya Janata Party,safe,70.8113425925926,50.88541666666666,2.708912037037037,71.86054494042267,5.323552826111681
18th Lok Sabha,7,Lok Sabha,129,Telangana,403,KHAMMAM,3042478,RAMASAHAYAM RAGHURAM REDDY,14.7,8.3279,2.2039,0.1899,1.17,0.0,252,54,3,18th Lok Sabha,37.39,Indian National Congress,safe,56.65238095238095,14.992517006802721,1.2918367346938777,26.464054563575452,8.61654340033577
18th Lok Sabha,7,Lok Sabha,129,Telangana,404,MAHABUBNAGAR,3042480,ARUNA. D. K,14.7,9.5209,8.5509,1.6059,3.18,0.0,268,245,57,18th Lok Sabha,0.37,Bharatiya Janata Party,marginal,64.76802721088436,58.16938775510204,10.924489795918369,89.81188753164092,18.78047924779848
18th Lok Sabha,7,Lok Sabha,129,Telangana,405,MEDAK,3045387,MADHAVANENI RAGHUNANDAN RAO,14.7,9.4664,3.9024,0.2994,2.43,0.0,146,58,9,18th Lok Sabha,2.82,Bharatiya Janata Party,marginal,64.39727891156463,26.546938775510206,2.036734693877551,41.2236964421533,7.6722017220172205
18th Lok Sabha,7,Lok Sabha,129,Telangana,406,NIZAMABAD,3019172,Arvind Dharmapuri,28.14,22.3814,15.9399,8.9286,15.04,0.0,695,497,302,18th Lok Sabha,8.86,Bharatiya Janata Party,competitive,79.53589196872778,56.64498933901919,31.729211087420037,71.21940539912606,56.01415316281783
18th Lok Sabha,7,Lok Sabha,129,Telangana,407,CHELVELLA,3042477,KONDA VISHWESHWAR REDDY,18.64,11.2507,8.7467,2.4423,4.66,0.0,389,311,92,18th Lok Sabha,10.32,Bharatiya Janata Party,competitive,60.357832618025746,46.92435622317597,13.102467811158798,77.74360706444934,27.922530783038173
18th Lok Sabha,7,Lok Sabha,129,Telangana,408,WARANGEL(SC),3045246,KADIYAM KAVYA,14.7,8.7287,6.3052,0.9057,2.26,0.0,212,155,24,18th Lok Sabha,17.38,Indian National Congress,safe,59.37891156462585,42.89251700680272,6.161224489795918,72.23526985690881,14.364334200342572
18th Lok Sabha,7,Lok Sabha,129,Telangana,409,MAHABUBABAD,3042479,BALRAM NAIK PORIKA,14.7,9.7804,7.0171,0.258,6.17,0.0,358,280,28,18th Lok Sabha,31.49,Indian National Congress,safe,66.53333333333333,47.73537414965987,1.7551020408163267,71.74655433315611,3.6767325533339985
18th Lok Sabha,7,Lok Sabha,129,Telangana,410,NAGARKURNOOL(SC),3043284,DR.MALLU RAVI,14.7,9.4668,8.5328,2.4318,4.42,0.0,193,171,109,18th Lok Sabha,7.74,Indian National Congress,competitive,64.4,58.04625850340136,16.542857142857144,90.13394177546796,28.499437464841552
18th Lok Sabha,7,Lok Sabha,129,Telangana,411,MALKAJGIRI,3042481,EATALA RAJENDER,24.5,19.0606,11.7886,0.8596,1.9,0.0,219,138,12,18th Lok Sabha,20.24,Bharatiya Janata Party,safe,77.79836734693879,48.116734693877554,3.508571428571429,61.84800058759956,7.291790373750912
18th Lok Sabha,7,Lok Sabha,129,Telangana,412,ZAHIRABAD,3042482,SURESH KUMAR SHETKAR,14.7,9.0222,2.9266,0.4255,1.64,0.0,336,122,27,18th Lok Sabha,3.74,Indian National Congress,marginal,61.375510204081635,19.90884353741497,2.8945578231292517,32.437764625036024,14.539055559352148
18th Lok Sabha,7,Lok Sabha,129,Telangana,413,PEDDAPALLE,3045227,VAMSI KRISHNA GADDAM,14.85,4.5665,2.096,0.0,1.5,0.0,70,26,0,18th Lok Sabha,11.99,Indian National Congress,competitive,30.75084175084175,14.114478114478116,0.0,45.89948538267821,0.0
18th Lok Sabha,7,Lok Sabha,129,Telangana,414,NALGONDA,3045216,KUNDURU RAGHUVEER,16.3,1.6168,1.1168,0.5268,0.6267,0.0,22,15,4,18th Lok Sabha,43.19,Indian National Congress,safe,9.919018404907975,6.851533742331289,3.231901840490798,69.07471548738249,47.1704871060172
18th Lok Sabha,7,Lok Sabha,129,Telangana,415,BHONGIR,3043394,CHAMALA KIRAN KUMAR REDDY,14.7,8.1407,7.2008,2.7815,5.77,0.0,471,453,153,18th Lok Sabha,15.85,Indian National Congress,safe,55.37891156462586,48.98503401360545,18.921768707482993,88.45430982593633,38.62765248305743
18th Lok Sabha,7,Lok Sabha,10,The Dadra And Nagar Haveli And Daman And Diu,97,DAMAN and DIU,3042483,PATEL UMESHBHAI BABUBHAI,24.51,14.39,0.0,0.0,0.0,0.0,65,0,0,18th Lok Sabha,6.74,Independent,competitive,58.71073031415748,0.0,0.0,0.0,
18th Lok Sabha,7,Lok Sabha,10,The Dadra And Nagar Haveli And Daman And Diu,548,DADRA & NAGAR HAVELI (ST),3041086,Kalaben Mohanbhai Delkar,14.7,2.565,0.0,0.0,0.0,0.0,39,0,0,18th Lok Sabha,28.01,Bharatiya Janata Party,safe,17.448979591836736,0.0,0.0,0.0,
18th Lok Sabha,7,Lok Sabha,31,Tripura,416,TRIPURA WEST,3042485,BIPLAB KUMAR DEB,14.7,9.5262,7.448,0.0,4.56,0.25,25,15,0,18th Lok Sabha,50.55,Bharatiya Janata Party,safe,64.80408163265305,50.66666666666667,0.0,78.18437572169387,0.0
18th Lok Sabha,7,Lok Sabha,31,Tripura,417,TRIPURA EAST(ST),3042484,KRITI DEVI DEBBARMAN,14.7,9.5286,4.0286,0.0,1.86,0.0,51,23,0,18th Lok Sabha,42.92,Bharatiya Janata Party,safe,64.82040816326531,27.40544217687075,0.0,42.27903364607602,0.0
18th Lok Sabha,7,Lok Sabha,33,Uttar Pradesh,418,ALIGARH,3017466,Shri Satish Kumar Gautam,14.7,9.7817,9.7817,2.4737,8.19,0.0,76,76,21,18th Lok Sabha,1.38,Bharatiya Janata Party,marginal,66.5421768707483,66.5421768707483,16.827891156462588,100.0,25.289060183812627
18th Lok Sabha,7,Lok Sabha,33,Uttar Pradesh,419,BARABANKI(SC),3042496,TANUJ PUNIA,14.82,9.8623,7.4244,2.9012,6.57,0.0,30,21,8,18th Lok Sabha,16.71,Indian National Congress,safe,66.5472334682861,50.097165991902834,19.576248313090417,75.28061405554486,39.07655837508755
18th Lok Sabha,7,Lok Sabha,33,Uttar Pradesh,420,ETAWAH(SC),3042503,JITENDRA KUMAR DOHARE,18.87,13.8977,13.1928,5.0042,10.45,0.0,412,396,184,18th Lok Sabha,5.65,Samajwadi Party,competitive,73.64970853206147,69.9141494435612,26.51934287228405,94.92793771631277,37.93129585834698
18th Lok Sabha,7,Lok Sabha,33,Uttar Pradesh,421,FATEHPUR,3042505,NARESH CHANDRA UTTAM PATEL,14.7,7.7921,6.6653,0.0,1.53,0.0,81,68,0,18th Lok Sabha,3.0,Samajwadi Party,marginal,53.00748299319728,45.3421768707483,0.0,85.53919995893277,0.0
18th Lok Sabha,7,Lok Sabha,33,Uttar Pradesh,422,FIROZABAD,3042506,AKSHAYA YADAV,14.7,9.7654,9.6154,4.7546,9.59,0.0,43,42,19,18th Lok Sabha,8.07,Samajwadi Party,competitive,66.43129251700681,65.4108843537415,32.34421768707483,98.46396460974461,49.44776088358259
18th Lok Sabha,7,Lok Sabha,33,Uttar Pradesh,423,BANSGAON(SC),3019202,Kamlesh Paswan,14.7,9.799,8.4924,0.0,0.3184,0.0,121,83,0,18th Lok Sabha,0.33,Bharatiya Janata Party,marginal,66.65986394557824,57.77142857142857,0.0,86.66598632513522,0.0
18th Lok Sabha,7,Lok Sabha,33,Uttar Pradesh,424,GORAKHPUR,3019214,Ravindra Shyamnarayan Alias Ravi Kishan Shukla,14.7,2.1319,2.1319,0.0,1.17,0.0,9,9,0,18th Lok Sabha,8.97,Bharatiya Janata Party,competitive,14.502721088435374,14.502721088435374,0.0,100.0,0.0
18th Lok Sabha,7,Lok Sabha,33,Uttar Pradesh,425,HARDOI (SC),3019201,Jai Prakash,14.7,9.707,9.612,0.9228,8.24,0.0,24,23,1,18th Lok Sabha,2.53,Bharatiya Janata Party,marginal,66.03401360544218,65.38775510204083,6.277551020408164,99.02132481714227,9.600499375780275
18th Lok Sabha,7,Lok Sabha,33,Uttar Pradesh,426,MISRIKH(SC),3019244,Ashok Kumar Rawat,14.7,9.7037,9.6087,4.8615,8.58,0.0,4,3,2,18th Lok Sabha,3.18,Bharatiya Janata Party,marginal,66.01156462585034,65.36530612244898,33.07142857142858,99.02099199274505,50.594773486527835
18th Lok Sabha,7,Lok Sabha,33,Uttar Pradesh,427,UNNAO,3018402,Swami Sachchidanandhari Sakshi ji Maharaj,14.7,9.711,7.672,1.4376,5.63,0.0,84,61,11,18th Lok Sabha,2.75,Bharatiya Janata Party,marginal,66.06122448979592,52.19047619047619,9.779591836734694,79.0031922562043,18.73826903023983
18th Lok Sabha,7,Lok Sabha,33,Uttar Pradesh,428,JAUNPUR,3042511,BABU SINGH KUSHWAHA,14.7,9.7027,7.2942,1.1639,3.26,0.0,684,660,17,18th Lok Sabha,9.02,Samajwadi Party,competitive,66.0047619047619,49.6204081632653,7.9176870748299315,75.17701258412606,15.956513394203611
18th Lok Sabha,7,Lok Sabha,33,Uttar Pradesh,429,MACHHLISHAHR(SC),3042517,PRIYA SAROJ,14.7,9.7819,9.4819,3.4383,5.38,0.0,1358,1353,725,18th Lok Sabha,3.38,Samajwadi Party,marginal,66.543537414966,64.50272108843538,23.389795918367348,96.93311115427473,36.261719697528974
18th Lok Sabha,7,Lok Sabha,33,Uttar Pradesh,430,MEERUT,3042518,ARUN GOVIL,14.7,9.7801,7.8899,2.6677,5.87,0.0,132,111,36,18th Lok Sabha,0.9,Bharatiya Janata Party,marginal,66.5312925170068,53.67278911564626,18.14761904761905,80.67299925358637,33.81158189584152
18th Lok Sabha,7,Lok Sabha,33,Uttar Pradesh,431,ROBERTSGANJ(SC),3042524,CHHOTELAL,14.7,9.5167,9.496,2.4775,8.05,0.0,400,399,85,18th Lok Sabha,12.8,Samajwadi Party,competitive,64.73945578231293,64.59863945578232,16.85374149659864,99.78248762701357,26.089932603201348
18th Lok Sabha,7,Lok Sabha,33,Uttar Pradesh,432,AMROHA,3043720,KANWAR SINGH TANWAR,14.7,10.7317,9.7365,4.995,6.61,0.0,93,84,47,18th Lok Sabha,2.58,Bharatiya Janata Party,marginal,73.0047619047619,66.23469387755102,33.9795918367347,90.72653913173123,51.30180249576337
18th Lok Sabha,7,Lok Sabha,33,Uttar Pradesh,433,GHOSI,3043598,RAJEEV RAI,14.7,9.5881,6.8111,2.7898,4.84,0.0,245,193,84,18th Lok Sabha,14.16,Samajwadi Party,competitive,65.22517006802723,46.33401360544218,18.97823129251701,71.0370146327218,40.95961004830351
18th Lok Sabha,7,Lok Sabha,33,Uttar Pradesh,434,SANT KABIR NAGAR,3042528,LAXMIKANT PAPPU NISHAD,14.7,9.0079,2.8372,0.1998,0.4598,0.0,590,35,2,18th Lok Sabha,8.45,Samajwadi Party,competitive,61.278231292517006,19.300680272108846,1.3591836734693878,31.496797255742187,7.0421542365712675
18th Lok Sabha,7,Lok Sabha,33,Uttar Pradesh,435,BAGHPAT,3042492,DR RAJKUMAR SANGWAN,14.7,8.364,4.5046,1.0012,2.02,0.0,117,55,15,18th Lok Sabha,17.08,Rashtriya Lok Dal,safe,56.89795918367348,30.643537414965987,6.810884353741497,53.85700621712099,22.22616880522133
18th Lok Sabha,7,Lok Sabha,33,Uttar Pradesh,436,CHANDAULI,3042499,VIRENDRA SINGH,14.7,8.6361,8.3587,5.8578,7.2,0.0,27,25,9,18th Lok Sabha,1.93,Samajwadi Party,marginal,58.74897959183674,56.861904761904775,39.84897959183674,96.78790194648047,70.08027564094894
18th Lok Sabha,7,Lok Sabha,33,Uttar Pradesh,437,BADAUN,3042491,ADITYA YADAV,14.7,10.4569,9.5211,2.5366,6.73,0.0,104,99,35,18th Lok Sabha,3.2,Samajwadi Party,marginal,71.13537414965985,64.76938775510204,17.25578231292517,91.05088506153832,26.641879614750394
18th Lok Sabha,7,Lok Sabha,33,Uttar Pradesh,438,GONDA,3019203,Kirti Vardhan Singh,14.7,9.4956,9.4956,2.987,6.73,0.0,139,139,34,18th Lok Sabha,4.85,Bharatiya Janata Party,marginal,64.59591836734694,64.59591836734694,20.319727891156464,100.0,31.456674670373648
18th Lok Sabha,7,Lok Sabha,33,Uttar Pradesh,439,KAISERGANJ,3043395,KARAN BHUSHAN SINGH,14.7,9.6108,9.6108,4.2303,8.71,0.0,73,73,30,18th Lok Sabha,14.01,Bharatiya Janata Party,competitive,65.37959183673469,65.37959183673469,28.77755102040816,100.0,44.01610687976027
18th Lok Sabha,7,Lok Sabha,33,Uttar Pradesh,440,KANNAUJ,3043488,AKHILESH YADAV,14.7,10.796,4.9195,0.179,2.1,0.0,214,77,6,18th Lok Sabha,14.03,Samajwadi Party,competitive,73.4421768707483,33.46598639455783,1.217687074829932,45.56780288995925,3.6385811566216075
18th Lok Sabha,7,Lok Sabha,33,Uttar Pradesh,441,MUZAFFARNAGAR,3042520,HARENDRA SINGH MALIK,14.7,9.7918,7.0014,0.0,3.85,0.0,183,107,0,18th Lok Sabha,2.29,Samajwadi Party,marginal,66.61088435374151,47.62857142857143,0.0,71.50268592087257,0.0
18th Lok Sabha,7,Lok Sabha,33,Uttar Pradesh,442,AGRA(SC),3017473,Prof SP Singh Baghel,14.7,9.7925,9.4125,7.5215,8.78,0.0,74,72,55,18th Lok Sabha,24.14,Bharatiya Janata Party,safe,66.6156462585034,64.03061224489797,51.166666666666664,96.11947919326015,79.90969455511288
18th Lok Sabha,7,Lok Sabha,33,Uttar Pradesh,443,FATEHPUR SIKRI,3019530,Rajkumar Chahar,14.7,9.6759,9.5259,9.5259,9.53,0.0,47,45,45,18th Lok Sabha,4.2,Bharatiya Janata Party,marginal,65.82244897959184,64.80204081632654,64.80204081632654,98.44975661178805,100.0
18th Lok Sabha,7,Lok Sabha,33,Uttar Pradesh,444,ALLAHABAD,3042486,UJJWAL RAMAN SINGH,14.7,9.783,9.353,0.0,5.1,0.0,31,30,0,18th Lok Sabha,6.21,Indian National Congress,competitive,66.55102040816327,63.625850340136054,0.0,95.60462025963406,0.0
18th Lok Sabha,7,Lok Sabha,33,Uttar Pradesh,445,PHULPUR,3042521,PRAVEEN PATEL,15.16,9.8137,9.8137,4.6475,7.14,0.0,24,24,13,18th Lok Sabha,0.43,Bharatiya Janata Party,marginal,64.73416886543536,64.73416886543536,30.656332453825858,100.0,47.35726586302821
18th Lok Sabha,7,Lok Sabha,33,Uttar Pradesh,446,BAHRAICH(SC),3042493,ANAND KUMAR,14.7,8.8592,8.013,3.8304,5.61,0.0,73,70,32,18th Lok Sabha,6.08,Bharatiya Janata Party,competitive,60.266666666666666,54.51020408163265,26.05714285714286,90.44834748058516,47.802321228004494
18th Lok Sabha,7,Lok Sabha,33,Uttar Pradesh,447,BALLIA,3042494,SANATAN PANDEY,18.04,12.8237,8.3741,1.4313,6.49,0.0,359,176,20,18th Lok Sabha,4.31,Samajwadi Party,marginal,71.08481152993349,46.41962305986697,7.934035476718404,65.3017459859479,17.09198600446615
18th Lok Sabha,7,Lok Sabha,33,Uttar Pradesh,448,SALEMPUR,3042526,RAMASHANKAR RAJBHAR,16.01,11.0632,7.8082,0.8911,5.32,0.0,210,158,31,18th Lok Sabha,0.39,Samajwadi Party,marginal,69.10181136789505,48.77076826983135,5.565896314803247,70.57813290910406,11.412361363694577
18th Lok Sabha,7,Lok Sabha,33,Uttar Pradesh,449,FARRUKHABAD,3019205,Mukesh Rajput,14.7,13.7154,9.6858,8.1153,9.25,0.0,295,249,200,18th Lok Sabha,0.26,Bharatiya Janata Party,marginal,93.30204081632654,65.88979591836735,55.20612244897959,70.61988713417036,83.78554172086972
18th Lok Sabha,7,Lok Sabha,33,Uttar Pradesh,450,GHAZIABAD,3042507,ATUL GARG,15.53,6.6671,6.3633,2.1297,3.19,0.0,70,66,24,18th Lok Sabha,22.92,Bharatiya Janata Party,safe,42.93045717965228,40.97424339987121,13.71345782356729,95.44329618574793,33.46848333411909
18th Lok Sabha,7,Lok Sabha,33,Uttar Pradesh,451,AKBARPUR,3019196,Devendra Alias Bhole Singh,14.7,8.7452,8.7452,4.2374,4.51,0.0,136,136,62,18th Lok Sabha,4.08,Bharatiya Janata Party,marginal,59.491156462585046,59.491156462585046,28.825850340136057,100.0,48.45400905639665
18th Lok Sabha,7,Lok Sabha,33,Uttar Pradesh,452,KANPUR,3042513,RAMESH AWASTHI,14.7,8.7193,8.7193,4.7899,5.11,0.0,93,93,47,18th Lok Sabha,2.36,Bharatiya Janata Party,marginal,59.31496598639456,59.31496598639456,32.5843537414966,100.0,54.93445574759441
18th Lok Sabha,7,Lok Sabha,33,Uttar Pradesh,453,MATHURA,3019227,Smt Hema Malini,14.7,5.3438,3.8867,2.4996,3.29,0.0,59,44,22,18th Lok Sabha,30.66,Bharatiya Janata Party,safe,36.352380952380955,26.440136054421767,17.00408163265306,72.73288670983194,64.31162682995858
18th Lok Sabha,7,Lok Sabha,33,Uttar Pradesh,454,MIRZAPUR,3019225,Smt Anupriya Patel,14.7,7.1228,7.1228,0.0,2.58,0.0,10,10,0,18th Lok Sabha,3.42,Apna Dal (Soneylal),marginal,48.45442176870748,48.45442176870748,0.0,100.0,0.0
18th Lok Sabha,7,Lok Sabha,33,Uttar Pradesh,455,RAMPUR,3042523,MOHIBBULLAH,14.7,7.7489,5.8949,3.4258,5.73,0.0,335,232,95,18th Lok Sabha,9.03,Samajwadi Party,competitive,52.71360544217687,40.10136054421769,23.304761904761907,76.0740234097743,58.114641469745045
18th Lok Sabha,7,Lok Sabha,33,Uttar Pradesh,456,SITAPUR,3042529,RAKESH RATHOR,14.7,11.8516,9.6476,3.0301,8.6,0.0,56,47,20,18th Lok Sabha,8.13,Indian National Congress,competitive,80.62312925170068,65.62993197278912,20.612925170068028,81.40335482128997,31.407811269123926
18th Lok Sabha,7,Lok Sabha,33,Uttar Pradesh,457,VARANASI,3017469,Shri Narendra Modi,16.21,10.3475,10.3475,4.2275,5.58,0.0,217,217,95,18th Lok Sabha,13.5,Bharatiya Janata Party,competitive,63.83405305367057,63.83405305367057,26.07958050586058,100.0,40.85527905291133
18th Lok Sabha,7,Lok Sabha,33,Uttar Pradesh,458,AMETHI,3042488,KISHORI LAL,17.15,8.9825,8.564,0.6295,6.98,0.0,52,44,4,18th Lok Sabha,17.05,Indian National Congress,safe,52.376093294460645,49.93586005830904,3.6705539358600583,95.3409407180629,7.350537132181223
18th Lok Sabha,7,Lok Sabha,33,Uttar Pradesh,459,KUSHI NAGAR,3019220,Vijay Kumar Dubey,14.89,9.9563,8.0403,4.0258,6.99,0.0,196,167,104,18th Lok Sabha,7.57,Bharatiya Janata Party,competitive,66.86568166554736,53.9979852249832,27.03693754197448,80.75590329740967,50.07027100978819
18th Lok Sabha,7,Lok Sabha,33,Uttar Pradesh,460,FAIZABAD,3042504,AWADHESH PRASAD,14.7,10.9289,9.6337,6.5828,6.6,0.0,163,150,87,18th Lok Sabha,4.78,Samajwadi Party,marginal,74.34625850340137,65.53537414965986,44.78095238095238,88.14885304101966,68.3309631813322
18th Lok Sabha,7,Lok Sabha,33,Uttar Pradesh,461,GHAZIPUR,3045253,AFZAL ANSARI,22.05,15.8375,10.8838,2.0797,8.85,0.0,279,141,21,18th Lok Sabha,10.83,Samajwadi Party,competitive,71.82539682539682,49.35963718820862,9.431746031746032,68.7217048145225,19.108215880482916
18th Lok Sabha,7,Lok Sabha,33,Uttar Pradesh,462,LUCKNOW,3019311,Rajnath Singh,15.48,10.5721,9.4239,2.4422,4.65,0.0,102,92,28,18th Lok Sabha,11.89,Bharatiya Janata Party,competitive,68.2952196382429,60.877906976744185,15.776485788113696,89.13933844742293,25.914960897293057
18th Lok Sabha,7,Lok Sabha,33,Uttar Pradesh,463,MOHANLALGANJ(SC),3042816,R.K. CHAUDHARY,14.7,7.0709,4.7131,0.0,3.27,0.0,89,74,0,18th Lok Sabha,5.1,Samajwadi Party,competitive,48.10136054421769,32.06190476190476,0.0,66.6548812739538,0.0
18th Lok Sabha,7,Lok Sabha,33,Uttar Pradesh,464,PILIBHIT,3045351,JITIN PRASADA,14.7,5.4039,4.6547,0.7678,2.69,0.0,44,41,22,18th Lok Sabha,14.21,Bharatiya Janata Party,competitive,36.76122448979592,31.66462585034014,5.223129251700681,86.13593885897222,16.495155434292222
18th Lok Sabha,7,Lok Sabha,33,Uttar Pradesh,465,SAHARANPUR,3042525,IMRAN MASOOD,14.7,8.8415,8.8415,3.7095,4.34,0.0,105,105,43,18th Lok Sabha,5.25,Indian National Congress,competitive,60.14625850340136,60.14625850340136,25.23469387755102,100.0,41.95555052875643
18th Lok Sabha,7,Lok Sabha,33,Uttar Pradesh,466,KAUSHAMBI(SC),3042514,PUSHPENDRA SAROJ,14.7,7.6379,7.2901,2.7265,4.02,0.0,753,719,392,18th Lok Sabha,10.3,Samajwadi Party,competitive,51.958503401360545,49.59251700680272,18.54761904761905,95.4463923329711,37.4000356648057
18th Lok Sabha,7,Lok Sabha,33,Uttar Pradesh,467,HAMIRPUR_UP,3042508,AJENDRA SINGH LODHI,14.7,9.2104,6.633,0.2,4.48,0.0,121,93,1,18th Lok Sabha,0.24,Samajwadi Party,marginal,62.65578231292517,45.12244897959184,1.3605442176870748,72.0164162251368,3.015226895823911
18th Lok Sabha,7,Lok Sabha,33,Uttar Pradesh,468,AZAMGARH,3042490,DHARMENDRA YADAV,14.7,9.571,8.5903,2.0481,3.53,0.0,68,59,11,18th Lok Sabha,15.27,Samajwadi Party,safe,65.10884353741497,58.4374149659864,13.932653061224489,89.75342179500575,23.842007846058927
18th Lok Sabha,7,Lok Sabha,33,Uttar Pradesh,469,LALGANJ (SC),3042516,DAROGA PRASAD SAROJ,14.7,9.7459,8.3243,2.1279,5.62,0.0,295,254,58,18th Lok Sabha,11.46,Samajwadi Party,competitive,66.29863945578232,56.62789115646258,14.475510204081633,85.4133533075447,25.562509760580472
18th Lok Sabha,7,Lok Sabha,33,Uttar Pradesh,470,AONLA,3042489,NEERAJ MAURYA,14.7,9.7933,9.7933,9.3027,9.56,0.0,19,19,14,18th Lok Sabha,1.47,Samajwadi Party,marginal,66.62108843537416,66.62108843537416,63.28367346938776,100.0,94.99045265640795
18th Lok Sabha,7,Lok Sabha,33,Uttar Pradesh,471,BAREILLY,3044397,CHHATRA PAL SINGH GANGWAR,14.7,9.7861,9.7861,8.6556,9.18,0.0,145,145,129,18th Lok Sabha,3.11,Bharatiya Janata Party,marginal,66.5721088435374,66.5721088435374,58.881632653061224,100.0,88.44790059369923
18th Lok Sabha,7,Lok Sabha,33,Uttar Pradesh,472,DEORIA,3042500,SHASHANK MANI,14.7,9.7221,8.3759,2.1012,6.28,0.0,96,73,20,18th Lok Sabha,3.34,Bharatiya Janata Party,marginal,66.13673469387754,56.97891156462585,14.29387755102041,86.15319735448102,25.086259387050944
18th Lok Sabha,7,Lok Sabha,33,Uttar Pradesh,473,JHANSI,3018405,Anurag Sharma,14.7,9.7756,8.7556,3.917,6.11,0.0,171,154,78,18th Lok Sabha,7.43,Bharatiya Janata Party,competitive,66.50068027210885,59.56190476190476,26.646258503401363,89.56585785015753,44.737082552880445
18th Lok Sabha,7,Lok Sabha,33,Uttar Pradesh,474,KHERI,3042515,UTKARSH VERMA MADHUR,14.7,7.5087,7.5087,4.0958,6.63,0.0,349,349,197,18th Lok Sabha,2.83,Samajwadi Party,marginal,51.0795918367347,51.0795918367347,27.862585034013605,100.0,54.54739169230359
18th Lok Sabha,7,Lok Sabha,33,Uttar Pradesh,475,DHAURAHRA,3042501,ANAND BHADAURIYA,14.7,9.7707,9.4389,3.6935,6.31,0.0,177,170,130,18th Lok Sabha,0.4,Samajwadi Party,marginal,66.4673469387755,64.21020408163265,25.125850340136054,96.60413276428505,39.130619033997604
18th Lok Sabha,7,Lok Sabha,33,Uttar Pradesh,476,PRATAPGARH,3042522,DR. S P SINGH,14.7,8.3214,7.959,2.5826,3.27,0.0,428,359,79,18th Lok Sabha,6.99,Samajwadi Party,competitive,56.60816326530613,54.142857142857146,17.568707482993197,95.6449635878578,32.44880010051514
18th Lok Sabha,7,Lok Sabha,33,Uttar Pradesh,477,SHAHJAHANPUR(SC),3017471,Shri Arun Kumar Sagar,14.7,13.1343,9.7143,9.7143,9.71,0.0,6,4,4,18th Lok Sabha,4.44,Bharatiya Janata Party,marginal,89.34897959183674,66.08367346938776,66.08367346938776,73.96130741645919,100.0
18th Lok Sabha,7,Lok Sabha,33,Uttar Pradesh,478,GAUTAM BUDDHA NAGAR,3019187,Mahesh Sharma,14.7,9.7541,9.7541,5.7908,7.41,0.0,112,112,68,18th Lok Sabha,38.93,Bharatiya Janata Party,safe,66.35442176870748,66.35442176870748,39.39319727891157,100.0,59.36785556842764
18th Lok Sabha,7,Lok Sabha,33,Uttar Pradesh,479,MAHARAJGANJ_UP,3019207,Pankaj Chowdhary,14.7,9.756,9.756,4.1544,9.31,0.0,49,49,19,18th Lok Sabha,2.93,Bharatiya Janata Party,marginal,66.36734693877551,66.36734693877551,28.261224489795918,100.0,42.5830258302583
18th Lok Sabha,7,Lok Sabha,33,Uttar Pradesh,480,SAMBHAL,3042527,ZIA UR REHMAN,14.7,9.2222,6.0889,0.0,4.06,0.0,324,197,0,18th Lok Sabha,10.17,Samajwadi Party,competitive,62.73605442176871,41.42108843537415,0.0,66.02437596235171,0.0
18th Lok Sabha,7,Lok Sabha,33,Uttar Pradesh,481,BANDA,3042495,KRISHNA DEVI SHIVSHANKER PATEL,14.7,9.8,8.3424,3.6571,6.1,0.0,325,302,158,18th Lok Sabha,6.82,Samajwadi Party,competitive,66.66666666666667,56.75102040816327,24.878231292517007,85.12653061224489,43.83750479478328
18th Lok Sabha,7,Lok Sabha,33,Uttar Pradesh,482,ETAH,3042502,DEVESH SHAKYA,14.7,8.9833,8.581,3.3504,7.55,0.0,307,302,136,18th Lok Sabha,2.78,Samajwadi Party,marginal,61.1108843537415,58.37414965986394,22.79183673469388,95.52169024745916,39.04440041953153
18th Lok Sabha,7,Lok Sabha,33,Uttar Pradesh,483,KAIRANA,3042512,IQRA CHOUDHARY,14.7,5.3278,5.1769,2.4365,4.16,0.0,65,63,23,18th Lok Sabha,6.4,Samajwadi Party,competitive,36.243537414965985,35.21700680272109,16.57482993197279,97.16768647471751,47.06484575711333
18th Lok Sabha,7,Lok Sabha,33,Uttar Pradesh,484,BASTI,3044187,RAM PRASAD CHAUDHARY,20.42,15.5107,15.4919,6.3914,13.57,0.0,155,154,37,18th Lok Sabha,9.33,Samajwadi Party,competitive,75.95837414299706,75.86630754162584,31.299706170421153,99.87879334910738,41.25639850502521
18th Lok Sabha,7,Lok Sabha,33,Uttar Pradesh,484,BASTI,3044187,RAM PRASAD CHAUDHARY,20.42,15.5107,15.4919,6.3914,13.57,0.0,155,154,37,18th Lok Sabha,9.33,Samajwadi Party,competitive,75.95837414299706,75.86630754162584,31.299706170421153,99.87879334910738,41.25639850502521
18th Lok Sabha,7,Lok Sabha,33,Uttar Pradesh,485,BIJNOR,3042498,CHANDAN CHAUHAN,14.7,9.7635,8.7996,0.0,6.52,0.0,117,106,0,18th Lok Sabha,3.66,Rashtriya Lok Dal,marginal,66.41836734693878,59.86122448979592,0.0,90.12751574742664,0.0
18th Lok Sabha,7,Lok Sabha,33,Uttar Pradesh,486,NAGINA(SC),3046000,CHANDRA SHEKHAR,14.7,9.6993,9.1321,6.1364,7.97,0.0,512,504,276,18th Lok Sabha,15.13,Aazad Samaj Party (Kanshi Ram),safe,65.98163265306123,62.123129251700675,41.74421768707483,94.15215531017702,67.19593521752938
18th Lok Sabha,7,Lok Sabha,33,Uttar Pradesh,487,BULANDSHAHR(SC),3019222,Bhola Singh,14.7,9.769,9.769,7.0121,8.44,0.0,161,161,142,18th Lok Sabha,26.09,Bharatiya Janata Party,safe,66.45578231292517,66.45578231292517,47.70136054421769,100.0,71.77909714402703
18th Lok Sabha,7,Lok Sabha,33,Uttar Pradesh,488,JALAUN(SC),3042510,NARAYAN DAS AHIRWAR,14.7,7.1815,5.9115,0.8158,3.86,0.0,190,175,36,18th Lok Sabha,4.77,Samajwadi Party,marginal,48.85374149659864,40.214285714285715,5.549659863945578,82.31567221332591,13.800219910344243
18th Lok Sabha,7,Lok Sabha,33,Uttar Pradesh,489,MAINPURI,3019226,Smt Dimple Yadav,19.2,13.5202,8.7922,1.4327,5.36,0.0,162,123,16,18th Lok Sabha,21.03,Samajwadi Party,safe,70.41770833333334,45.79270833333333,7.4619791666666675,65.03010310498364,16.295125224630926
18th Lok Sabha,7,Lok Sabha,33,Uttar Pradesh,490,RAE BARELI,3043489,RAHUL GANDHI,14.7,6.4435,3.5298,0.2825,1.86,0.0,170,144,72,18th Lok Sabha,37.53,Indian National Congress,safe,43.833333333333336,24.01224489795918,1.921768707482993,54.7807868394506,8.003286305173097
18th Lok Sabha,7,Lok Sabha,33,Uttar Pradesh,491,DOMARIYAGANJ,3019200,Jagdambika Pal,14.7,9.7056,9.1637,0.0,0.2358,0.0,75,64,0,18th Lok Sabha,4.19,Bharatiya Janata Party,marginal,66.02448979591837,62.33809523809524,0.0,94.41662545334651,0.0
18th Lok Sabha,7,Lok Sabha,33,Uttar Pradesh,492,AMBEDKAR NAGAR,3042487,LALJI VERMA,14.7,9.7415,9.6715,4.4624,8.05,0.0,201,200,59,18th Lok Sabha,11.66,Samajwadi Party,competitive,66.2687074829932,65.79251700680273,30.356462585034013,99.28142483190473,46.1396887763015
18th Lok Sabha,7,Lok Sabha,33,Uttar Pradesh,493,BHADOHI,3044716,VINOD KUMAR BIND,14.7,9.0995,8.2373,3.1221,5.85,0.0,543,542,269,18th Lok Sabha,4.06,Bharatiya Janata Party,marginal,61.901360544217695,56.0360544217687,21.238775510204086,90.52475410736852,37.901982445704306
18th Lok Sabha,7,Lok Sabha,33,Uttar Pradesh,494,MORADABAD,3042519,RUCHI VIRA,14.7,6.4982,4.638,3.3267,4.4,0.0,273,212,165,18th Lok Sabha,8.24,Samajwadi Party,competitive,44.20544217687075,31.551020408163268,22.63061224489796,71.373611153858,71.72703751617077
18th Lok Sabha,7,Lok Sabha,33,Uttar Pradesh,495,SULTANPUR,3042530,RAMBHUAL NISHAD,15.12,10.1546,9.3046,0.0,7.72,0.0,36,32,0,18th Lok Sabha,4.18,Samajwadi Party,marginal,67.16005291005291,61.53835978835979,0.0,91.62940933173144,0.0
18th Lok Sabha,7,Lok Sabha,33,Uttar Pradesh,496,SHRAWASTI,3019223,Ram Shiromani,15.17,10.0459,3.0794,0.0,0.1866,0.0,1455,117,0,18th Lok Sabha,7.33,Samajwadi Party,competitive,66.22214897824654,20.299274884640738,0.0,30.653301346818107,0.0
18th Lok Sabha,7,Lok Sabha,33,Uttar Pradesh,497,HATHRAS (SC),3042509,ANOOP PRADHAN BALMIKI,14.7,9.7999,9.7999,9.2574,9.78,0.0,74,74,68,18th Lok Sabha,22.84,Bharatiya Janata Party,safe,66.66598639455782,66.66598639455782,62.97551020408164,100.0,94.46422922682885
18th Lok Sabha,7,Lok Sabha,32,Uttarakhand,498,NAINITAL UDHAM SINGH NAG.,3017176,Ajay Bhatt,14.7,9.7817,8.1668,1.4544,3.46,0.0,385,312,60,18th Lok Sabha,26.43,Bharatiya Janata Party,safe,66.5421768707483,55.55646258503402,9.893877551020408,83.49059979349192,17.80868883773326
18th Lok Sabha,7,Lok Sabha,32,Uttarakhand,499,GARHWAL,3047111,ANIL BALUNI,14.7,0.8195,0.1795,0.0,0.114,0.0,11,3,0,18th Lok Sabha,22.17,Bharatiya Janata Party,safe,5.57482993197279,1.2210884353741496,0.0,21.903599755948747,0.0
18th Lok Sabha,7,Lok Sabha,32,Uttarakhand,500,HARDWAR,3047110,TRIVENDRA SINGH RAWAT,14.7,2.2994,1.3215,0.0,0.3526,0.0,34,21,0,18th Lok Sabha,12.59,Bharatiya Janata Party,competitive,15.6421768707483,8.989795918367346,0.0,57.47151430808036,0.0
18th Lok Sabha,7,Lok Sabha,32,Uttarakhand,501,TEHRI GARHWAL,3018415,Mala Rajya Laxmi Shah,14.7,9.1516,7.4096,1.2179,4.23,0.0,225,165,28,18th Lok Sabha,31.61,Bharatiya Janata Party,safe,62.25578231292517,50.40544217687075,8.285034013605442,80.96507714498011,16.436784711725327
18th Lok Sabha,7,Lok Sabha,32,Uttarakhand,502,ALMORA(SC),3018414,Ajay Tamta,14.7,2.7293,0.934,0.12,0.2319,0.0,134,49,2,18th Lok Sabha,35.02,Bharatiya Janata Party,safe,18.566666666666666,6.35374149659864,0.8163265306122449,34.22122888652768,12.84796573875803
18th Lok Sabha,7,Lok Sabha,34,West Bengal,503,ARAMBAG(SC),3042533,BAG MITALI,14.7,9.5198,5.8682,2.7834,4.68,0.0,170,103,63,18th Lok Sabha,0.41,All India Trinamool Congress,marginal,64.76054421768708,39.91972789115646,18.93469387755102,61.642051303598805,47.431921202413
18th Lok Sabha,7,Lok Sabha,34,West Bengal,504,HOOGHLY,3043599,RACHNA BANERJEE,14.7,9.7543,7.1802,0.9029,3.13,0.0,101,73,27,18th Lok Sabha,5.06,All India Trinamool Congress,competitive,66.35578231292517,48.844897959183676,6.1421768707483,73.61061275540017,12.574858639035124
18th Lok Sabha,7,Lok Sabha,34,West Bengal,505,SREERAMPUR,3019373,Kalyan Banerjee,14.7,9.6897,9.3382,2.955,7.63,0.0,120,118,50,18th Lok Sabha,11.84,All India Trinamool Congress,competitive,65.91632653061225,63.525170068027215,20.102040816326532,96.37243671114689,31.644214088368205
18th Lok Sabha,7,Lok Sabha,34,West Bengal,506,PURULIA,3017483,Shri Jyotirmay Singh Mahato,14.7,3.3782,1.5431,0.0,0.0,0.0,65,41,0,18th Lok Sabha,1.19,Bharatiya Janata Party,marginal,22.98095238095238,10.497278911564626,0.0,45.678171807471436,0.0
18th Lok Sabha,7,Lok Sabha,34,West Bengal,507,BANKURA,3042535,ARUP CHAKRABORTY,14.7,9.7408,9.6558,0.1682,5.36,0.0,70,69,1,18th Lok Sabha,2.26,All India Trinamool Congress,marginal,66.2639455782313,65.68571428571428,1.14421768707483,99.12738173455978,1.741958201288345
18th Lok Sabha,7,Lok Sabha,34,West Bengal,508,BISHNUPUR(SC),3018416,Saumitra khan,14.7,9.6944,9.4144,0.0,3.6,0.0,81,80,0,18th Lok Sabha,0.37,Bharatiya Janata Party,marginal,65.9482993197279,64.043537414966,0.0,97.11173460967157,0.0
18th Lok Sabha,7,Lok Sabha,34,West Bengal,509,KRISHNANAGAR,3019231,Ms Mahua Moitra,15.99,9.9683,9.9176,0.9473,3.72,0.0,48,47,16,18th Lok Sabha,3.98,All India Trinamool Congress,marginal,62.340838023764846,62.02376485303314,5.92432770481551,99.49138769900586,9.551706057917238
18th Lok Sabha,7,Lok Sabha,34,West Bengal,510,RANAGHAT(SC),3019236,Jagannath Sarkar,14.7,9.7892,6.3121,2.2887,3.16,0.0,194,121,54,18th Lok Sabha,12.13,Bharatiya Janata Party,competitive,66.59319727891156,42.93945578231293,15.569387755102042,64.4802435336902,36.258931259010474
18th Lok Sabha,7,Lok Sabha,34,West Bengal,511,DARJEELING,3019234,Raju Bista,14.7,9.6218,5.4318,0.898,3.95,0.0,160,100,19,18th Lok Sabha,13.45,Bharatiya Janata Party,competitive,65.45442176870749,36.95102040816327,6.108843537414966,56.453054522022896,16.532272911373763
18th Lok Sabha,7,Lok Sabha,34,West Bengal,512,BIRBHUM,3017478,Smt Satabdi Roy (Banerjee),14.7,8.7809,6.7295,3.2389,4.68,0.0,126,91,31,18th Lok Sabha,12.94,All India Trinamool Congress,competitive,59.73401360544218,45.77891156462585,22.033333333333335,76.63793005272807,48.129875919459096
18th Lok Sabha,7,Lok Sabha,34,West Bengal,513,BOLPUR(SC),3019335,Asit Kumar Mal,27.57,22.5204,21.7994,5.6634,16.24,0.0,194,185,74,18th Lok Sabha,21.41,All India Trinamool Congress,safe,81.68443960826986,79.06927820094306,20.541893362350383,96.79845828670895,25.97961411781976
18th Lok Sabha,7,Lok Sabha,34,West Bengal,514,COOCHBEHAR(SC),3042540,JAGADISH CHANDRA BARMA BASUNIA,16.86,11.9459,4.2035,0.0,3.67,0.0,96,41,0,18th Lok Sabha,2.42,All India Trinamool Congress,marginal,70.85349940688019,24.93179122182681,0.0,35.18780502096954,0.0
18th Lok Sabha,7,Lok Sabha,34,West Bengal,515,KANTHI,3042543,ADHIKARI SOUMENDU,14.7,9.5934,4.8521,3.6121,3.61,0.0,70,41,29,18th Lok Sabha,3.12,Bharatiya Janata Party,marginal,65.26122448979592,33.007482993197286,24.572108843537414,50.5774803510747,74.44405515137775
18th Lok Sabha,7,Lok Sabha,34,West Bengal,516,TAMLUK,3042549,ABHIJIT GANGOPADHYAY,14.7,8.9622,5.497,0.4697,2.5,0.0,247,150,12,18th Lok Sabha,4.93,Bharatiya Janata Party,marginal,60.967346938775506,37.394557823129254,3.1952380952380954,61.33538640066056,8.54466072403129
18th Lok Sabha,7,Lok Sabha,34,West Bengal,517,ALIPURDUARS(ST),3042532,MANOJ TIGGA,14.7,7.1389,5.192,0.0,0.0,0.0,59,50,0,18th Lok Sabha,5.31,Bharatiya Janata Party,competitive,48.56394557823129,35.31972789115647,0.0,72.72829147347632,0.0
18th Lok Sabha,7,Lok Sabha,34,West Bengal,518,HOWRAH,3019233,Prasun Banerjee,14.7,9.7803,9.7052,2.4176,5.56,0.0,217,213,30,18th Lok Sabha,13.32,All India Trinamool Congress,competitive,66.5326530612245,66.02176870748299,16.446258503401364,99.23212989376603,24.91035733421259
18th Lok Sabha,7,Lok Sabha,34,West Bengal,519,ULUBERIA,3019237,Smt Sajda Ahmed,14.7,9.7973,6.9513,2.0433,3.57,0.0,180,129,52,18th Lok Sabha,15.72,All India Trinamool Congress,safe,66.6482993197279,47.28775510204082,13.9,70.95118042726057,29.394501747874497
18th Lok Sabha,7,Lok Sabha,34,West Bengal,520,BALURGHAT,3017477,Dr Sukanta Majumdar,15.71,7.9789,7.6489,0.1399,1.33,0.0,181,178,2,18th Lok Sabha,0.84,Bharatiya Janata Party,marginal,50.78866963717377,48.68809675366008,0.8905155951623169,95.86409154144054,1.8290211664422336
18th Lok Sabha,7,Lok Sabha,34,West Bengal,521,BAHARAMPUR,3042534,PATHAN YUSUF,14.7,9.6884,6.0779,0.0,0.4313,0.0,178,127,0,18th Lok Sabha,6.14,All India Trinamool Congress,competitive,65.90748299319728,41.34625850340136,0.0,62.73378473225713,0.0
18th Lok Sabha,7,Lok Sabha,34,West Bengal,522,JANGIPUR,3018418,Khalilur Rahaman,14.7,7.8776,2.5586,1.1965,2.07,0.0,107,44,25,18th Lok Sabha,8.52,All India Trinamool Congress,competitive,53.589115646258506,17.40544217687075,8.139455782312925,32.47943536102366,46.76385523333072
18th Lok Sabha,7,Lok Sabha,34,West Bengal,523,MURSHIDABAD,3019300,Abu Taher Khan,14.7,9.7212,5.7942,2.3388,3.25,0.0,327,209,143,18th Lok Sabha,10.65,All India Trinamool Congress,competitive,66.13061224489796,39.416326530612245,15.910204081632653,59.60375262313295,40.36450243346795
18th Lok Sabha,7,Lok Sabha,34,West Bengal,524,DIAMOND HARBOUR,3017487,Shri Abhishek Banerjee,14.7,9.5824,9.2224,4.6207,7.04,0.0,320,314,182,18th Lok Sabha,46.44,All India Trinamool Congress,safe,65.18639455782314,62.737414965986396,31.433333333333337,96.24311237268326,50.10301006245663
18th Lok Sabha,7,Lok Sabha,34,West Bengal,525,JADAVPUR,3042541,SAYANI GHOSH,14.7,8.5446,7.4814,1.1035,4.31,0.0,215,196,65,18th Lok Sabha,16.48,All India Trinamool Congress,safe,58.126530612244906,50.89387755102041,7.506802721088436,87.55705357769818,14.74991311786564
18th Lok Sabha,7,Lok Sabha,34,West Bengal,526,JOYNAGAR(SC),3018422,Pratima Mondal,14.7,9.7908,9.4708,3.0269,7.35,0.0,223,218,61,18th Lok Sabha,31.72,All India Trinamool Congress,safe,66.60408163265306,64.42721088435374,20.591156462585033,96.73162560771335,31.960341259450097
18th Lok Sabha,7,Lok Sabha,34,West Bengal,527,MATHURAPUR(SC),3042545,BAPI HALDAR,14.7,8.1848,6.4323,0.6264,3.8,0.0,164,141,25,18th Lok Sabha,13.44,All India Trinamool Congress,competitive,55.67891156462585,43.75714285714286,4.261224489795918,78.58835890919755,9.73835175598153
18th Lok Sabha,7,Lok Sabha,34,West Bengal,528,KOLKATA DAKSHIN,3018421,Mala Roy,14.7,9.7989,9.1639,1.8616,5.88,0.0,78,71,23,18th Lok Sabha,15.06,All India Trinamool Congress,safe,66.65918367346939,62.339455782312925,12.663945578231292,93.51968078049578,20.314494920285032
18th Lok Sabha,7,Lok Sabha,34,West Bengal,529,KOLKATA UTTAR,3019533,Sudip Bandyopadhyay,14.7,8.2128,7.2128,0.6892,4.32,0.0,38,34,6,18th Lok Sabha,9.66,All India Trinamool Congress,competitive,55.86938775510204,49.06666666666667,4.68843537414966,87.82388466783557,9.555235137533275
18th Lok Sabha,7,Lok Sabha,34,West Bengal,530,JALPAIGURI(SC),3017486,Dr Jayanta Kumar Roy,14.7,6.6566,1.0118,0.0,0.5864,0.0,26,5,0,18th Lok Sabha,5.49,Bharatiya Janata Party,competitive,45.28299319727891,6.882993197278912,0.0,15.19995192741039,0.0
18th Lok Sabha,7,Lok Sabha,34,West Bengal,531,MALDAHA DAKSHIN,3042544,ISHA KHAN CHOUDHURY,14.7,5.7783,3.0433,0.0249,0.5312,0.0,133,58,1,18th Lok Sabha,9.37,Indian National Congress,competitive,39.30816326530612,20.702721088435375,0.16938775510204082,52.667739646608865,0.8181907797456708
18th Lok Sabha,7,Lok Sabha,34,West Bengal,532,MALDAHA UTTAR,3019301,Khagen Murmu,14.7,3.8334,1.0004,0.4604,0.6003,0.0,30,11,6,18th Lok Sabha,5.48,Bharatiya Janata Party,competitive,26.077551020408166,6.8054421768707485,3.1319727891156464,26.09693744456618,46.02159136345462
18th Lok Sabha,7,Lok Sabha,34,West Bengal,533,MEDINIPUR,3042546,JUNE MALIAH,14.7,9.7999,6.5706,1.1044,2.96,0.0,36,21,4,18th Lok Sabha,1.84,All India Trinamool Congress,marginal,66.66598639455782,44.69795918367347,7.512925170068027,67.0476229349279,16.808206252092656
18th Lok Sabha,7,Lok Sabha,34,West Bengal,534,GHATAL,3017491,Shri Deepak (Dev) Adhikari,20.07,13.4651,8.9461,7.2982,8.78,0.0,186,178,145,18th Lok Sabha,11.43,All India Trinamool Congress,competitive,67.09068261086198,44.57448928749377,36.3637269556552,66.43916495235831,81.57968276679223
18th Lok Sabha,7,Lok Sabha,34,West Bengal,535,BARASAT,3017485,Kakoli Ghosh Dastidar,14.7,9.7707,6.8073,1.4559,6.04,0.0,156,94,17,18th Lok Sabha,7.45,All India Trinamool Congress,competitive,66.4673469387755,46.30816326530613,9.904081632653062,69.67054561085695,21.387334185359837
18th Lok Sabha,7,Lok Sabha,34,West Bengal,536,BARRACKPUR,3042538,PARTHA BHOWMICK,14.7,9.6962,5.5215,0.0,3.03,0.0,33,8,0,18th Lok Sabha,5.64,All India Trinamool Congress,competitive,65.96054421768707,37.56122448979592,0.0,56.94498875848271,0.0
18th Lok Sabha,7,Lok Sabha,34,West Bengal,537,BASIRHAT,3042539,SK NURUL ISLAM,4.9,4.8531,3.0854,0.044,3.07,0.0,32,15,1,18th Lok Sabha,21.89,All India Trinamool Congress,safe,99.04285714285714,62.9673469387755,0.8979591836734692,63.57585872947187,1.4260711739158616
18th Lok Sabha,7,Lok Sabha,34,West Bengal,538,DUM DUM,3017493,Prof Sougata Ray,14.7,6.5483,1.9834,0.0,1.39,0.0,58,17,0,18th Lok Sabha,5.61,All India Trinamool Congress,competitive,44.54625850340137,13.492517006802721,0.0,30.288777239894323,0.0
18th Lok Sabha,7,Lok Sabha,34,West Bengal,539,BANGAON(SC),3017479,Shri Shantanu Thakur,14.7,0.5994,0.5994,0.5994,0.5994,0.0,8,8,8,18th Lok Sabha,4.94,Bharatiya Janata Party,marginal,4.077551020408164,4.077551020408164,4.077551020408164,100.0,100.0
18th Lok Sabha,7,Lok Sabha,34,West Bengal,540,RAIGANJ,3042547,KARTICK CHANDRA PAUL,20.27,15.3663,9.4763,0.0,2.62,0.0,403,203,0,18th Lok Sabha,4.98,Bharatiya Janata Party,marginal,75.80809077454367,46.7503700049334,0.0,61.66936738186811,0.0
18th Lok Sabha,7,Lok Sabha,34,West Bengal,541,JHARGRAM(ST),3042542,KALIPADA SAREN,14.7,9.1003,7.1631,0.3,6.26,0.0,52,44,1,18th Lok Sabha,11.67,All India Trinamool Congress,competitive,61.90680272108845,48.72857142857143,2.0408163265306123,78.71278968825203,4.188130837207354
18th Lok Sabha,7,Lok Sabha,34,West Bengal,542,ASANSOL,3019235,Shatrughan Sinha,14.7,9.6621,9.6621,0.0,5.86,0.0,27,27,0,18th Lok Sabha,4.58,All India Trinamool Congress,marginal,65.72857142857143,65.72857142857143,0.0,100.0,0.0
18th Lok Sabha,7,Lok Sabha,34,West Bengal,543,BARDHAMAN-DURGAPUR,3042537,AZAD KIRTI JHA,17.97,9.0768,7.6673,0.1597,3.28,0.0,112,82,2,18th Lok Sabha,9.19,All India Trinamool Congress,competitive,50.510851419031724,42.66722314969394,0.8887033945464664,84.47139961219813,2.0828714149700676
18th Lok Sabha,7,Lok Sabha,34,West Bengal,544,BARDHAMAN PURBA(SC),3042536,DR. SHARMILA SARKAR,14.7,9.3695,4.6531,0.3099,1.75,0.0,114,54,5,18th Lok Sabha,10.72,All India Trinamool Congress,competitive,63.73809523809524,31.65374149659864,2.1081632653061226,49.6622018250707,6.6600760783133826
