tenure_label,tenure_id,house,state_id,state_name,constituency_id,constituency_name,mp_id,mp_name,allocated_cr,recommended_cr,sanctioned_cr,completed_cr,expenditure_cr,calamity_cr,n_recommended,n_sanctioned,n_completed
18th Lok Sabha,7,Lok Sabha,35,Andaman And Nicobar Islands,1,ANDAMAN AND NICOBAR ISLANDS,3042276,BISHNU PADA RAY,14.7,6.5492,3.5233,0.0,0.9365,0.0,24,12,0
18th Lok Sabha,7,Lok Sabha,2,Andhra Pradesh,2,ANAKAPALLE,3042278,C.M.RAMESH,17.8,5.6083,5.1093,1.4748,2.52,0.0,64,62,12
18th Lok Sabha,7,Lok Sabha,2,Andhra Pradesh,3,HINDUPUR,3042285,B K PARTHASARATHI,16.05,8.0521,7.9421,1.6381,3.49,0.0,90,88,34
18th Lok Sabha,7,Lok Sabha,2,Andhra Pradesh,4,VIJAYAWADA,3042292,Sivanath Kesineni,14.7,3.6922,3.5622,0.329,0.329,0.0,10,9,1
18th Lok Sabha,7,Lok Sabha,2,Andhra Pradesh,5,NANDYAL,3043545,DR BYREDDY SHABARI,15.07,9.4491,7.7005,3.1285,3.27,0.0,189,155,69
18th Lok Sabha,7,Lok Sabha,2,Andhra Pradesh,7,AMALAPURAM(SC),3042277,GM Harish Balayogi,14.7,9.7219,9.6224,1.8124,4.44,0.0,108,106,11
18th Lok Sabha,7,Lok Sabha,2,Andhra Pradesh,8,BAPATLA,3042281,Krishna Prasad Tenneti,16.78,10.4422,8.9223,0.0382,0.613,0.1,134,106,1
18th Lok Sabha,7,Lok Sabha,2,Andhra Pradesh,9,ARAKU(ST),3042280,Gumma Thanuja Rani,14.95,9.01,8.27,0.0487,5.8,0.0,116,107,1
18th Lok Sabha,7,Lok Sabha,2,Andhra Pradesh,10,NELLORE(SC),3042290,PRABHAKAR REDDY VEMIREDDY,14.7,9.7884,9.7884,5.1708,6.53,0.0,155,155,96
18th Lok Sabha,7,Lok Sabha,2,Andhra Pradesh,11,TIRUPATI(SC),3042291,GURUMOORTHY MADDILA,0.0,0.0,0.0,0.0,0.0,0.0,0,0,0
18th Lok Sabha,7,Lok Sabha,2,Andhra Pradesh,11,TIRUPATI(SC),3018946,Maddila Gurumoorthy,18.04,9.5122,9.5122,3.3856,5.21,0.0,232,232,70
18th Lok Sabha,7,Lok Sabha,2,Andhra Pradesh,12,ANANTAPUR,3042279,AMBICA G LAKSHMINARAYANA VALMIKI,14.7,11.528,9.388,1.893,4.46,0.0,139,114,25
18th Lok Sabha,7,Lok Sabha,2,Andhra Pradesh,13,SRIKAKULAM,3018939,Kinjarapu Ram Mohan Naidu,17.12,12.0724,12.0724,2.7773,3.94,0.0,180,180,51
18th Lok Sabha,7,Lok Sabha,2,Andhra Pradesh,14,ONGOLE,3018340,Magunta Sreenivasulu Reddy,14.7,2.2385,2.1885,0.0,0.7627,0.0,19,18,0
18th Lok Sabha,7,Lok Sabha,2,Andhra Pradesh,15,ELURU,3042283,Putta Mahesh Kumar,14.7,9.775,8.647,0.1881,3.38,0.0,107,92,2
18th Lok Sabha,7,Lok Sabha,2,Andhra Pradesh,16,NARASAPURAM,3042288,Bhupathiraju Srinivasa varma,14.7,1.2,1.2,0.0,0.0,0.0,1,1,0
18th Lok Sabha,7,Lok Sabha,2,Andhra Pradesh,17,RAJAHMUNDRY,3043486,Daggubati Purandeshwari,14.7,9.15,8.65,0.0,0.7411,0.0,29,27,0
18th Lok Sabha,7,Lok Sabha,2,Andhra Pradesh,18,GUNTUR,3042284,Dr Chandra Sekhar Pemmasani,14.7,9.5102,7.9602,1.1591,1.8,0.0,96,83,9
18th Lok Sabha,7,Lok Sabha,2,Andhra Pradesh,19,NARASARAOPET,3042289,Lavu Srikrisha Devarayalu,0.0,0.0,0.0,0.0,0.0,0.0,0,0,0
18th Lok Sabha,7,Lok Sabha,2,Andhra Pradesh,19,NARASARAOPET,3018945,Lavu Sri Krishna Devarayalu,17.4,1.4738,1.4738,0.16,0.2403,0.0,43,43,1
18th Lok Sabha,7,Lok Sabha,2,Andhra Pradesh,20,VISAKHAPATNAM,3042293,Sribharat MathuKumli,14.7,7.3715,6.8615,0.0,0.1975,0.0,36,33,0
18th Lok Sabha,7,Lok Sabha,2,Andhra Pradesh,21,KADAPA,3018943,Y S Avinash Reddy,15.64,11.8858,6.841,1.8231,3.13,0.0,292,161,29
18th Lok Sabha,7,Lok Sabha,2,Andhra Pradesh,22,MACHILIPATNAM,3018342,Balashowry Vallabbhaneni,14.7,3.5126,3.1384,0.276,0.7765,0.0,49,41,7
18th Lok Sabha,7,Lok Sabha,2,Andhra Pradesh,23,KURNOOL,3042287,BASTIPATI NAGARAJU PANCHALINGALA,16.0,6.2034,4.8534,4.3534,4.4,0.0,158,153,143
18th Lok Sabha,7,Lok Sabha,2,Andhra Pradesh,24,VIZIANAGARAM,3042294,Appalanaidu Kalisetti,14.7,4.8908,4.8778,1.0172,1.59,0.0,91,90,26
18th Lok Sabha,7,Lok Sabha,2,Andhra Pradesh,25,CHITTOOR,3042282,DAGGUMALLA PRASADA RAO,14.7,9.6986,9.6336,0.2996,7.05,0.0,144,142,7
18th Lok Sabha,7,Lok Sabha,2,Andhra Pradesh,26,RAJAMPET,3018941,Midhun Reddy,17.9,12.681,11.8465,0.9459,4.12,0.0,384,357,37
18th Lok Sabha,7,Lok Sabha,2,Andhra Pradesh,27,KAKINADA,3042286,TANGELLA UDAY SRINIVAS,14.7,3.915,2.665,0.525,1.54,0.0,19,17,3
18th Lok Sabha,7,Lok Sabha,3,Arunachal Pradesh,28,ARUNACHAL WEST,3018950,Kiren Rijiju,14.7,9.428,8.758,2.803,8.71,0.0,131,126,44
18th Lok Sabha,7,Lok Sabha,3,Arunachal Pradesh,29,ARUNACHAL EAST,3017378,Shri Tapir Gao,14.7,9.7593,9.7593,4.1893,9.75,0.0,111,111,46
18th Lok Sabha,7,Lok Sabha,5,Assam,30,BARPETA,3042295,PHANI BHUSAN CHOUDHURY,14.7,9.2728,5.3558,0.1,3.25,0.0,89,52,1
18th Lok Sabha,7,Lok Sabha,5,Assam,31,Darrang-Udalguri,3018955,Dilip Saikia,14.7,7.365,4.13,0.0,1.86,0.0,230,129,0
18th Lok Sabha,7,Lok Sabha,5,Assam,32,LAKHIMPUR,3018347,Pradan Baruah,14.7,7.505,6.175,0.0,4.81,0.0,142,105,0
18th Lok Sabha,7,Lok Sabha,5,Assam,33,DIBRUGARH,3042297,Shri Sarbananda Sonowal (18LS),14.7,9.6043,3.2543,0.2843,1.49,0.0,88,36,3
18th Lok Sabha,7,Lok Sabha,5,Assam,34,JORHAT,3042300,GAURAV GOGOI,14.7,9.7997,7.1597,0.4947,3.14,0.0,452,326,18
18th Lok Sabha,7,Lok Sabha,5,Assam,35,Diphu (ST),3042298,AMARSING TISSO,14.7,9.7284,7.1484,0.2784,6.05,0.0,93,78,4
18th Lok Sabha,7,Lok Sabha,5,Assam,36,KARIMGANJ (SC),3018957,Kripanath Mallah,14.7,9.786,6.011,0.0,5.4,0.0,58,34,0
18th Lok Sabha,7,Lok Sabha,5,Assam,37,DHUBRI,3042296,RAKIBUL HUSSAIN,14.7,7.4746,5.7496,0.9796,4.15,0.0,148,115,22
18th Lok Sabha,7,Lok Sabha,5,Assam,38,NOWGONG,3018958,Pradyut Bordoloi,9.8,9.7994,7.6096,0.0676,5.84,0.0,216,157,2
18th Lok Sabha,7,Lok Sabha,5,Assam,39,SILCHAR,3042304,PARIMAL SUKLABAIDYA,14.83,4.98,1.33,0.0,0.4425,0.0,84,22,0
18th Lok Sabha,7,Lok Sabha,5,Assam,40,Kaziranga,3042301,KAMAKHYA PRASAD TASA,14.7,8.6819,5.5469,0.0,0.2522,0.0,87,57,0
18th Lok Sabha,7,Lok Sabha,5,Assam,41,KOKRAJHAR (ST),3042302,JOYANTA BASUMATARY,14.7,9.394,7.214,1.971,5.08,0.0,84,65,19
18th Lok Sabha,7,Lok Sabha,5,Assam,42,Sonitpur,3042305,RANJIT DUTTA,14.7,10.4023,9.0411,1.0723,5.36,0.0,125,108,12
18th Lok Sabha,7,Lok Sabha,5,Assam,43,GUWAHATI,3042299,BIJULI KALITA MEDHI,14.7,9.8,7.89,0.665,6.44,0.0,118,84,5
18th Lok Sabha,7,Lok Sabha,6,Bihar,44,ARARIA,3018355,Pradeep Kumar Singh,14.7,9.5995,9.5995,9.4498,9.45,0.0,40,40,39
18th Lok Sabha,7,Lok Sabha,6,Bihar,45,KATIHAR,3042313,TARIQ ANWAR,14.7,8.3785,8.1845,4.6925,5.85,0.0,86,84,48
18th Lok Sabha,7,Lok Sabha,6,Bihar,46,MUZAFFARPUR,3042315,RAJ BHUSHAN CHOUDHARY,14.7,9.7403,9.6978,8.6773,9.47,0.0,88,86,77
18th Lok Sabha,7,Lok Sabha,6,Bihar,47,VAISHALI,3017382,Smt Veena Devi,14.7,9.6763,9.537,9.3984,9.4,0.0,32,31,30
18th Lok Sabha,7,Lok Sabha,6,Bihar,48,PATALIPUTRA,3042316,MISHA BHARTI,14.7,0.0,0.0,0.0,0.0,0.0,0,0,0
18th Lok Sabha,7,Lok Sabha,6,Bihar,49,PATNA SAHIB,3018979,Ravi Shankar Prasad,14.7,5.7125,5.7125,5.0232,5.15,0.0,66,66,58
18th Lok Sabha,7,Lok Sabha,6,Bihar,50,KARAKAT,3042312,RAJA RAM SINGH,14.7,9.7655,9.0208,4.637,5.85,0.0,235,213,110
18th Lok Sabha,7,Lok Sabha,6,Bihar,51,SIWAN,3042321,VIJAYLAKSHMI DEVI,14.7,13.6413,9.1538,9.0544,9.14,0.0,142,96,95
18th Lok Sabha,7,Lok Sabha,6,Bihar,52,ARRAH,3042306,SUDAMA PRASAD,14.7,8.8471,6.8139,4.2233,4.83,0.0,117,94,63
18th Lok Sabha,7,Lok Sabha,6,Bihar,53,KISHANGANJ,3017384,Dr Mohammad Jawed,14.87,11.8386,11.3686,7.4985,8.39,0.0,183,176,116
18th Lok Sabha,7,Lok Sabha,6,Bihar,54,JAMUI(SC),3042311,ARUN BHARTI,19.49,12.4231,12.3131,10.9353,11.7,0.0,275,267,196
18th Lok Sabha,7,Lok Sabha,6,Bihar,55,PURVI CHAMPARAN,3018969,Radha Mohan Singh,14.7,10.4012,8.1279,5.7019,6.01,0.0,103,81,57
18th Lok Sabha,7,Lok Sabha,6,Bihar,56,SHEOHAR,3044146,LOVELY ANAND,14.7,6.6021,4.1173,2.2473,2.25,0.0,73,39,21
18th Lok Sabha,7,Lok Sabha,6,Bihar,57,PURNEA,3042317,RAJESH RANJAN ALIAS PAPPU YADAV,14.7,9.3829,9.1541,4.7775,4.78,0.0,101,99,46
18th Lok Sabha,7,Lok Sabha,6,Bihar,58,SASARAM(SC),3042319,MANOJ KUMAR,14.7,11.8888,8.7653,6.5388,7.62,0.0,129,107,79
18th Lok Sabha,7,Lok Sabha,6,Bihar,59,HAJIPUR(SC),3042310,CHIRAG PASWAN,14.7,8.6975,7.5975,3.9875,3.99,0.0,90,79,42
18th Lok Sabha,7,Lok Sabha,6,Bihar,60,BHAGALPUR,3018351,Ajay Kumar Mandal,14.7,8.2749,8.1254,3.5874,4.19,0.0,74,73,35
18th Lok Sabha,7,Lok Sabha,6,Bihar,61,JAHANABAD,3043221,SURENDRA PRASAD YADAV,14.7,9.7847,7.9197,3.0282,4.16,0.0,284,241,118
18th Lok Sabha,7,Lok Sabha,6,Bihar,62,JHANJHARPUR,3018360,Ramprit Mandal,14.7,14.6597,9.3902,9.1202,9.27,0.0,170,92,87
18th Lok Sabha,7,Lok Sabha,6,Bihar,63,MADHUBANI,3018353,Ashok Kumar Yadav,14.7,9.2634,4.7644,4.5169,4.71,0.0,171,82,77
18th Lok Sabha,7,Lok Sabha,6,Bihar,64,NALANDA,3018354,Kaushalendra Kumar,14.7,5.7714,4.9464,3.4334,3.58,0.0,130,107,65
18th Lok Sabha,7,Lok Sabha,6,Bihar,65,MADHEPURA,3018975,Dinesh Chandra Yadav,15.01,10.0788,9.4288,8.7211,9.0,0.0,122,114,105
18th Lok Sabha,7,Lok Sabha,6,Bihar,66,MUNGER,3018357,Rajiv Ranjan (Lalan) Singh,14.7,0.1,0.0,0.0,0.0,0.0,1,0,0
18th Lok Sabha,7,Lok Sabha,6,Bihar,67,UJJARPUR,3042322,NITYANAND RAI,0.0,0.0,0.0,0.0,0.0,0.0,0,0,0
18th Lok Sabha,7,Lok Sabha,6,Bihar,67,UJJARPUR,3021513,Nityanand Rai,14.7,5.1938,3.0413,0.9022,0.9022,0.0,90,61,28
18th Lok Sabha,7,Lok Sabha,6,Bihar,68,SAMASTIPUR(SC),3042318,SHAMBHAVI,14.7,8.9718,4.4818,0.1196,0.5188,0.0,133,59,1
18th Lok Sabha,7,Lok Sabha,6,Bihar,69,BANKA,3018966,Giridhari Yadav,14.7,10.1948,9.7748,9.0001,9.35,0.0,90,88,80
18th Lok Sabha,7,Lok Sabha,6,Bihar,70,AURANGABAD_BR,3042307,ABHAY KUMAR SINHA,14.7,11.7778,8.7737,5.4909,5.9,0.0,232,171,123
18th Lok Sabha,7,Lok Sabha,6,Bihar,71,KHAGARIA,3042314,RAJESH VERMA,14.7,8.1855,8.1855,7.2872,7.32,0.0,76,76,67
18th Lok Sabha,7,Lok Sabha,6,Bihar,72,SITAMARHI,3042320,DEVESH CHANDRA THAKUR,14.7,7.4894,4.5396,2.6488,3.59,0.0,202,130,96
18th Lok Sabha,7,Lok Sabha,6,Bihar,73,SUPAUL,3018359,Dileshwar Kamait,15.05,11.0216,9.5949,6.0629,6.35,0.0,92,82,46
18th Lok Sabha,7,Lok Sabha,6,Bihar,74,DARBHANGA,3018961,Mr Gopal Jee Thakur,14.7,4.3418,3.3718,2.4937,2.87,0.0,88,68,52
18th Lok Sabha,7,Lok Sabha,6,Bihar,75,SARAN,3018356,Rajiv Pratap Rudy,14.7,0.925,0.2775,0.0,0.0,0.0,10,3,0
18th Lok Sabha,7,Lok Sabha,6,Bihar,76,MAHARAJGANJ_BR,3017381,Shri Janardan Singh Sigriwal,14.7,7.3796,6.4126,1.8656,2.33,0.0,65,56,15
18th Lok Sabha,7,Lok Sabha,6,Bihar,77,BEGUSARAI,3018967,Giriraj Singh,14.7,4.3287,4.3287,2.0504,3.14,0.0,33,33,16
18th Lok Sabha,7,Lok Sabha,6,Bihar,78,VALMIKI NAGAR,3018972,Sunil Kumar,14.7,9.7829,7.9874,5.3121,6.0,0.0,120,99,68
18th Lok Sabha,7,Lok Sabha,6,Bihar,79,PASCHIM CHAMPARAN,3018960,Sanjay Jaiswal,14.7,0.0,0.0,0.0,0.0,0.0,0,0,0
18th Lok Sabha,7,Lok Sabha,6,Bihar,80,BUXAR,3042308,SUDHAKAR SINGH,16.99,16.2942,11.5972,9.7185,10.56,0.0,179,120,98
18th Lok Sabha,7,Lok Sabha,6,Bihar,81,NAWADA,3044145,VIVEK THAKUR,14.7,0.5907,0.3249,0.0,0.1878,0.0,5,3,0
18th Lok Sabha,7,Lok Sabha,6,Bihar,82,GAYA (SC),3042309,JITAN RAM MANJHI,14.7,9.6804,7.7764,3.0231,3.46,0.0,260,231,113
18th Lok Sabha,7,Lok Sabha,6,Bihar,83,GOPALGANJ (SC),3018350,Alok Kumar Suman,14.7,7.8454,6.0685,1.8503,4.37,0.0,85,67,18
18th Lok Sabha,7,Lok Sabha,7,Chandigarh,84,CHANDIGARH,3042323,MANISH TEWARI,17.84,6.5948,4.6473,1.2172,1.81,0.0,94,62,27
18th Lok Sabha,7,Lok Sabha,8,Chhattisgarh,85,RAIGARH(ST),3043391,RADHE SHYAM RATHIYA,14.7,9.7986,9.7486,4.7755,7.28,0.0,138,136,54
18th Lok Sabha,7,Lok Sabha,8,Chhattisgarh,86,DURG,3018986,Vijay Baghel,14.7,8.9302,7.1065,1.865,4.47,0.0,172,145,60
18th Lok Sabha,7,Lok Sabha,8,Chhattisgarh,87,KORBA,3018366,Jyotsna Charandas Mahant,15.52,10.5841,9.7491,3.2106,6.72,0.0,288,278,93
18th Lok Sabha,7,Lok Sabha,8,Chhattisgarh,88,KANKER(ST),3042327,BHOJRAJ NAG,16.47,5.15,4.5001,1.4553,3.08,0.0,72,63,23
18th Lok Sabha,7,Lok Sabha,8,Chhattisgarh,89,JANJGIR CHAMPA(SC),3042326,KAMLESH JANGDE,15.04,11.4662,9.8312,7.6172,8.53,0.0,344,278,159
18th Lok Sabha,7,Lok Sabha,8,Chhattisgarh,90,MAHASAMUND,3042328,ROOP KUMARI CHOUDHARY,15.3,10.1061,9.3861,3.5853,6.69,0.0,154,145,64
18th Lok Sabha,7,Lok Sabha,8,Chhattisgarh,91,BILASPUR,3042325,TOKHAN SAHU,14.7,9.4445,9.1445,1.8468,4.34,0.0,127,124,30
18th Lok Sabha,7,Lok Sabha,8,Chhattisgarh,92,BASTAR(ST),3042324,MAHESH KASHYAP,14.7,9.6474,9.4774,1.2626,5.4,0.0,172,168,31
18th Lok Sabha,7,Lok Sabha,8,Chhattisgarh,93,RAIPUR,3043392,BRIJMOHAN AGRAWAL,15.38,9.8,9.475,2.0276,6.4,0.0,131,128,27
18th Lok Sabha,7,Lok Sabha,8,Chhattisgarh,94,RAJNANDGAON,3018365,Santosh Pandey,14.7,8.1006,7.5856,2.7813,4.58,0.0,172,160,52
18th Lok Sabha,7,Lok Sabha,8,Chhattisgarh,95,SARGUJA(ST),3043715,CHINTAMANI MAHARAJ,14.7,9.706,8.0647,1.2991,5.4,0.0,327,244,43
18th Lok Sabha,7,Lok Sabha,11,Delhi,98,NORTH WEST DELHI(SC),3045894,Yogendra Chandoliya,14.79,4.6147,3.9506,0.0929,0.3176,0.0,55,51,4
18th Lok Sabha,7,Lok Sabha,11,Delhi,99,CHANDINI CHOWK,3045891,Praveen Khandelwal,14.75,5.1457,4.4806,0.3263,1.98,0.0,59,52,7
18th Lok Sabha,7,Lok Sabha,11,Delhi,100,EAST DELHI,3045892,Harsh Malhotra,14.71,7.634,7.0254,0.4259,2.13,0.0,109,104,5
18th Lok Sabha,7,Lok Sabha,11,Delhi,101,NORTH EAST DELHI,3020007,Manoj Tiwari,22.58,5.5245,4.0211,0.2087,2.63,0.0,16,12,2
18th Lok Sabha,7,Lok Sabha,11,Delhi,102,WEST DELHI,3045896,Kamaljeet Sehrawat,14.7,7.6287,4.5888,0.0,0.924,0.0,51,46,0
18th Lok Sabha,7,Lok Sabha,11,Delhi,103,NEW DELHI,3045893,Bansuri Swaraj,15.43,8.6824,4.7287,0.2454,1.92,0.0,110,71,4
18th Lok Sabha,7,Lok Sabha,11,Delhi,104,SOUTH DELHI,3045895,Ramvir Singh Bidhuri,14.76,9.4245,9.4245,0.1522,1.87,0.0,100,100,2
18th Lok Sabha,7,Lok Sabha,12,Goa,105,SOUTH GOA,3042329,CAPTAIN VIRIATO FERNANDES,14.7,9.6548,4.612,1.034,3.9,0.0,100,48,16
18th Lok Sabha,7,Lok Sabha,12,Goa,106,NORTH GOA,3018989,Shripad Yesso Naik,14.7,10.2061,1.6703,0.0,1.54,0.0,96,26,0
18th Lok Sabha,7,Lok Sabha,27,Gujarat,107,BANASKANTHA,3043220,GENIBEN NAGAJI THAKOR,14.7,6.3527,4.4817,1.0347,1.96,0.0,137,103,27
18th Lok Sabha,7,Lok Sabha,27,Gujarat,108,VADODARA,3042336,DR. HEMANG JOSHI,14.7,9.6614,9.6614,3.7605,4.35,0.0,158,158,51
18th Lok Sabha,7,Lok Sabha,27,Gujarat,109,PORBANDAR,3043487,DR. MANSUKH MANDAVIYA,14.7,8.8958,7.9208,1.6531,2.19,0.0,169,158,54
18th Lok Sabha,7,Lok Sabha,27,Gujarat,110,MAHESANA,3042332,HARIBHAI PATEL,14.7,9.7988,7.8291,2.6606,3.32,0.0,497,386,142
18th Lok Sabha,7,Lok Sabha,27,Gujarat,111,VALSAD(ST),3042337,DHAVAL LAXMANBHAI PATEL,14.7,8.3533,7.4954,2.8556,3.57,0.0,213,204,54
18th Lok Sabha,7,Lok Sabha,27,Gujarat,112,AMRELI,3043225,BHARATBHAI MANUBHAI SUTARIYA,14.7,9.9628,9.3528,4.1342,5.09,0.0,275,262,126
18th Lok Sabha,7,Lok Sabha,27,Gujarat,113,BARDOLI(ST),3018999,Prabhubhai Nagarbhai Vasava,14.7,9.4329,7.7801,1.9824,2.19,0.0,293,234,61
18th Lok Sabha,7,Lok Sabha,27,Gujarat,114,SURAT,3042335,MUKESHKUMAR CHANDRAKAANT DALAL,14.7,7.805,3.2717,2.2023,2.44,0.0,171,142,88
18th Lok Sabha,7,Lok Sabha,27,Gujarat,115,ANAND,3018996,Mitesh Rameshbhai Bakabhai Patel,14.7,9.462,8.5541,2.6758,3.28,0.0,443,409,134
18th Lok Sabha,7,Lok Sabha,27,Gujarat,116,DAHOD(ST),3018994,Jaswantsinh Sumanbhai Bhabhor,14.7,9.798,8.1655,0.7932,1.61,0.0,297,249,25
18th Lok Sabha,7,Lok Sabha,27,Gujarat,117,PATAN,3018991,Bharatsinhji Shankarji Dabhi,14.7,9.9999,7.0509,4.1469,5.58,0.0,273,196,115
18th Lok Sabha,7,Lok Sabha,27,Gujarat,118,SURENDRANAGAR,3043227,CHANDUBHAI CHHAGANBHAI SHIHORA,14.7,9.305,8.215,2.3938,4.5,0.0,209,194,65
18th Lok Sabha,7,Lok Sabha,27,Gujarat,119,BHAVNAGAR,3043226,NIMUBEN JAYANTIBHAI BAMBHANIYA,14.7,5.9458,5.5368,1.7193,2.23,0.0,49,43,24
18th Lok Sabha,7,Lok Sabha,27,Gujarat,120,JAMNAGAR,3019005,Smt Poonamben Hematbhai Maadam,14.7,6.0015,4.7015,0.6976,1.54,0.0,126,103,16
18th Lok Sabha,7,Lok Sabha,27,Gujarat,121,NAVSARI,3018992,C R Patil,15.85,10.9414,10.8831,5.1647,5.36,0.0,369,368,237
18th Lok Sabha,7,Lok Sabha,27,Gujarat,122,JUNAGADH,3017388,Rajeshbhai Naranbhai Chudasama,14.7,8.6373,8.1725,2.3239,4.63,0.0,258,247,70
18th Lok Sabha,7,Lok Sabha,27,Gujarat,123,KHEDA,3017181,Devusinh Jesingbhai Chauhan,14.7,9.6546,8.1994,3.3189,4.16,0.0,428,373,182
18th Lok Sabha,7,Lok Sabha,27,Gujarat,124,AHMEDABAD EAST,3019002,Hasmukh Bhai Soma Bhai Patel,14.7,9.4768,5.3508,0.7572,1.53,0.0,161,78,16
18th Lok Sabha,7,Lok Sabha,27,Gujarat,125,AHMEDABAD WEST(SC),3042330,DINESHBHAI MAKWANA,16.04,9.0061,6.9113,0.0,0.8,0.0,209,107,0
18th Lok Sabha,7,Lok Sabha,27,Gujarat,126,GANDHINAGAR,3017389,Shri Amit Shah,14.7,5.3223,2.9353,0.3753,0.4147,0.0,118,43,20
18th Lok Sabha,7,Lok Sabha,27,Gujarat,127,KACHCHH(SC),3019001,Vinod Chavda,14.7,9.5541,8.8291,1.8756,4.08,0.0,238,219,46
18th Lok Sabha,7,Lok Sabha,27,Gujarat,128,RAJKOT,3042334,PARSHOTTAMBHAI RUPALA,14.7,9.466,7.1325,2.7067,3.02,0.0,211,174,59
18th Lok Sabha,7,Lok Sabha,27,Gujarat,129,SABARKANTHA,3043222,SHOBHANABEN MAHENDRASINH BARAIYA,14.7,9.6456,8.5152,1.9262,4.35,0.0,269,240,52
18th Lok Sabha,7,Lok Sabha,27,Gujarat,130,CHHOTA UDAIPUR(ST),3042331,JASHUBHAI BHILUBHAI RATHVA,14.7,10.6622,10.1052,2.4787,2.74,0.0,347,338,73
18th Lok Sabha,7,Lok Sabha,27,Gujarat,131,PANCHMAHAL,3042333,RAJPALSINH MAHENDRASINH JADAV,14.7,9.6232,6.4662,0.8132,1.77,0.0,459,312,33
18th Lok Sabha,7,Lok Sabha,27,Gujarat,132,BHARUCH,3018995,Mansukhbhai Dhanjibhai Vasava,14.7,9.7606,9.1856,5.1524,5.75,0.0,365,356,171
18th Lok Sabha,7,Lok Sabha,14,Haryana,133,SONEPAT,3042345,SATPAL BRAHAMCHARI,14.7,9.6421,6.2266,0.539,2.08,0.0,146,100,6
18th Lok Sabha,7,Lok Sabha,14,Haryana,134,KURUKSHETRA,3042342,NAVEEN JINDAL,14.7,7.9807,7.7507,2.6948,5.29,0.0,197,192,92
18th Lok Sabha,7,Lok Sabha,14,Haryana,135,HISAR,3042340,JAI PARKASH,14.7,11.9254,9.0609,1.2116,4.97,0.0,386,249,59
18th Lok Sabha,7,Lok Sabha,14,Haryana,136,KARNAL,3042341,MANOHAR LAL,14.7,3.0524,2.9024,0.0,0.3566,0.0,19,18,0
18th Lok Sabha,7,Lok Sabha,14,Haryana,137,SIRSA(SC),3042344,SELJA,14.7,8.5225,6.3434,0.8696,1.54,0.0,259,200,45
18th Lok Sabha,7,Lok Sabha,14,Haryana,138,GURGAON,3018368,Rao Inderjit Singh,14.7,4.7927,4.6827,0.7933,2.03,0.0,46,45,6
18th Lok Sabha,7,Lok Sabha,14,Haryana,139,AMBALA (SC),3042338,VARUN CHAUDHRY,14.7,9.1089,7.7264,0.04,1.9,0.0,118,99,2
18th Lok Sabha,7,Lok Sabha,14,Haryana,140,FARIDABAD,3019007,Krishan Pal Gurjar,14.7,5.974,3.3129,0.08,1.31,0.0,72,40,1
18th Lok Sabha,7,Lok Sabha,14,Haryana,141,BHIWANI MAHENDRAGARH,3042339,DHARAMBIR SINGH,0.0,0.0,0.0,0.0,0.0,0.0,0,0,0
18th Lok Sabha,7,Lok Sabha,14,Haryana,141,BHIWANI MAHENDRAGARH,3017394,Shri  Dharambir Singh,14.7,8.5371,6.8799,3.8537,5.34,0.0,190,156,97
18th Lok Sabha,7,Lok Sabha,14,Haryana,142,ROHTAK,3042343,DEEPENDER SINGH HOODA,14.7,9.6095,8.4945,1.7859,4.88,0.0,142,127,32
18th Lok Sabha,7,Lok Sabha,15,Himachal Pradesh,143,HAMIRPUR_HP,3042346,Anurag Singh Thakur,0.0,0.0,0.0,0.0,0.0,0.0,0,0,0
18th Lok Sabha,7,Lok Sabha,15,Himachal Pradesh,143,HAMIRPUR_HP,3018369,Anurag Singh Thakur,14.96,3.1555,3.0255,0.2838,1.53,0.0,199,189,21
18th Lok Sabha,7,Lok Sabha,15,Himachal Pradesh,144,KANGRA,3042347,RAJEEV BHARDWAJ,17.94,12.8671,11.2068,2.2375,7.43,0.0,518,463,113
18th Lok Sabha,7,Lok Sabha,15,Himachal Pradesh,145,SHIMLA (SC),3019014,Suresh Kumar Kashyap,15.36,10.3305,10.2768,1.0435,8.68,0.0,505,502,42
18th Lok Sabha,7,Lok Sabha,15,Himachal Pradesh,146,MANDI,3043229,Kangana Ranaut,14.7,9.2201,8.3701,0.1338,3.6,0.0,315,286,10
18th Lok Sabha,7,Lok Sabha,16,Jammu And Kashmir,147,ANANTNAG,3042348,MIAN ALTAF AHMAD,14.7,9.0591,8.2421,0.1831,1.89,0.0,59,52,5
18th Lok Sabha,7,Lok Sabha,16,Jammu And Kashmir,148,UDHAMPUR,3019016,Jitendra Singh,14.7,10.0053,7.2703,3.2174,4.12,0.0,333,265,174
18th Lok Sabha,7,Lok Sabha,16,Jammu And Kashmir,149,BARAMULLAH,3044682,ABDUL RASHID SHEIKH,14.7,5.5383,4.4405,0.4756,2.03,0.0,124,91,12
18th Lok Sabha,7,Lok Sabha,16,Jammu And Kashmir,150,JAMMU,3017396,Shri Jugal Kishore Sharma,14.7,10.1543,8.452,0.7162,1.96,0.0,193,164,25
18th Lok Sabha,7,Lok Sabha,16,Jammu And Kashmir,151,SRINAGAR,3042349,AGA SYED RUHULLAH MEHDI,14.7,7.2326,5.3555,0.5331,1.58,0.0,163,127,19
18th Lok Sabha,7,Lok Sabha,17,Jharkhand,152,HAZARIBAGH,3042352,MANISH JAISWAL,14.7,9.7088,1.55,0.0,0.0,0.0,195,31,0
18th Lok Sabha,7,Lok Sabha,17,Jharkhand,153,GODDA,3019020,Nishikant Dubey,14.7,0.4286,0.1786,0.0,0.1786,0.0,2,1,0
18th Lok Sabha,7,Lok Sabha,17,Jharkhand,154,DHANBAD,3042351,DULU MAHATO,14.7,8.8308,6.1334,2.0745,4.06,0.0,240,167,55
18th Lok Sabha,7,Lok Sabha,17,Jharkhand,155,GIRIDIH,3017399,Shri Chandra Prakash Choudhary,14.7,9.7952,8.392,0.8044,4.71,0.0,632,594,29
18th Lok Sabha,7,Lok Sabha,17,Jharkhand,156,SINGHBHUM(ST),3042356,JOBA MAJHI,14.7,7.8211,6.003,0.0,4.64,0.0,118,88,0
18th Lok Sabha,7,Lok Sabha,17,Jharkhand,157,LOHARDAGA(ST),3042354,SUKHDEO BHAGAT,17.18,15.9265,14.3287,3.1199,13.1,0.0,285,269,50
18th Lok Sabha,7,Lok Sabha,17,Jharkhand,158,RANCHI,3018372,Sanjay Seth,14.71,9.7793,9.7793,2.9565,8.22,0.0,150,150,49
18th Lok Sabha,7,Lok Sabha,17,Jharkhand,159,DUMKA(ST),3043223,NALIN SOREN,14.74,12.1125,9.5325,1.11,7.47,0.0,377,286,36
18th Lok Sabha,7,Lok Sabha,17,Jharkhand,160,CHATRA,3042350,KALI CHARAN SINGH,14.7,9.7999,9.1549,0.0299,3.01,0.0,476,450,1
18th Lok Sabha,7,Lok Sabha,17,Jharkhand,161,JAMSHEDPUR,3019022,Bidyut Baran Mahato,14.7,9.7972,9.7972,0.0,7.35,0.0,173,173,0
18th Lok Sabha,7,Lok Sabha,17,Jharkhand,162,PALAMU(SC),3018374,Vishnu Dayal Ram,15.82,10.6956,8.0681,1.7107,6.45,0.0,253,182,38
18th Lok Sabha,7,Lok Sabha,17,Jharkhand,163,RAJMAHAL(ST),3019023,Vijay Kumar Hansdak,14.72,8.977,5.2782,0.0,2.02,0.0,458,293,0
18th Lok Sabha,7,Lok Sabha,17,Jharkhand,164,KHUNTI(ST),3042353,KALI CHARAN MUNDA,14.7,9.7981,8.7981,0.825,7.63,0.0,265,165,13
18th Lok Sabha,7,Lok Sabha,17,Jharkhand,165,KODARMA,3018370,Annpurna Devi,16.67,10.1232,6.7735,2.0486,3.39,0.0,335,225,71
18th Lok Sabha,7,Lok Sabha,18,Karnataka,166,BANGALORE RURAL,3042357,DR C N MANJUNATH,14.7,9.6654,6.3342,1.7638,5.15,0.05,200,128,36
18th Lok Sabha,7,Lok Sabha,18,Karnataka,167,BELLARY(ST),3042359,E. TUKARAM,14.7,9.8,2.06,0.0,0.9473,0.0,91,20,0
18th Lok Sabha,7,Lok Sabha,18,Karnataka,168,RAICHUR(ST),3042373,G. KUMAR NAIK,14.7,8.0496,3.6996,0.5496,2.19,0.0,107,50,7
18th Lok Sabha,7,Lok Sabha,18,Karnataka,169,BAGALKOT,3019034,Parvatagouda Chandanagouda Gaddigoudar,14.7,9.729,8.529,1.099,4.82,0.0,183,162,22
18th Lok Sabha,7,Lok Sabha,18,Karnataka,170,KOPPAL,3042370,K. RAJASHEKAR BASAVARAJ HITNAL,14.7,9.751,7.196,1.909,5.9,0.0,180,121,41
18th Lok Sabha,7,Lok Sabha,18,Karnataka,171,CHIKBALLAPUR,3042362,DR.K.SUDHAKAR,14.7,10.4676,5.1596,0.2996,2.43,0.0,160,83,10
18th Lok Sabha,7,Lok Sabha,18,Karnataka,172,GULBARGA(SC),3042366,RADHAKRISHNA,14.7,9.8,1.61,0.0,0.0,0.0,29,3,0
18th Lok Sabha,7,Lok Sabha,18,Karnataka,173,DAKSHINA KANNADA,3042364,CAPTAIN BRIJESH CHOWTA,14.7,9.4617,6.4167,2.9637,3.64,0.0,205,140,63
18th Lok Sabha,7,Lok Sabha,18,Karnataka,174,SHIMOGA,3017402,Shri B Y Raghavendra,14.7,9.7661,7.6146,1.7471,6.13,0.0,248,191,40
18th Lok Sabha,7,Lok Sabha,18,Karnataka,175,BELGAUM,3042358,JAGADISH SHETTAR,14.7,8.95,0.45,0.0,0.3377,0.0,165,8,0
18th Lok Sabha,7,Lok Sabha,18,Karnataka,176,CHIKKODI,3043717,PRIYANKA SATISH JARKIHOLI,14.7,8.6061,1.4311,0.6861,1.34,0.0,148,19,8
18th Lok Sabha,7,Lok Sabha,18,Karnataka,177,MYSORE,3042372,YADUVEER KRISHNADATTA CHAMARAJA WADIYAR,14.7,9.765,5.965,0.9,4.59,0.0,162,97,14
18th Lok Sabha,7,Lok Sabha,18,Karnataka,178,UDUPI CHIKMAGALUR,3042375,KOTA SRINIVAS POOJARY,14.7,9.769,4.146,1.761,2.96,0.0,262,103,40
18th Lok Sabha,7,Lok Sabha,18,Karnataka,179,HASSAN,3042367,SHREYAS. M. PATEL,14.7,9.7316,7.3676,0.2387,4.32,0.0,192,146,5
18th Lok Sabha,7,Lok Sabha,18,Karnataka,180,HAVERI,3042368,BASAVARAJ BOMMAI,14.7,9.595,6.5,0.56,4.99,0.0,159,110,8
18th Lok Sabha,7,Lok Sabha,18,Karnataka,181,BANGALORE NORTH,3043716,SHOBHA KARANDLAJE,14.7,9.7984,5.3294,0.2494,3.44,0.0,97,51,5
18th Lok Sabha,7,Lok Sabha,18,Karnataka,182,BANGALORE SOUTH,3017406,Shri LS Tejasvi Surya,14.7,9.4093,4.7593,0.3493,3.24,0.0,101,47,7
18th Lok Sabha,7,Lok Sabha,18,Karnataka,183,BANGALORE CENTRAL,3019529,P C Mohan,16.0,2.1927,0.534,0.474,0.534,0.0,12,2,1
18th Lok Sabha,7,Lok Sabha,18,Karnataka,184,BIDAR,3042360,SAGAR ESHWAR KHANDRE,14.7,7.6813,3.4616,0.0,0.8703,0.0,137,80,0
18th Lok Sabha,7,Lok Sabha,18,Karnataka,185,KOLAR(SC),3042369,M. MALLESH BABU,14.71,5.2853,4.2295,0.2995,3.52,0.0,83,68,2
18th Lok Sabha,7,Lok Sabha,18,Karnataka,186,DAVANAGERE,3042365,DR. PRABHA MALLIKARJUN,14.7,9.31,4.3,0.48,3.48,0.0,96,42,4
18th Lok Sabha,7,Lok Sabha,18,Karnataka,187,DHARWAD,3019036,Pralhad Venkatesh Joshi,14.7,8.9945,3.4045,0.7995,1.61,0.0,191,78,18
18th Lok Sabha,7,Lok Sabha,18,Karnataka,188,MANDYA,3042371,H.D. KUMARASWAMY,14.7,9.55,4.6,0.0,4.01,0.0,147,69,0
18th Lok Sabha,7,Lok Sabha,18,Karnataka,189,TUMKUR,3042374,V. SOMANNA,14.7,6.4919,3.4,0.0,2.25,0.0,54,18,0
18th Lok Sabha,7,Lok Sabha,18,Karnataka,190,CHAMARAJANAGAR(SC),3042361,SUNIL BOSE,14.7,9.505,4.07,0.0,3.26,0.0,114,49,0
18th Lok Sabha,7,Lok Sabha,18,Karnataka,191,BIJAPUR(SC),3019039,Ramesh Chandappa Jigajinagi,26.95,8.827,2.026,0.0,1.11,0.0,279,55,0
18th Lok Sabha,7,Lok Sabha,18,Karnataka,192,CHITRADURGA(SC),3042363,GOVIND MAKTHAPPA KARJOL,14.7,9.8,5.92,0.05,3.42,0.0,184,115,1
18th Lok Sabha,7,Lok Sabha,18,Karnataka,193,UTTARA KANNADA,3042376,VISHWESHWAR HEGDE KAGERI,14.7,7.71,3.1225,0.0,2.86,0.0,112,45,0
18th Lok Sabha,7,Lok Sabha,36,Kerala,194,KANNUR,3017416,Shri Kumbakudi Sudhakaran,14.7,9.7654,3.9562,1.2526,2.09,0.0,268,126,52
18th Lok Sabha,7,Lok Sabha,36,Kerala,195,THIRUVANANTHAPURAM,3017408,Dr Shashi Tharoor,14.7,9.5008,9.2008,2.9983,3.26,0.0,114,113,33
18th Lok Sabha,7,Lok Sabha,36,Kerala,196,ATTINGAL,3017411,Adv Adoor Prakash,14.7,9.793,9.3877,1.9365,2.16,0.0,369,356,79
18th Lok Sabha,7,Lok Sabha,36,Kerala,197,WAYANAD,3049648,Priyanka Gandhi Vadra,12.25,7.3371,5.1571,0.2921,3.05,0.0,62,37,2
18th Lok Sabha,7,Lok Sabha,36,Kerala,198,PATHANAMTHITTA,3019048,Anto Antony,14.7,9.7077,5.6955,1.222,2.03,0.0,266,161,50
18th Lok Sabha,7,Lok Sabha,36,Kerala,199,ERNAKULAM,3017417,Shri Hibi Eden,14.7,9.6963,7.1333,1.3956,2.29,0.0,99,66,15
18th Lok Sabha,7,Lok Sabha,36,Kerala,200,CHALAKUDY,3017413,Shri Benny Behanan,14.7,9.8111,5.4801,0.9651,2.14,0.0,150,69,6
18th Lok Sabha,7,Lok Sabha,36,Kerala,201,KASARAGOD,3017415,Shri Rajmohan Unnithan,15.68,6.2067,4.6409,1.1215,2.05,0.0,161,140,50
18th Lok Sabha,7,Lok Sabha,36,Kerala,202,KOTTAYAM,3042378,ADV K FRANCIS GEORGE,18.87,9.5471,7.7301,1.4789,2.34,0.0,203,170,27
18th Lok Sabha,7,Lok Sabha,36,Kerala,203,MALAPPURAM,3042789,E.T. MOHAMMED BASHEER,16.39,6.6604,4.8054,0.2044,1.12,0.0,122,86,6
18th Lok Sabha,7,Lok Sabha,36,Kerala,204,PONNANI,3042790,DR. M.P ABDUSSAMAD SAMADANI,17.04,11.7675,3.6851,0.1316,0.3417,0.0,240,113,7
18th Lok Sabha,7,Lok Sabha,36,Kerala,205,VADAKARA,3042380,SHAFI PARAMBIL,14.7,9.1212,2.7847,0.1512,0.9095,0.5,218,80,15
18th Lok Sabha,7,Lok Sabha,36,Kerala,206,KOZHIKODE,3017409,Shri M K Raghavan,14.7,9.7727,2.154,0.143,0.2584,0.0,273,51,4
18th Lok Sabha,7,Lok Sabha,36,Kerala,207,ALAPPUZHA,3042377,K. C VENUGOPAL,14.7,8.5649,5.8082,1.3236,3.33,0.0,88,64,18
18th Lok Sabha,7,Lok Sabha,36,Kerala,208,MAVELIKKARA(SC),3017412,Shri Suresh Kodikunnil,17.24,11.7027,8.2222,1.153,3.13,0.0,162,122,26
18th Lok Sabha,7,Lok Sabha,36,Kerala,209,KOLLAM,3017410,Shri NK Premachandran,17.15,13.0151,11.7572,1.6614,3.82,0.2,182,162,23
18th Lok Sabha,7,Lok Sabha,36,Kerala,210,THRISSUR,3042379,SURESH GOPI,14.7,8.4773,6.8872,1.0327,1.24,0.0,70,52,12
18th Lok Sabha,7,Lok Sabha,36,Kerala,211,ALATHUR(SC),3043393,K RADHAKRISHNAN,14.7,11.8399,9.3259,1.443,1.69,0.25,163,130,11
18th Lok Sabha,7,Lok Sabha,36,Kerala,212,PALAKKAD,3018377,Vellalath Kochukrishnan Nair Sreekandan,14.7,9.2559,6.7056,1.3583,3.0,0.0,205,149,53
18th Lok Sabha,7,Lok Sabha,36,Kerala,213,IDUKKI,3017418,Adv Dean Kuriakose,14.7,9.614,8.2447,4.3846,5.09,0.0,153,133,88
18th Lok Sabha,7,Lok Sabha,130,Ladakh,214,LADAKH,3043914,Mohamed Haneefa,16.11,1.1208,0.9308,0.0,0.3935,0.0,14,11,0
18th Lok Sabha,7,Lok Sabha,19,Lakshadweep,215,LAKSHADWEEP(ST),3042791,MUHAMMED HAMDULLAH SAYEED,15.39,9.0492,5.7162,0.0194,3.64,0.0,27,24,1
18th Lok Sabha,7,Lok Sabha,20,Madhya Pradesh,216,BETUL(ST),3018381,Durga Das Uikey,15.16,12.9357,9.1241,6.5545,8.28,0.0,462,333,281
18th Lok Sabha,7,Lok Sabha,20,Madhya Pradesh,217,MORENA,3042389,SHIVMANGAL SINGH TOMAR,14.7,4.3668,2.3472,0.0,1.88,0.0,70,52,0
18th Lok Sabha,7,Lok Sabha,20,Madhya Pradesh,218,BHOPAL,3042382,ALOK SHARMA,14.7,8.3407,7.2907,0.0,2.56,0.0,62,51,0
18th Lok Sabha,7,Lok Sabha,20,Madhya Pradesh,219,TIKAMGARH(SC),3019053,Virendra Kumar,14.7,9.7749,8.3033,0.2784,3.98,0.0,247,187,6
18th Lok Sabha,7,Lok Sabha,20,Madhya Pradesh,220,GUNA,3043718,JYOTIRADITYA M. SCINDIA,14.7,8.9907,6.1823,1.5094,5.32,0.0,63,61,18
18th Lok Sabha,7,Lok Sabha,20,Madhya Pradesh,221,SHAHDOL (ST),3019069,Smt Himadri Singh,14.7,8.6672,6.3349,1.8401,5.02,0.0,132,95,39
18th Lok Sabha,7,Lok Sabha,20,Madhya Pradesh,222,KHANDWA,3019058,Gyaneshwar Patil,15.3,10.3986,9.6786,4.7276,8.21,0.0,298,288,147
18th Lok Sabha,7,Lok Sabha,20,Madhya Pradesh,223,DHAR(ST),3042385,SAVITRI THAKUR,14.7,9.4062,8.6612,5.8412,6.97,0.0,237,224,178
18th Lok Sabha,7,Lok Sabha,20,Madhya Pradesh,224,BHIND(SC),3019070,Smt Sandhya Ray,14.7,6.826,3.826,0.9581,2.52,0.0,127,97,48
18th Lok Sabha,7,Lok Sabha,20,Madhya Pradesh,225,INDORE,3019065,Shankar Lalwani,14.7,9.5083,9.5083,5.5203,6.55,0.0,238,238,145
18th Lok Sabha,7,Lok Sabha,20,Madhya Pradesh,226,JABALPUR,3042388,ASHISH DUBEY,14.7,4.77,3.699,0.4832,1.84,0.0,195,155,15
18th Lok Sabha,7,Lok Sabha,20,Madhya Pradesh,227,VIDISHA,3044395,SHIVRAJ SINGH CHOUHAN,14.7,4.8943,4.7843,0.3943,3.57,0.0,79,76,8
18th Lok Sabha,7,Lok Sabha,20,Madhya Pradesh,228,SAGAR,3042391,DR. LATA WANKHEDE,14.7,9.901,9.656,7.0093,9.11,0.0,144,135,74
18th Lok Sabha,7,Lok Sabha,20,Madhya Pradesh,229,REWA,3019059,Janardan Mishra,14.7,9.7822,9.3332,0.0,8.52,0.0,89,81,0
18th Lok Sabha,7,Lok Sabha,20,Madhya Pradesh,230,RATLAM(ST),3042390,ANITA NAGARSINGH CHOUHAN,14.7,8.9022,8.7177,0.6584,4.45,0.0,203,199,19
18th Lok Sabha,7,Lok Sabha,20,Madhya Pradesh,231,CHHINDWARA,3042383,BUNTY VIVEK SAHU,14.7,9.793,7.1554,1.4084,4.62,0.0,472,332,73
18th Lok Sabha,7,Lok Sabha,20,Madhya Pradesh,232,MANDLA(ST),3019055,Faggan Singh Kulaste,15.19,9.7088,5.7664,0.9698,3.95,0.0,306,168,19
18th Lok Sabha,7,Lok Sabha,20,Madhya Pradesh,233,MANDSOUR,3017421,Shri Sudheer Gupta,14.9,3.1819,2.2544,0.6895,1.7,0.0,180,111,55
18th Lok Sabha,7,Lok Sabha,20,Madhya Pradesh,234,UJJAIN(SC),3017425,Shri Anil Firojiya,14.7,9.6951,8.9451,1.5386,6.75,0.0,245,239,88
18th Lok Sabha,7,Lok Sabha,20,Madhya Pradesh,235,DAMOH,3042384,RAHUL SINGH LODHI,16.31,7.8847,7.2336,0.7262,5.79,0.0,270,247,31
18th Lok Sabha,7,Lok Sabha,20,Madhya Pradesh,236,DEWAS(SC),3019068,Mahendra Singh Solanky,14.7,8.6121,5.6807,0.22,2.75,0.0,116,73,4
18th Lok Sabha,7,Lok Sabha,20,Madhya Pradesh,237,GWALIOR,3042386,BHARAT SINGH KUSHWAH,15.15,2.5327,1.7224,0.0,0.6102,0.0,22,16,0
18th Lok Sabha,7,Lok Sabha,20,Madhya Pradesh,238,HOSHANGABAD,3042387,DARSHAN SINGH CHOUDHARY,14.7,5.421,4.0375,0.5187,2.37,0.0,354,262,48
18th Lok Sabha,7,Lok Sabha,20,Madhya Pradesh,239,KHARGONE(ST),3019056,Gajendra Singh Patel,14.7,9.3227,8.1447,1.4552,6.19,0.0,278,245,81
18th Lok Sabha,7,Lok Sabha,20,Madhya Pradesh,240,SIDHI,3042392,DR. RAJESH MISHRA,26.27,21.3426,19.4067,8.2575,17.22,0.0,280,252,134
18th Lok Sabha,7,Lok Sabha,20,Madhya Pradesh,241,RAJGARH,3018380,Rodmal Nagar,14.7,10.4686,8.3486,0.0,8.26,0.0,266,168,0
18th Lok Sabha,7,Lok Sabha,20,Madhya Pradesh,242,BALAGHAT,3042381,BHARTI PARDHI,15.44,9.8986,9.7486,3.8588,6.41,0.0,160,157,74
18th Lok Sabha,7,Lok Sabha,20,Madhya Pradesh,243,KHAJURAHO,3018383,Vishnu Dutt Sharma,14.7,1.369,1.071,0.491,0.689,0.0,9,6,3
18th Lok Sabha,7,Lok Sabha,20,Madhya Pradesh,244,SATNA,3019057,Ganesh Singh,14.7,7.0872,4.309,1.6868,3.01,0.0,311,179,68
18th Lok Sabha,7,Lok Sabha,21,Maharashtra,245,RAVER,3019105,Smt Raksha Nikhil Khadse,15.31,1.8045,1.2045,0.0915,0.5872,0.0,9,7,1
18th Lok Sabha,7,Lok Sabha,21,Maharashtra,246,JALGAON,3042405,SMITA UDAY WAGH,14.81,1.6031,1.6031,1.1831,1.4,0.0,10,10,7
18th Lok Sabha,7,Lok Sabha,21,Maharashtra,247,RATNAGIRI-SINDHUDURG,3042416,NARAYAN TATU RANE,14.7,8.4275,5.3075,0.7525,1.39,0.0,91,55,11
18th Lok Sabha,7,Lok Sabha,21,Maharashtra,248,DHULE,3042401,BACHHAV SHOBHA DINESH,14.7,9.6457,4.4357,0.5357,0.828,0.0,87,42,6
18th Lok Sabha,7,Lok Sabha,21,Maharashtra,249,LATUR(SC),3043224,DR KALGE SHIVAJI BANDAPPA,14.7,9.0947,2.6246,1.5272,2.33,0.0,115,30,18
18th Lok Sabha,7,Lok Sabha,21,Maharashtra,250,NAGPUR,3019087,Nitin Jairam Gadkari,14.7,9.751,4.62,0.9999,3.1,0.0,53,24,1
18th Lok Sabha,7,Lok Sabha,21,Maharashtra,251,RAMTEK(SC),3042415,Shyamkumar,14.7,5.66,0.2,0.0,0.1478,0.0,55,3,0
18th Lok Sabha,7,Lok Sabha,21,Maharashtra,252,BARAMATI,3019106,Smt Supriya Sadanand Sule,14.7,5.6962,1.2262,0.3462,1.01,0.0,85,16,4
18th Lok Sabha,7,Lok Sabha,21,Maharashtra,253,MAVAL,3019099,Shrirang Appa Barne,14.7,8.9997,3.4797,0.1997,3.0,0.0,90,45,2
18th Lok Sabha,7,Lok Sabha,21,Maharashtra,254,SHIRUR,3019076,Amol Ramsing Kolhe,14.7,9.7886,2.2385,0.7986,1.86,0.0,102,27,8
18th Lok Sabha,7,Lok Sabha,21,Maharashtra,255,PUNE,3042414,MURLIDHAR MOHOL,14.7,9.75,1.2,0.0,1.2,0.0,74,12,0
18th Lok Sabha,7,Lok Sabha,21,Maharashtra,256,YAVATMAL-WASHIM,3044176,Sanjay Uttamrao Deshmukh,18.56,7.6255,1.6505,0.48,1.42,0.0,113,25,7
18th Lok Sabha,7,Lok Sabha,21,Maharashtra,257,WARDHA,3042421,AMAR SHARADRAO KALE,14.7,5.8829,3.3322,0.0,2.63,0.0,96,40,0
18th Lok Sabha,7,Lok Sabha,21,Maharashtra,258,AURANGABAD_MH,3042396,BHUMARE SANDIPANRAO ASARAM,14.7,9.7994,4.6379,2.6879,4.41,0.0,76,33,18
18th Lok Sabha,7,Lok Sabha,21,Maharashtra,259,CHANDRAPUR,3042400,DHANORKAR PRATIBHA SURESH ALIAS BALUBHAU,14.7,9.4015,0.8615,0.1966,0.7832,0.0,70,7,1
18th Lok Sabha,7,Lok Sabha,21,Maharashtra,260,JALNA,3042406,KALYAN VAIJINATHRAO KALE,14.7,5.8901,3.7951,0.6951,3.42,0.0,60,39,7
18th Lok Sabha,7,Lok Sabha,21,Maharashtra,261,PARBHANI,3019095,Sanjay Haribhau Jadhav,14.7,7.6959,5.5459,1.9471,3.78,0.0,81,61,23
18th Lok Sabha,7,Lok Sabha,21,Maharashtra,262,AMRAVATI(SC),3042395,BALWANT BASWANT WANKHADE,19.83,14.9216,11.9458,0.0,6.36,0.0,168,130,0
18th Lok Sabha,7,Lok Sabha,21,Maharashtra,263,BEED,3042397,BAJRANG MANOHAR SONWANE,14.93,9.9467,2.7067,0.9467,2.53,0.0,100,28,10
18th Lok Sabha,7,Lok Sabha,21,Maharashtra,264,RAIGAD,3019101,Sunil Dattatray Tatkare,14.7,8.8459,7.3959,1.6609,4.99,0.0,55,44,13
18th Lok Sabha,7,Lok Sabha,21,Maharashtra,265,MUMBAI SOUTH,3019079,Arvind Ganpat Sawant,14.7,8.9675,2.8875,1.8375,2.89,0.0,51,18,13
18th Lok Sabha,7,Lok Sabha,21,Maharashtra,266,AKOLA,3042394,ANUP SANJAY DHOTRE,14.7,9.7322,5.8722,3.3972,4.03,0.0,99,62,36
18th Lok Sabha,7,Lok Sabha,21,Maharashtra,267,MUMBAI NORTH,3042792,Piyush Vedprakash Goyal,14.7,9.8,9.8,0.0,2.15,0.0,49,49,0
18th Lok Sabha,7,Lok Sabha,21,Maharashtra,268,MUMBAI NORTH-CENTRAL,3042409,GAIKWAD VARSHA EKNATH,14.7,9.8,9.8,0.0,8.36,0.0,57,57,0
18th Lok Sabha,7,Lok Sabha,21,Maharashtra,269,MUMBAI NORTH EAST,3043915,SANJAY DINA PATIL,14.7,8.75,4.86,0.0,0.156,0.0,40,25,0
18th Lok Sabha,7,Lok Sabha,21,Maharashtra,270,MUMBAI NORTH WEST,3042793,RAVINDRA DATTARAM WAIKAR,14.7,9.8,9.8,0.0,3.92,0.0,46,46,0
18th Lok Sabha,7,Lok Sabha,21,Maharashtra,271,MUMBAI SOUTH CENTRAL,3044396,ANIL YESHWANT DESAI,14.7,8.28,0.78,0.0,0.5896,0.0,34,4,0
18th Lok Sabha,7,Lok Sabha,21,Maharashtra,272,BULDHANA,3019090,Prataprao Jadhav,14.7,7.665,0.15,0.0,0.1208,0.0,106,2,0
18th Lok Sabha,7,Lok Sabha,21,Maharashtra,273,GADCHIROLI-CHIMUR(ST),3042403,DR. KIRSAN NAMDEO,14.7,9.7887,4.3037,0.3487,1.41,0.0,120,56,6
18th Lok Sabha,7,Lok Sabha,21,Maharashtra,274,NANDED,3042410,CHAVAN VASANTRAO BALWANTRAO,0.0,0.0,0.0,0.0,0.0,0.0,0,0,0
18th Lok Sabha,7,Lok Sabha,21,Maharashtra,274,NANDED,3052343,Ravindra Vasantrao Chavan,14.7,9.2865,1.7088,0.1492,1.24,0.0,120,21,2
18th Lok Sabha,7,Lok Sabha,21,Maharashtra,275,AHMEDNAGAR,3042393,NILESH DNYANDEV LANKE,14.7,9.5477,3.0477,0.0,1.54,0.0,74,21,0
18th Lok Sabha,7,Lok Sabha,21,Maharashtra,276,SHIRDI(SC),3042419,BHAUSAHEB RAJARAM WAKCHAURE,14.7,9.6642,5.6392,0.1192,0.7131,0.0,136,84,2
18th Lok Sabha,7,Lok Sabha,21,Maharashtra,277,DINDORI(ST),3042402,BHASKAR MURLIDHAR BHAGARE,14.7,8.9671,7.7571,0.5676,2.32,0.0,106,86,7
18th Lok Sabha,7,Lok Sabha,21,Maharashtra,278,NASHIK,3042412,RAJABHAU,15.29,9.2641,7.1962,1.0429,2.13,0.0,95,77,12
18th Lok Sabha,7,Lok Sabha,21,Maharashtra,279,OSMANABAD,3019088,Omprakash Bhupalsinh Alias Pawan Rajenimbalkar,18.48,10.5161,2.0912,1.2512,1.88,0.0,151,31,21
18th Lok Sabha,7,Lok Sabha,21,Maharashtra,280,MADHA,3042408,MOHITE PATIL DHAIRYASHEEL RAJSINH,19.56,6.55,2.166,0.0,0.8829,0.0,171,65,0
18th Lok Sabha,7,Lok Sabha,21,Maharashtra,281,SATARA,3042418,SHRIMANT CHH UDAYANRAJE PRATAPSINHAMAHARAJ BHONSLE,14.7,9.6999,8.6199,0.2999,0.9345,0.0,134,119,3
18th Lok Sabha,7,Lok Sabha,21,Maharashtra,282,BHANDARA-GONDIYA,3042398,DR. PRASHANT YADAORAO PADOLE,15.97,11.0497,2.1177,0.4277,0.5272,0.0,127,28,6
18th Lok Sabha,7,Lok Sabha,21,Maharashtra,283,HINGOLI,3042404,AASHTIKAR PATIL NAGESH BAPURAO,19.03,11.5965,5.4019,4.0755,5.07,0.0,94,42,28
18th Lok Sabha,7,Lok Sabha,21,Maharashtra,284,KOLHAPUR,3042407,CHHATRAPATI SHAHU SHAHAJI,14.7,9.791,2.8124,1.9624,2.15,0.0,101,28,19
18th Lok Sabha,7,Lok Sabha,21,Maharashtra,285,HATKANANGLE,3019082,Dhairyasheel Sambhajirao Mane,14.7,1.6969,1.2969,0.2,0.6519,0.0,13,9,2
18th Lok Sabha,7,Lok Sabha,21,Maharashtra,286,SOLAPUR(SC),3043228,PRANITI SUSHILKUMAR SHINDE,14.7,10.7694,0.4499,0.0,0.1499,0.0,121,5,0
18th Lok Sabha,7,Lok Sabha,21,Maharashtra,287,NANDURBAR(ST),3042411,ADV GOWAAL KAGADA PADAVI,14.78,8.8136,6.1227,0.0,0.0,0.0,279,228,0
18th Lok Sabha,7,Lok Sabha,21,Maharashtra,288,SANGLI,3042417,VISHAL,14.7,9.3174,7.9924,0.1985,1.1,0.0,86,77,2
18th Lok Sabha,7,Lok Sabha,21,Maharashtra,289,BHIWANDI,3042399,BALYA MAMA SURESH GOPINATH MHATRE,14.7,10.8095,7.6395,0.3496,4.15,0.0,116,90,4
18th Lok Sabha,7,Lok Sabha,21,Maharashtra,290,KALYAN,3019077,Shrikant Eknath Shinde,14.7,0.0325,0.0,0.0,0.0,0.0,1,0,0
18th Lok Sabha,7,Lok Sabha,21,Maharashtra,291,THANE,3042420,NARESH GANPAT MHASKE,14.7,0.0,0.0,0.0,0.0,0.0,0,0,0
18th Lok Sabha,7,Lok Sabha,21,Maharashtra,292,PALGHAR(ST),3042413,DR. HEMANT VISHNU SAVARA,14.7,7.6749,0.5249,0.0,0.205,0.0,80,7,0
18th Lok Sabha,7,Lok Sabha,22,Manipur,293,OUTER MANIPUR(ST),3044251,ALFRED KANNGAM S ARTHUR,14.7,10.1152,8.9152,2.4752,7.76,0.0,33,31,13
18th Lok Sabha,7,Lok Sabha,22,Manipur,294,INNER MANIPUR,3044252,ANGOMCHA BIMOL AKOIJAM,14.7,8.9336,8.8136,0.2301,7.92,0.0,37,35,2
18th Lok Sabha,7,Lok Sabha,23,Meghalaya,295,TURA,3042794,SALENG A SANGMA,14.7,9.76,9.415,2.745,8.7,0.0,216,211,49
18th Lok Sabha,7,Lok Sabha,23,Meghalaya,296,SHILLONG,3042422,ANDREW J. SYNGKON,9.8,9.8,9.075,2.2649,6.38,0.0,241,225,62
18th Lok Sabha,7,Lok Sabha,13,Mizoram,297,MIZORAM (ST),3042423,RICHARD VANLALHMANGAIHA,14.7,10.1494,9.5954,1.41,8.58,0.0,174,169,24
18th Lok Sabha,7,Lok Sabha,24,Nagaland,298,NAGALAND,3045278,S SUPONGMEREN JAMIR,14.7,9.8,9.8,8.83,9.51,0.0,39,39,37
18th Lok Sabha,7,Lok Sabha,25,Odisha,299,CUTTACK,3017437,Shri Bhartruhari Mahtab,14.7,10.2182,8.0894,1.3175,2.39,0.0,302,262,58
18th Lok Sabha,7,Lok Sabha,25,Odisha,300,JAGATSINGHPUR(SC),3042427,BIBHU PRASAD TARAI,14.7,9.521,6.086,0.02,0.5926,0.0,239,161,1
18th Lok Sabha,7,Lok Sabha,25,Odisha,301,ASKA,3043719,ANITA SUBHADARSHINI,14.7,4.97,4.97,0.52,0.7834,0.0,140,140,13
18th Lok Sabha,7,Lok Sabha,25,Odisha,302,BERHAMPUR,3042425,DR. PRADEEP KUMAR PANIGRAHY,14.7,2.815,0.0,0.0,0.0,0.0,69,0,0
18th Lok Sabha,7,Lok Sabha,25,Odisha,303,BOLANGIR,3017438,Smt Sangeeta Kumari Singh Deo,14.7,7.945,5.955,0.0,0.1233,0.0,228,173,0
18th Lok Sabha,7,Lok Sabha,25,Odisha,304,BALASORE,3018389,Pratap Chandra Sarangi,14.71,1.7966,0.3025,0.0,0.2525,0.0,55,11,0
18th Lok Sabha,7,Lok Sabha,25,Odisha,305,NABARANGPUR(ST),3042433,BALABHADRA MAJHI,14.74,9.795,7.255,0.1,0.664,0.0,220,179,2
18th Lok Sabha,7,Lok Sabha,25,Odisha,306,KEONJHAR(ST),3042431,ANANTA NAYAK,14.7,10.3435,5.56,0.13,1.64,0.0,264,166,4
18th Lok Sabha,7,Lok Sabha,25,Odisha,307,KALAHANDI,3042429,MALVIKA DEVI,14.7,10.3289,5.5944,3.6698,3.86,0.0,320,214,93
18th Lok Sabha,7,Lok Sabha,25,Odisha,308,PURI,3042434,SAMBIT PATRA,14.7,8.4889,6.2309,2.2639,3.04,0.0,670,618,456
18th Lok Sabha,7,Lok Sabha,25,Odisha,309,SAMBALPUR,3042435,DHARMENDRA PRADHAN,14.7,9.7553,6.3753,0.5753,0.6455,0.0,122,82,2
18th Lok Sabha,7,Lok Sabha,25,Odisha,310,JAJPUR(SC),3042428,RABINDRA NARAYAN BEHERA,14.71,6.809,2.094,0.0,0.5175,0.0,140,50,0
18th Lok Sabha,7,Lok Sabha,25,Odisha,311,SUNDARGARH (ST),3017435,Shri Jual Oram,17.31,11.3448,9.9818,0.496,5.43,1.0,194,176,8
18th Lok Sabha,7,Lok Sabha,25,Odisha,312,BHADRAK(SC),3042795,AVIMANYU SETHI,14.7,8.8295,5.5912,0.48,1.31,0.0,271,203,12
18th Lok Sabha,7,Lok Sabha,25,Odisha,313,KENDRAPARA,3042430,BAIJAYANT PANDA,14.7,8.907,4.67,0.58,1.08,0.0,56,37,7
18th Lok Sabha,7,Lok Sabha,25,Odisha,314,MAYURBHANJ (ST),3042432,NABA CHARAN MAJHI,14.76,9.51,5.19,0.93,2.17,0.0,154,88,18
18th Lok Sabha,7,Lok Sabha,25,Odisha,315,BARGARH,3042424,PRADEEP PUROHIT,14.7,9.3871,7.4771,1.0021,1.53,0.0,231,187,29
18th Lok Sabha,7,Lok Sabha,25,Odisha,316,KANDHAMAL,3043546,SUKANTA KUMAR PANIGRAHI,19.07,8.8489,7.5199,1.6299,4.55,0.0,289,256,47
18th Lok Sabha,7,Lok Sabha,25,Odisha,317,BHUBANESWAR,3017373,Smt Aparajita Sarangi,14.74,9.795,6.93,0.3,1.9,0.0,274,198,19
18th Lok Sabha,7,Lok Sabha,25,Odisha,318,DHENKANAL,3042426,RUDRA NARAYAN PANY,15.5,5.6337,1.6882,0.0,0.0,0.0,73,20,0
18th Lok Sabha,7,Lok Sabha,25,Odisha,319,KORAPUT(ST),3018390,Saptagiri Sankar Ulaka,26.95,17.526,7.592,3.256,5.17,0.0,545,247,103
18th Lok Sabha,7,Lok Sabha,26,Puducherry,547,Puducherry,3019122,Vaithilingam Ve,20.94,12.5014,3.8734,0.2725,2.48,0.0,68,20,3
18th Lok Sabha,7,Lok Sabha,1,Punjab,321,BHATINDA,3042436,HARSIMRAT KAUR BADAL,0.0,0.0,0.0,0.0,0.0,0.0,0,0,0
18th Lok Sabha,7,Lok Sabha,1,Punjab,321,BHATINDA,3019127,Smt Harsimrat Kaur Badal,15.98,11.0705,10.9805,3.6429,7.3,0.0,315,310,114
18th Lok Sabha,7,Lok Sabha,1,Punjab,322,GURDASPUR,3042439,SUKHJINDER SINGH RANDHAWA,14.7,9.6311,8.4169,0.8561,4.54,0.0,281,257,56
18th Lok Sabha,7,Lok Sabha,1,Punjab,323,AMRITSAR,3017446,Shri Gurjeet Singh Aujla,14.7,8.7609,8.1393,3.0817,5.4,0.7067,225,207,74
18th Lok Sabha,7,Lok Sabha,1,Punjab,324,HOSHIARPUR(SC),3042440,DR. RAJ KUMAR CHABBEWAL,14.7,9.6774,9.544,3.2311,6.54,0.0,250,247,88
18th Lok Sabha,7,Lok Sabha,1,Punjab,325,FIROZPUR,3042438,SHER SINGH GHUBAYA,14.7,9.7908,9.7908,6.9204,7.88,0.0,394,394,290
18th Lok Sabha,7,Lok Sabha,1,Punjab,326,FATEHGARH SAHIB(SC),3017445,Shri Amar Singh,14.7,8.1125,7.0415,1.5814,3.48,0.0,228,204,47
18th Lok Sabha,7,Lok Sabha,1,Punjab,327,SANGRUR,3042913,GURMEET SINGH MEET HAYER,14.7,8.3298,7.7123,2.5583,4.45,0.75,318,311,117
18th Lok Sabha,7,Lok Sabha,1,Punjab,328,PATIALA,3043498,DR DHARAMVIRA GANDHI,14.7,9.2025,7.7179,0.549,4.38,0.0,328,271,22
18th Lok Sabha,7,Lok Sabha,1,Punjab,329,ANANDPUR SAHIB,3042796,MALVINDER SINGH KANG,14.7,11.4229,9.3429,3.4512,5.91,0.0,315,259,96
18th Lok Sabha,7,Lok Sabha,1,Punjab,330,FARIDKOT(SC),3042437,SARABJEET SINGH KHALSA,15.09,10.107,9.987,4.9255,8.22,0.0,432,426,225
18th Lok Sabha,7,Lok Sabha,1,Punjab,331,JALANDHAR(SC),3042441,CHARANJIT SINGH CHANNI,14.7,3.9824,3.9824,1.4425,2.4,0.0,154,154,49
18th Lok Sabha,7,Lok Sabha,1,Punjab,332,LUDHIANA,3042442,AMRINDER SINGH RAJA WARRING,14.7,9.2578,7.7561,1.3604,3.0,0.0,241,195,46
18th Lok Sabha,7,Lok Sabha,28,Rajasthan,334,AJMER,3019130,Bhagirath Chaudhary,14.7,9.9515,6.9518,2.0702,4.17,0.0,147,109,34
18th Lok Sabha,7,Lok Sabha,28,Rajasthan,335,BARMER,3042445,UMMEDA RAM BENIWAL,14.7,9.6811,8.9862,2.0149,5.66,0.0,166,161,71
18th Lok Sabha,7,Lok Sabha,28,Rajasthan,336,JHALAWAR-BARAN,3019133,Dushyant Singh,14.7,0.77,0.72,0.0,0.5015,0.0,5,4,0
18th Lok Sabha,7,Lok Sabha,28,Rajasthan,337,KOTA,3019138,Om Birla,14.7,4.3374,3.7974,0.8174,2.51,0.0,52,44,9
18th Lok Sabha,7,Lok Sabha,28,Rajasthan,338,NAGAUR,3017451,Shri Hanuman Beniwal,14.7,9.7927,7.1857,3.5901,5.75,0.0,250,214,156
18th Lok Sabha,7,Lok Sabha,28,Rajasthan,339,UDAIPUR(ST),3042457,MANNA LAL RAWAT,14.7,6.3523,5.0348,1.935,3.29,0.0,175,116,19
18th Lok Sabha,7,Lok Sabha,28,Rajasthan,340,DAUSA(ST),3042448,MURARI LAL MEENA,14.7,5.3059,3.359,0.2936,1.25,0.0,75,47,3
18th Lok Sabha,7,Lok Sabha,28,Rajasthan,341,CHITTORGARH,3019131,Chandra Prakash Joshi,14.7,1.0446,0.6491,0.2191,0.3974,0.0,18,15,8
18th Lok Sabha,7,Lok Sabha,28,Rajasthan,342,CHURU,3019139,Rahul Kaswan,14.7,9.7482,9.1482,0.799,4.8,0.0,117,109,14
18th Lok Sabha,7,Lok Sabha,28,Rajasthan,343,TONK-SAWAI MADHOPUR,3042456,HARISH CHANDRA MEENA,14.7,0.0,0.0,0.0,0.0,0.0,0,0,0
18th Lok Sabha,7,Lok Sabha,28,Rajasthan,344,BIKANER(SC),3017449,Shri Arjun Ram Meghwal,14.7,7.554,6.254,0.8616,2.6,0.0,58,51,7
18th Lok Sabha,7,Lok Sabha,28,Rajasthan,345,JALORE,3042451,LUMBARAM,14.7,7.8728,6.9628,2.4156,5.63,0.0,159,138,50
18th Lok Sabha,7,Lok Sabha,28,Rajasthan,346,SIKAR,3042455,AMRARAM,16.57,7.2738,6.4388,1.6783,3.35,0.0,141,126,32
18th Lok Sabha,7,Lok Sabha,28,Rajasthan,347,JODHPUR,3019134,Gajendra Singh Shekhawat,14.7,0.744,0.644,0.0,0.0492,0.0,4,3,0
18th Lok Sabha,7,Lok Sabha,28,Rajasthan,348,BHARATPUR(SC),3042446,SANJNA JATAV,14.7,10.2224,7.2605,2.1154,4.95,0.0,199,144,41
18th Lok Sabha,7,Lok Sabha,28,Rajasthan,349,RAJSAMAND,3042454,MAHIMA KUMARI MEWAR,18.39,8.8173,6.1573,0.7473,3.36,0.0,106,70,9
18th Lok Sabha,7,Lok Sabha,28,Rajasthan,350,KARAULI-DHOLPUR(SC),3042453,BHAJAN LAL JATAV,14.7,2.9821,1.8021,0.3497,0.502,0.0,41,26,5
18th Lok Sabha,7,Lok Sabha,28,Rajasthan,351,ALWAR,3042444,BHUPENDER YADAV,14.7,9.464,8.394,1.497,4.82,0.0,67,60,15
18th Lok Sabha,7,Lok Sabha,28,Rajasthan,352,BANSWARA(ST),3042914,RAJ KUMAR ROAT,14.7,9.6784,8.9734,1.4464,5.77,0.0,88,81,16
18th Lok Sabha,7,Lok Sabha,28,Rajasthan,353,BHILWARA,3042447,DAMODAR AGARWAL,14.7,9.6447,8.2607,1.6473,4.59,0.0,222,199,44
18th Lok Sabha,7,Lok Sabha,28,Rajasthan,354,JHUNJHUNU,3042452,BRIJENDRA SINGH OLA,14.7,7.8336,7.1565,3.4975,5.23,0.0,155,143,73
18th Lok Sabha,7,Lok Sabha,28,Rajasthan,355,GANGANAGAR(SC),3042449,KULDEEP INDORA,14.7,4.7893,3.8819,0.0599,0.6954,0.0,63,50,1
18th Lok Sabha,7,Lok Sabha,28,Rajasthan,356,JAIPUR RURAL,3044260,Rao Rajendra Singh,14.7,4.432,2.085,0.518,1.11,0.0,74,23,8
18th Lok Sabha,7,Lok Sabha,28,Rajasthan,357,JAIPUR,3042450,MANJU SHARMA,14.7,7.8813,4.1018,0.3338,1.93,0.0,55,32,4
18th Lok Sabha,7,Lok Sabha,28,Rajasthan,358,PALI,3017454,Shri PP Chaudhary,14.7,2.6355,2.4655,0.2898,1.21,0.0,34,32,5
18th Lok Sabha,7,Lok Sabha,29,Sikkim,359,SIKKIM,3017174,Indra Hang Subba,15.2,10.283,10.078,2.4377,9.46,0.0,68,61,10
18th Lok Sabha,7,Lok Sabha,30,Tamil Nadu,360,TIRUNELVELI,3042474,ROBERT BRUCE C,14.75,9.7574,4.7405,1.7318,4.14,0.0,108,64,14
18th Lok Sabha,7,Lok Sabha,30,Tamil Nadu,361,KANCHEEPURAM(SC),3019154,Ganesan Selvam,18.65,13.7205,10.1125,3.6953,9.13,0.0,302,277,78
18th Lok Sabha,7,Lok Sabha,30,Tamil Nadu,362,SRIPERUMBUDUR,3019166,Thalikkottai Rajuthevar Baalu,19.69,14.467,9.0642,2.4541,5.13,0.0,127,84,20
18th Lok Sabha,7,Lok Sabha,30,Tamil Nadu,363,MADURAI,3019162,S Venkatesan,14.7,8.2677,6.2077,1.1344,2.8,0.0,124,100,16
18th Lok Sabha,7,Lok Sabha,30,Tamil Nadu,364,ARAKKONAM,3017175,S. Jagathrakshakan,18.06,12.8172,3.8552,1.0447,3.17,0.0,148,43,11
18th Lok Sabha,7,Lok Sabha,30,Tamil Nadu,365,VELLORE,3019994,D M Kathir Anand,16.02,9.4861,7.7697,0.1097,2.28,0.0,86,71,1
18th Lok Sabha,7,Lok Sabha,30,Tamil Nadu,366,TIRUPPUR,3019156,K Subbarayan,14.7,13.608,7.89,5.132,7.63,0.0,113,70,50
18th Lok Sabha,7,Lok Sabha,30,Tamil Nadu,367,CHIDAMBARAM(SC),3019167,Thirumaa Valavan Thol,14.7,9.788,7.081,1.7794,5.03,0.0,81,61,20
18th Lok Sabha,7,Lok Sabha,30,Tamil Nadu,368,TENKASI(SC),3042471,DR RANI SRI KUMAR,15.31,10.2618,9.1083,8.1543,9.09,0.0,127,109,91
18th Lok Sabha,7,Lok Sabha,30,Tamil Nadu,369,SALEM,3042470,SELVAGANAPATHI T M,14.7,3.538,0.0,0.0,0.0,0.0,17,0,0
18th Lok Sabha,7,Lok Sabha,30,Tamil Nadu,370,NAMAKKAL,3045569,V S Matheswaran,16.25,11.3413,10.7573,6.5707,7.11,0.0,175,168,96
18th Lok Sabha,7,Lok Sabha,30,Tamil Nadu,371,CUDDALORE,3042460,M.K. VISHNUPRASAD,14.7,9.5432,8.6482,4.8192,6.07,0.0,106,100,57
18th Lok Sabha,7,Lok Sabha,30,Tamil Nadu,372,TIRUCHIRAPPALLI,3042797,DURAI VAIKO,14.7,9.4167,5.6972,3.6997,4.87,0.0,78,56,39
18th Lok Sabha,7,Lok Sabha,30,Tamil Nadu,373,VILUPPURAM(SC),3018394,D Ravikumar,17.35,12.1286,12.0486,8.8846,9.36,0.0,253,252,214
18th Lok Sabha,7,Lok Sabha,30,Tamil Nadu,374,KALLAKURICHI,3042464,MALAIYARASAN D,17.67,12.7493,11.9553,11.4273,11.81,0.0,209,197,187
18th Lok Sabha,7,Lok Sabha,30,Tamil Nadu,375,KRISHNAGIRI,3042466,GOPINATH K,14.7,9.9211,4.3675,0.4404,2.75,0.0,117,50,5
18th Lok Sabha,7,Lok Sabha,30,Tamil Nadu,376,VIRUDHUNAGAR,3019158,Manickam Tagore B,14.7,9.7593,7.6573,1.3023,7.2,0.0,86,68,10
18th Lok Sabha,7,Lok Sabha,30,Tamil Nadu,377,THENI,3042473,THANGA TAMILSELVAN,14.7,9.5274,3.3549,0.0999,2.8,0.0,85,32,1
18th Lok Sabha,7,Lok Sabha,30,Tamil Nadu,378,CHENNAI CENTRAL,3017455,Thiru Dayanidhi Maran,14.7,8.1,2.6,0.0,2.56,0.0,11,4,0
18th Lok Sabha,7,Lok Sabha,30,Tamil Nadu,379,CHENNAI NORTH,3019643,Kalanidhi Veeraswamy,17.15,12.1128,9.5338,0.69,5.81,0.0,74,57,7
18th Lok Sabha,7,Lok Sabha,30,Tamil Nadu,380,CHENNAI SOUTH,3018396,T Sumathy (A) Thamizhachi Thangapandian,14.7,9.7896,6.0311,0.1296,2.38,0.0,28,23,1
18th Lok Sabha,7,Lok Sabha,30,Tamil Nadu,381,MAYILADUTHURAI,3044147,SUDHA R,14.73,9.7129,4.9523,0.4898,2.35,0.0,150,71,7
18th Lok Sabha,7,Lok Sabha,30,Tamil Nadu,382,THANJAVUR,3042472,MURASOLI S,14.7,9.7461,9.7461,4.0998,6.73,0.0,66,66,27
18th Lok Sabha,7,Lok Sabha,30,Tamil Nadu,383,ARANI,3042458,THARANIVENTHAN M S,16.83,11.922,11.304,7.9155,10.07,0.0,223,209,159
18th Lok Sabha,7,Lok Sabha,30,Tamil Nadu,384,TIRUVANNAMALAI,3019242,CN Annadurai,14.86,9.9181,9.0876,5.0966,8.0,0.0,195,183,124
18th Lok Sabha,7,Lok Sabha,30,Tamil Nadu,385,KARUR,3019169,Smt S Jothimani,14.7,10.8488,6.5855,2.1509,3.78,0.0,144,114,53
18th Lok Sabha,7,Lok Sabha,30,Tamil Nadu,386,DINDIGUL,3042462,SACHITHANANTHAM R,14.7,9.7933,9.3563,3.2758,7.32,0.0,80,78,27
18th Lok Sabha,7,Lok Sabha,30,Tamil Nadu,387,KANNIYAKUMARI,3042465,VIJAYAKUMAR,0.0,0.0,0.0,0.0,0.0,0.0,0,0,0
18th Lok Sabha,7,Lok Sabha,30,Tamil Nadu,387,KANNIYAKUMARI,3017458,Shri vijayakumar Vasanth,17.15,12.2097,6.0755,1.7995,4.69,0.0,103,55,24
18th Lok Sabha,7,Lok Sabha,30,Tamil Nadu,388,ERODE,3042463,K E PRAKASH,14.7,9.6804,8.6534,6.4264,7.56,0.0,156,149,125
18th Lok Sabha,7,Lok Sabha,30,Tamil Nadu,389,DHARAMAPURI,3042461,MANI. A.,16.45,11.5394,11.4044,2.4196,4.88,0.0,198,196,43
18th Lok Sabha,7,Lok Sabha,30,Tamil Nadu,390,COIMBATORE,3042459,GANAPATHY RAJKUMAR P,14.74,8.8567,4.4176,0.25,2.19,0.0,67,35,3
18th Lok Sabha,7,Lok Sabha,30,Tamil Nadu,391,POLLACHI,3042468,ESWARASAMY K,14.72,9.6962,5.1732,1.2872,4.52,0.0,80,50,16
18th Lok Sabha,7,Lok Sabha,30,Tamil Nadu,392,TIRUVALLUR(SC),3042475,Sasikanth Senthil,17.15,12.2239,7.4719,4.0819,6.0,0.0,187,131,70
18th Lok Sabha,7,Lok Sabha,30,Tamil Nadu,393,THOOTHUKKUDI,3018395,Kanimozhi Karunanidhi,14.7,9.7999,5.1899,0.2699,3.36,0.0,41,20,2
18th Lok Sabha,7,Lok Sabha,30,Tamil Nadu,394,SIVAGANGA,3017457,Shri Karti P Chidambaram,15.9,10.9733,9.3273,5.8288,8.82,0.0,150,130,92
18th Lok Sabha,7,Lok Sabha,30,Tamil Nadu,395,RAMANATHAPURAM,3042469,NAVASKANI K,0.0,0.0,0.0,0.0,0.0,0.0,0,0,0
18th Lok Sabha,7,Lok Sabha,30,Tamil Nadu,395,RAMANATHAPURAM,3019157,Kani K Navas,14.7,6.76,4.162,1.111,3.66,0.0,101,70,19
18th Lok Sabha,7,Lok Sabha,30,Tamil Nadu,396,NILGIRIS(SC),3019151,Andimuthu Raja,14.7,9.5303,6.1508,3.0903,5.78,0.25,115,76,43
18th Lok Sabha,7,Lok Sabha,30,Tamil Nadu,397,NAGAPATTINAM(SC),3044992,SELVARAJ V,14.7,8.8644,6.0297,1.5365,3.51,0.0,73,55,24
18th Lok Sabha,7,Lok Sabha,30,Tamil Nadu,398,PERAMBALUR,3042467,ARUN NEHRU,14.7,9.7453,7.7396,3.1446,6.34,0.0,71,59,18
18th Lok Sabha,7,Lok Sabha,129,Telangana,399,ADILABAD(ST),3042476,GODAM NAGESH,14.7,7.687,4.7345,0.05,3.21,0.0,236,169,1
18th Lok Sabha,7,Lok Sabha,129,Telangana,400,HYDERABAD,3019173,Asaduddin Owaisi,14.7,3.6847,1.9063,0.5657,0.7828,0.0,17,6,1
18th Lok Sabha,7,Lok Sabha,129,Telangana,401,SECUNDERABAD,3019176,Kishan Reddy Gangapuram,14.7,5.3722,3.399,0.0,0.04,0.0,35,16,0
18th Lok Sabha,7,Lok Sabha,129,Telangana,402,KARIMNAGAR,3019181,Sanjay Kumar Bandi,17.28,12.2362,8.793,0.4681,5.65,0.0,470,343,25
18th Lok Sabha,7,Lok Sabha,129,Telangana,403,KHAMMAM,3042478,RAMASAHAYAM RAGHURAM REDDY,14.7,8.3279,2.2039,0.1899,1.17,0.0,252,54,3
18th Lok Sabha,7,Lok Sabha,129,Telangana,404,MAHABUBNAGAR,3042480,ARUNA. D. K,14.7,9.5209,8.5509,1.6059,3.18,0.0,268,245,57
18th Lok Sabha,7,Lok Sabha,129,Telangana,405,MEDAK,3045387,MADHAVANENI RAGHUNANDAN RAO,14.7,9.4664,3.9024,0.2994,2.43,0.0,146,58,9
18th Lok Sabha,7,Lok Sabha,129,Telangana,406,NIZAMABAD,3019172,Arvind Dharmapuri,28.14,22.3814,15.9399,8.9286,15.04,0.0,695,497,302
18th Lok Sabha,7,Lok Sabha,129,Telangana,407,CHELVELLA,3042477,KONDA VISHWESHWAR REDDY,18.64,11.2507,8.7467,2.4423,4.66,0.0,389,311,92
18th Lok Sabha,7,Lok Sabha,129,Telangana,408,WARANGEL(SC),3045246,KADIYAM KAVYA,14.7,8.7287,6.3052,0.9057,2.26,0.0,212,155,24
18th Lok Sabha,7,Lok Sabha,129,Telangana,409,MAHABUBABAD,3042479,BALRAM NAIK PORIKA,14.7,9.7804,7.0171,0.258,6.17,0.0,358,280,28
18th Lok Sabha,7,Lok Sabha,129,Telangana,410,NAGARKURNOOL(SC),3043284,DR.MALLU RAVI,14.7,9.4668,8.5328,2.4318,4.42,0.0,193,171,109
18th Lok Sabha,7,Lok Sabha,129,Telangana,411,MALKAJGIRI,3042481,EATALA RAJENDER,24.5,19.0606,11.7886,0.8596,1.9,0.0,219,138,12
18th Lok Sabha,7,Lok Sabha,129,Telangana,412,ZAHIRABAD,3042482,SURESH KUMAR SHETKAR,14.7,9.0222,2.9266,0.4255,1.64,0.0,336,122,27
18th Lok Sabha,7,Lok Sabha,129,Telangana,413,PEDDAPALLE,3045227,VAMSI KRISHNA GADDAM,14.85,4.5665,2.096,0.0,1.5,0.0,70,26,0
18th Lok Sabha,7,Lok Sabha,129,Telangana,414,NALGONDA,3045216,KUNDURU RAGHUVEER,16.3,1.6168,1.1168,0.5268,0.6267,0.0,22,15,4
18th Lok Sabha,7,Lok Sabha,129,Telangana,415,BHONGIR,3043394,CHAMALA KIRAN KUMAR REDDY,14.7,8.1407,7.2008,2.7815,5.77,0.0,471,453,153
18th Lok Sabha,7,Lok Sabha,10,The Dadra And Nagar Haveli And Daman And Diu,97,DAMAN and DIU,3042483,PATEL UMESHBHAI BABUBHAI,24.51,14.39,0.0,0.0,0.0,0.0,65,0,0
18th Lok Sabha,7,Lok Sabha,10,The Dadra And Nagar Haveli And Daman And Diu,548,DADRA & NAGAR HAVELI (ST),3041086,Kalaben Mohanbhai Delkar,14.7,2.565,0.0,0.0,0.0,0.0,39,0,0
18th Lok Sabha,7,Lok Sabha,31,Tripura,416,TRIPURA WEST,3042485,BIPLAB KUMAR DEB,14.7,9.5262,7.448,0.0,4.56,0.25,25,15,0
18th Lok Sabha,7,Lok Sabha,31,Tripura,417,TRIPURA EAST(ST),3042484,KRITI DEVI DEBBARMAN,14.7,9.5286,4.0286,0.0,1.86,0.0,51,23,0
18th Lok Sabha,7,Lok Sabha,33,Uttar Pradesh,418,ALIGARH,3017466,Shri Satish Kumar Gautam,14.7,9.7817,9.7817,2.4737,8.19,0.0,76,76,21
18th Lok Sabha,7,Lok Sabha,33,Uttar Pradesh,419,BARABANKI(SC),3042496,TANUJ PUNIA,14.82,9.8623,7.4244,2.9012,6.57,0.0,30,21,8
18th Lok Sabha,7,Lok Sabha,33,Uttar Pradesh,420,ETAWAH(SC),3042503,JITENDRA KUMAR DOHARE,18.87,13.8977,13.1928,5.0042,10.45,0.0,412,396,184
18th Lok Sabha,7,Lok Sabha,33,Uttar Pradesh,421,FATEHPUR,3042505,NARESH CHANDRA UTTAM PATEL,14.7,7.7921,6.6653,0.0,1.53,0.0,81,68,0
18th Lok Sabha,7,Lok Sabha,33,Uttar Pradesh,422,FIROZABAD,3042506,AKSHAYA YADAV,14.7,9.7654,9.6154,4.7546,9.59,0.0,43,42,19
18th Lok Sabha,7,Lok Sabha,33,Uttar Pradesh,423,BANSGAON(SC),3019202,Kamlesh Paswan,14.7,9.799,8.4924,0.0,0.3184,0.0,121,83,0
18th Lok Sabha,7,Lok Sabha,33,Uttar Pradesh,424,GORAKHPUR,3019214,Ravindra Shyamnarayan Alias Ravi Kishan Shukla,14.7,2.1319,2.1319,0.0,1.17,0.0,9,9,0
18th Lok Sabha,7,Lok Sabha,33,Uttar Pradesh,425,HARDOI (SC),3019201,Jai Prakash,14.7,9.707,9.612,0.9228,8.24,0.0,24,23,1
18th Lok Sabha,7,Lok Sabha,33,Uttar Pradesh,426,MISRIKH(SC),3019244,Ashok Kumar Rawat,14.7,9.7037,9.6087,4.8615,8.58,0.0,4,3,2
18th Lok Sabha,7,Lok Sabha,33,Uttar Pradesh,427,UNNAO,3018402,Swami Sachchidanandhari Sakshi ji Maharaj,14.7,9.711,7.672,1.4376,5.63,0.0,84,61,11
18th Lok Sabha,7,Lok Sabha,33,Uttar Pradesh,428,JAUNPUR,3042511,BABU SINGH KUSHWAHA,14.7,9.7027,7.2942,1.1639,3.26,0.0,684,660,17
18th Lok Sabha,7,Lok Sabha,33,Uttar Pradesh,429,MACHHLISHAHR(SC),3042517,PRIYA SAROJ,14.7,9.7819,9.4819,3.4383,5.38,0.0,1358,1353,725
18th Lok Sabha,7,Lok Sabha,33,Uttar Pradesh,430,MEERUT,3042518,ARUN GOVIL,14.7,9.7801,7.8899,2.6677,5.87,0.0,132,111,36
18th Lok Sabha,7,Lok Sabha,33,Uttar Pradesh,431,ROBERTSGANJ(SC),3042524,CHHOTELAL,14.7,9.5167,9.496,2.4775,8.05,0.0,400,399,85
18th Lok Sabha,7,Lok Sabha,33,Uttar Pradesh,432,AMROHA,3043720,KANWAR SINGH TANWAR,14.7,10.7317,9.7365,4.995,6.61,0.0,93,84,47
18th Lok Sabha,7,Lok Sabha,33,Uttar Pradesh,433,GHOSI,3043598,RAJEEV RAI,14.7,9.5881,6.8111,2.7898,4.84,0.0,245,193,84
18th Lok Sabha,7,Lok Sabha,33,Uttar Pradesh,434,SANT KABIR NAGAR,3042528,LAXMIKANT PAPPU NISHAD,14.7,9.0079,2.8372,0.1998,0.4598,0.0,590,35,2
18th Lok Sabha,7,Lok Sabha,33,Uttar Pradesh,435,BAGHPAT,3042492,DR RAJKUMAR SANGWAN,14.7,8.364,4.5046,1.0012,2.02,0.0,117,55,15
18th Lok Sabha,7,Lok Sabha,33,Uttar Pradesh,436,CHANDAULI,3042499,VIRENDRA SINGH,14.7,8.6361,8.3587,5.8578,7.2,0.0,27,25,9
18th Lok Sabha,7,Lok Sabha,33,Uttar Pradesh,437,BADAUN,3042491,ADITYA YADAV,14.7,10.4569,9.5211,2.5366,6.73,0.0,104,99,35
18th Lok Sabha,7,Lok Sabha,33,Uttar Pradesh,438,GONDA,3019203,Kirti Vardhan Singh,14.7,9.4956,9.4956,2.987,6.73,0.0,139,139,34
18th Lok Sabha,7,Lok Sabha,33,Uttar Pradesh,439,KAISERGANJ,3043395,KARAN BHUSHAN SINGH,14.7,9.6108,9.6108,4.2303,8.71,0.0,73,73,30
18th Lok Sabha,7,Lok Sabha,33,Uttar Pradesh,440,KANNAUJ,3043488,AKHILESH YADAV,14.7,10.796,4.9195,0.179,2.1,0.0,214,77,6
18th Lok Sabha,7,Lok Sabha,33,Uttar Pradesh,441,MUZAFFARNAGAR,3042520,HARENDRA SINGH MALIK,14.7,9.7918,7.0014,0.0,3.85,0.0,183,107,0
18th Lok Sabha,7,Lok Sabha,33,Uttar Pradesh,442,AGRA(SC),3017473,Prof SP Singh Baghel,14.7,9.7925,9.4125,7.5215,8.78,0.0,74,72,55
18th Lok Sabha,7,Lok Sabha,33,Uttar Pradesh,443,FATEHPUR SIKRI,3019530,Rajkumar Chahar,14.7,9.6759,9.5259,9.5259,9.53,0.0,47,45,45
18th Lok Sabha,7,Lok Sabha,33,Uttar Pradesh,444,ALLAHABAD,3042486,UJJWAL RAMAN SINGH,14.7,9.783,9.353,0.0,5.1,0.0,31,30,0
18th Lok Sabha,7,Lok Sabha,33,Uttar Pradesh,445,PHULPUR,3042521,PRAVEEN PATEL,15.16,9.8137,9.8137,4.6475,7.14,0.0,24,24,13
18th Lok Sabha,7,Lok Sabha,33,Uttar Pradesh,446,BAHRAICH(SC),3042493,ANAND KUMAR,14.7,8.8592,8.013,3.8304,5.61,0.0,73,70,32
18th Lok Sabha,7,Lok Sabha,33,Uttar Pradesh,447,BALLIA,3042494,SANATAN PANDEY,18.04,12.8237,8.3741,1.4313,6.49,0.0,359,176,20
18th Lok Sabha,7,Lok Sabha,33,Uttar Pradesh,448,SALEMPUR,3042526,RAMASHANKAR RAJBHAR,16.01,11.0632,7.8082,0.8911,5.32,0.0,210,158,31
18th Lok Sabha,7,Lok Sabha,33,Uttar Pradesh,449,FARRUKHABAD,3019205,Mukesh Rajput,14.7,13.7154,9.6858,8.1153,9.25,0.0,295,249,200
18th Lok Sabha,7,Lok Sabha,33,Uttar Pradesh,450,GHAZIABAD,3042507,ATUL GARG,15.53,6.6671,6.3633,2.1297,3.19,0.0,70,66,24
18th Lok Sabha,7,Lok Sabha,33,Uttar Pradesh,451,AKBARPUR,3019196,Devendra Alias Bhole Singh,14.7,8.7452,8.7452,4.2374,4.51,0.0,136,136,62
18th Lok Sabha,7,Lok Sabha,33,Uttar Pradesh,452,KANPUR,3042513,RAMESH AWASTHI,14.7,8.7193,8.7193,4.7899,5.11,0.0,93,93,47
18th Lok Sabha,7,Lok Sabha,33,Uttar Pradesh,453,MATHURA,3019227,Smt Hema Malini,14.7,5.3438,3.8867,2.4996,3.29,0.0,59,44,22
18th Lok Sabha,7,Lok Sabha,33,Uttar Pradesh,454,MIRZAPUR,3019225,Smt Anupriya Patel,14.7,7.1228,7.1228,0.0,2.58,0.0,10,10,0
18th Lok Sabha,7,Lok Sabha,33,Uttar Pradesh,455,RAMPUR,3042523,MOHIBBULLAH,14.7,7.7489,5.8949,3.4258,5.73,0.0,335,232,95
18th Lok Sabha,7,Lok Sabha,33,Uttar Pradesh,456,SITAPUR,3042529,RAKESH RATHOR,14.7,11.8516,9.6476,3.0301,8.6,0.0,56,47,20
18th Lok Sabha,7,Lok Sabha,33,Uttar Pradesh,457,VARANASI,3017469,Shri Narendra Modi,16.21,10.3475,10.3475,4.2275,5.58,0.0,217,217,95
18th Lok Sabha,7,Lok Sabha,33,Uttar Pradesh,458,AMETHI,3042488,KISHORI LAL,17.15,8.9825,8.564,0.6295,6.98,0.0,52,44,4
18th Lok Sabha,7,Lok Sabha,33,Uttar Pradesh,459,KUSHI NAGAR,3019220,Vijay Kumar Dubey,14.89,9.9563,8.0403,4.0258,6.99,0.0,196,167,104
18th Lok Sabha,7,Lok Sabha,33,Uttar Pradesh,460,FAIZABAD,3042504,AWADHESH PRASAD,14.7,10.9289,9.6337,6.5828,6.6,0.0,163,150,87
18th Lok Sabha,7,Lok Sabha,33,Uttar Pradesh,461,GHAZIPUR,3045253,AFZAL ANSARI,22.05,15.8375,10.8838,2.0797,8.85,0.0,279,141,21
18th Lok Sabha,7,Lok Sabha,33,Uttar Pradesh,462,LUCKNOW,3019311,Rajnath Singh,15.48,10.5721,9.4239,2.4422,4.65,0.0,102,92,28
18th Lok Sabha,7,Lok Sabha,33,Uttar Pradesh,463,MOHANLALGANJ(SC),3042816,R.K. CHAUDHARY,14.7,7.0709,4.7131,0.0,3.27,0.0,89,74,0
18th Lok Sabha,7,Lok Sabha,33,Uttar Pradesh,464,PILIBHIT,3045351,JITIN PRASADA,14.7,5.4039,4.6547,0.7678,2.69,0.0,44,41,22
18th Lok Sabha,7,Lok Sabha,33,Uttar Pradesh,465,SAHARANPUR,3042525,IMRAN MASOOD,14.7,8.8415,8.8415,3.7095,4.34,0.0,105,105,43
18th Lok Sabha,7,Lok Sabha,33,Uttar Pradesh,466,KAUSHAMBI(SC),3042514,PUSHPENDRA SAROJ,14.7,7.6379,7.2901,2.7265,4.02,0.0,753,719,392
18th Lok Sabha,7,Lok Sabha,33,Uttar Pradesh,467,HAMIRPUR_UP,3042508,AJENDRA SINGH LODHI,14.7,9.2104,6.633,0.2,4.48,0.0,121,93,1
18th Lok Sabha,7,Lok Sabha,33,Uttar Pradesh,468,AZAMGARH,3042490,DHARMENDRA YADAV,14.7,9.571,8.5903,2.0481,3.53,0.0,68,59,11
18th Lok Sabha,7,Lok Sabha,33,Uttar Pradesh,469,LALGANJ (SC),3042516,DAROGA PRASAD SAROJ,14.7,9.7459,8.3243,2.1279,5.62,0.0,295,254,58
18th Lok Sabha,7,Lok Sabha,33,Uttar Pradesh,470,AONLA,3042489,NEERAJ MAURYA,14.7,9.7933,9.7933,9.3027,9.56,0.0,19,19,14
18th Lok Sabha,7,Lok Sabha,33,Uttar Pradesh,471,BAREILLY,3044397,CHHATRA PAL SINGH GANGWAR,14.7,9.7861,9.7861,8.6556,9.18,0.0,145,145,129
18th Lok Sabha,7,Lok Sabha,33,Uttar Pradesh,472,DEORIA,3042500,SHASHANK MANI,14.7,9.7221,8.3759,2.1012,6.28,0.0,96,73,20
18th Lok Sabha,7,Lok Sabha,33,Uttar Pradesh,473,JHANSI,3018405,Anurag Sharma,14.7,9.7756,8.7556,3.917,6.11,0.0,171,154,78
18th Lok Sabha,7,Lok Sabha,33,Uttar Pradesh,474,KHERI,3042515,UTKARSH VERMA MADHUR,14.7,7.5087,7.5087,4.0958,6.63,0.0,349,349,197
18th Lok Sabha,7,Lok Sabha,33,Uttar Pradesh,475,DHAURAHRA,3042501,ANAND BHADAURIYA,14.7,9.7707,9.4389,3.6935,6.31,0.0,177,170,130
18th Lok Sabha,7,Lok Sabha,33,Uttar Pradesh,476,PRATAPGARH,3042522,DR. S P SINGH,14.7,8.3214,7.959,2.5826,3.27,0.0,428,359,79
18th Lok Sabha,7,Lok Sabha,33,Uttar Pradesh,477,SHAHJAHANPUR(SC),3017471,Shri Arun Kumar Sagar,14.7,13.1343,9.7143,9.7143,9.71,0.0,6,4,4
18th Lok Sabha,7,Lok Sabha,33,Uttar Pradesh,478,GAUTAM BUDDHA NAGAR,3019187,Mahesh Sharma,14.7,9.7541,9.7541,5.7908,7.41,0.0,112,112,68
18th Lok Sabha,7,Lok Sabha,33,Uttar Pradesh,479,MAHARAJGANJ_UP,3019207,Pankaj Chowdhary,14.7,9.756,9.756,4.1544,9.31,0.0,49,49,19
18th Lok Sabha,7,Lok Sabha,33,Uttar Pradesh,480,SAMBHAL,3042527,ZIA UR REHMAN,14.7,9.2222,6.0889,0.0,4.06,0.0,324,197,0
18th Lok Sabha,7,Lok Sabha,33,Uttar Pradesh,481,BANDA,3042495,KRISHNA DEVI SHIVSHANKER PATEL,14.7,9.8,8.3424,3.6571,6.1,0.0,325,302,158
18th Lok Sabha,7,Lok Sabha,33,Uttar Pradesh,482,ETAH,3042502,DEVESH SHAKYA,14.7,8.9833,8.581,3.3504,7.55,0.0,307,302,136
18th Lok Sabha,7,Lok Sabha,33,Uttar Pradesh,483,KAIRANA,3042512,IQRA CHOUDHARY,14.7,5.3278,5.1769,2.4365,4.16,0.0,65,63,23
18th Lok Sabha,7,Lok Sabha,33,Uttar Pradesh,484,BASTI,3044187,RAM PRASAD CHAUDHARY,20.42,15.5107,15.4919,6.3914,13.57,0.0,155,154,37
18th Lok Sabha,7,Lok Sabha,33,Uttar Pradesh,485,BIJNOR,3042498,CHANDAN CHAUHAN,14.7,9.7635,8.7996,0.0,6.52,0.0,117,106,0
18th Lok Sabha,7,Lok Sabha,33,Uttar Pradesh,486,NAGINA(SC),3046000,CHANDRA SHEKHAR,14.7,9.6993,9.1321,6.1364,7.97,0.0,512,504,276
18th Lok Sabha,7,Lok Sabha,33,Uttar Pradesh,487,BULANDSHAHR(SC),3019222,Bhola Singh,14.7,9.769,9.769,7.0121,8.44,0.0,161,161,142
18th Lok Sabha,7,Lok Sabha,33,Uttar Pradesh,488,JALAUN(SC),3042510,NARAYAN DAS AHIRWAR,14.7,7.1815,5.9115,0.8158,3.86,0.0,190,175,36
18th Lok Sabha,7,Lok Sabha,33,Uttar Pradesh,489,MAINPURI,3019226,Smt Dimple Yadav,19.2,13.5202,8.7922,1.4327,5.36,0.0,162,123,16
18th Lok Sabha,7,Lok Sabha,33,Uttar Pradesh,490,RAE BARELI,3043489,RAHUL GANDHI,14.7,6.4435,3.5298,0.2825,1.86,0.0,170,144,72
18th Lok Sabha,7,Lok Sabha,33,Uttar Pradesh,491,DOMARIYAGANJ,3019200,Jagdambika Pal,14.7,9.7056,9.1637,0.0,0.2358,0.0,75,64,0
18th Lok Sabha,7,Lok Sabha,33,Uttar Pradesh,492,AMBEDKAR NAGAR,3042487,LALJI VERMA,14.7,9.7415,9.6715,4.4624,8.05,0.0,201,200,59
18th Lok Sabha,7,Lok Sabha,33,Uttar Pradesh,493,BHADOHI,3044716,VINOD KUMAR BIND,14.7,9.0995,8.2373,3.1221,5.85,0.0,543,542,269
18th Lok Sabha,7,Lok Sabha,33,Uttar Pradesh,494,MORADABAD,3042519,RUCHI VIRA,14.7,6.4982,4.638,3.3267,4.4,0.0,273,212,165
18th Lok Sabha,7,Lok Sabha,33,Uttar Pradesh,495,SULTANPUR,3042530,RAMBHUAL NISHAD,15.12,10.1546,9.3046,0.0,7.72,0.0,36,32,0
18th Lok Sabha,7,Lok Sabha,33,Uttar Pradesh,496,SHRAWASTI,3019223,Ram Shiromani,15.17,10.0459,3.0794,0.0,0.1866,0.0,1455,117,0
18th Lok Sabha,7,Lok Sabha,33,Uttar Pradesh,497,HATHRAS (SC),3042509,ANOOP PRADHAN BALMIKI,14.7,9.7999,9.7999,9.2574,9.78,0.0,74,74,68
18th Lok Sabha,7,Lok Sabha,32,Uttarakhand,498,NAINITAL UDHAM SINGH NAG.,3042531,AJAY BHATT,0.0,0.0,0.0,0.0,0.0,0.0,0,0,0
18th Lok Sabha,7,Lok Sabha,32,Uttarakhand,498,NAINITAL UDHAM SINGH NAG.,3017176,Ajay Bhatt,14.7,9.7817,8.1668,1.4544,3.46,0.0,385,312,60
18th Lok Sabha,7,Lok Sabha,32,Uttarakhand,499,GARHWAL,3047111,ANIL BALUNI,14.7,0.8195,0.1795,0.0,0.114,0.0,11,3,0
18th Lok Sabha,7,Lok Sabha,32,Uttarakhand,500,HARDWAR,3047110,TRIVENDRA SINGH RAWAT,14.7,2.2994,1.3215,0.0,0.3526,0.0,34,21,0
18th Lok Sabha,7,Lok Sabha,32,Uttarakhand,501,TEHRI GARHWAL,3018415,Mala Rajya Laxmi Shah,14.7,9.1516,7.4096,1.2179,4.23,0.0,225,165,28
18th Lok Sabha,7,Lok Sabha,32,Uttarakhand,502,ALMORA(SC),3018414,Ajay Tamta,14.7,2.7293,0.934,0.12,0.2319,0.0,134,49,2
18th Lok Sabha,7,Lok Sabha,34,West Bengal,503,ARAMBAG(SC),3042533,BAG MITALI,14.7,9.5198,5.8682,2.7834,4.68,0.0,170,103,63
18th Lok Sabha,7,Lok Sabha,34,West Bengal,504,HOOGHLY,3043599,RACHNA BANERJEE,14.7,9.7543,7.1802,0.9029,3.13,0.0,101,73,27
18th Lok Sabha,7,Lok Sabha,34,West Bengal,505,SREERAMPUR,3019373,Kalyan Banerjee,14.7,9.6897,9.3382,2.955,7.63,0.0,120,118,50
18th Lok Sabha,7,Lok Sabha,34,West Bengal,506,PURULIA,3017483,Shri Jyotirmay Singh Mahato,14.7,3.3782,1.5431,0.0,0.0,0.0,65,41,0
18th Lok Sabha,7,Lok Sabha,34,West Bengal,507,BANKURA,3042535,ARUP CHAKRABORTY,14.7,9.7408,9.6558,0.1682,5.36,0.0,70,69,1
18th Lok Sabha,7,Lok Sabha,34,West Bengal,508,BISHNUPUR(SC),3018416,Saumitra khan,14.7,9.6944,9.4144,0.0,3.6,0.0,81,80,0
18th Lok Sabha,7,Lok Sabha,34,West Bengal,509,KRISHNANAGAR,3019231,Ms Mahua Moitra,15.99,9.9683,9.9176,0.9473,3.72,0.0,48,47,16
18th Lok Sabha,7,Lok Sabha,34,West Bengal,510,RANAGHAT(SC),3019236,Jagannath Sarkar,14.7,9.7892,6.3121,2.2887,3.16,0.0,194,121,54
18th Lok Sabha,7,Lok Sabha,34,West Bengal,511,DARJEELING,3019234,Raju Bista,14.7,9.6218,5.4318,0.898,3.95,0.0,160,100,19
18th Lok Sabha,7,Lok Sabha,34,West Bengal,512,BIRBHUM,3017478,Smt Satabdi Roy (Banerjee),14.7,8.7809,6.7295,3.2389,4.68,0.0,126,91,31
18th Lok Sabha,7,Lok Sabha,34,West Bengal,513,BOLPUR(SC),3019335,Asit Kumar Mal,27.57,22.5204,21.7994,5.6634,16.24,0.0,194,185,74
18th Lok Sabha,7,Lok Sabha,34,West Bengal,514,COOCHBEHAR(SC),3042540,JAGADISH CHANDRA BARMA BASUNIA,16.86,11.9459,4.2035,0.0,3.67,0.0,96,41,0
18th Lok Sabha,7,Lok Sabha,34,West Bengal,515,KANTHI,3042543,ADHIKARI SOUMENDU,14.7,9.5934,4.8521,3.6121,3.61,0.0,70,41,29
18th Lok Sabha,7,Lok Sabha,34,West Bengal,516,TAMLUK,3042549,ABHIJIT GANGOPADHYAY,14.7,8.9622,5.497,0.4697,2.5,0.0,247,150,12
18th Lok Sabha,7,Lok Sabha,34,West Bengal,517,ALIPURDUARS(ST),3042532,MANOJ TIGGA,14.7,7.1389,5.192,0.0,0.0,0.0,59,50,0
18th Lok Sabha,7,Lok Sabha,34,West Bengal,518,HOWRAH,3019233,Prasun Banerjee,14.7,9.7803,9.7052,2.4176,5.56,0.0,217,213,30
18th Lok Sabha,7,Lok Sabha,34,West Bengal,519,ULUBERIA,3042550,SAJDA AHMED,0.0,0.0,0.0,0.0,0.0,0.0,0,0,0
18th Lok Sabha,7,Lok Sabha,34,West Bengal,519,ULUBERIA,3019237,Smt Sajda Ahmed,14.7,9.7973,6.9513,2.0433,3.57,0.0,180,129,52
18th Lok Sabha,7,Lok Sabha,34,West Bengal,520,BALURGHAT,3017477,Dr Sukanta Majumdar,15.71,7.9789,7.6489,0.1399,1.33,0.0,181,178,2
18th Lok Sabha,7,Lok Sabha,34,West Bengal,521,BAHARAMPUR,3042534,PATHAN YUSUF,14.7,9.6884,6.0779,0.0,0.4313,0.0,178,127,0
18th Lok Sabha,7,Lok Sabha,34,West Bengal,522,JANGIPUR,3018418,Khalilur Rahaman,14.7,7.8776,2.5586,1.1965,2.07,0.0,107,44,25
18th Lok Sabha,7,Lok Sabha,34,West Bengal,523,MURSHIDABAD,3019300,Abu Taher Khan,14.7,9.7212,5.7942,2.3388,3.25,0.0,327,209,143
18th Lok Sabha,7,Lok Sabha,34,West Bengal,524,DIAMOND HARBOUR,3017487,Shri Abhishek Banerjee,14.7,9.5824,9.2224,4.6207,7.04,0.0,320,314,182
18th Lok Sabha,7,Lok Sabha,34,West Bengal,525,JADAVPUR,3042541,SAYANI GHOSH,14.7,8.5446,7.4814,1.1035,4.31,0.0,215,196,65
18th Lok Sabha,7,Lok Sabha,34,West Bengal,526,JOYNAGAR(SC),3018422,Pratima Mondal,14.7,9.7908,9.4708,3.0269,7.35,0.0,223,218,61
18th Lok Sabha,7,Lok Sabha,34,West Bengal,527,MATHURAPUR(SC),3042545,BAPI HALDAR,14.7,8.1848,6.4323,0.6264,3.8,0.0,164,141,25
18th Lok Sabha,7,Lok Sabha,34,West Bengal,528,KOLKATA DAKSHIN,3018421,Mala Roy,14.7,9.7989,9.1639,1.8616,5.88,0.0,78,71,23
18th Lok Sabha,7,Lok Sabha,34,West Bengal,529,KOLKATA UTTAR,3019533,Sudip Bandyopadhyay,14.7,8.2128,7.2128,0.6892,4.32,0.0,38,34,6
18th Lok Sabha,7,Lok Sabha,34,West Bengal,530,JALPAIGURI(SC),3017486,Dr Jayanta Kumar Roy,14.7,6.6566,1.0118,0.0,0.5864,0.0,26,5,0
18th Lok Sabha,7,Lok Sabha,34,West Bengal,531,MALDAHA DAKSHIN,3042544,ISHA KHAN CHOUDHURY,14.7,5.7783,3.0433,0.0249,0.5312,0.0,133,58,1
18th Lok Sabha,7,Lok Sabha,34,West Bengal,532,MALDAHA UTTAR,3019301,Khagen Murmu,14.7,3.8334,1.0004,0.4604,0.6003,0.0,30,11,6
18th Lok Sabha,7,Lok Sabha,34,West Bengal,533,MEDINIPUR,3042546,JUNE MALIAH,14.7,9.7999,6.5706,1.1044,2.96,0.0,36,21,4
18th Lok Sabha,7,Lok Sabha,34,West Bengal,534,GHATAL,3017491,Shri Deepak (Dev) Adhikari,20.07,13.4651,8.9461,7.2982,8.78,0.0,186,178,145
18th Lok Sabha,7,Lok Sabha,34,West Bengal,535,BARASAT,3017485,Kakoli Ghosh Dastidar,14.7,9.7707,6.8073,1.4559,6.04,0.0,156,94,17
18th Lok Sabha,7,Lok Sabha,34,West Bengal,536,BARRACKPUR,3042538,PARTHA BHOWMICK,14.7,9.6962,5.5215,0.0,3.03,0.0,33,8,0
18th Lok Sabha,7,Lok Sabha,34,West Bengal,537,BASIRHAT,3042539,SK NURUL ISLAM,4.9,4.8531,3.0854,0.044,3.07,0.0,32,15,1
18th Lok Sabha,7,Lok Sabha,34,West Bengal,538,DUM DUM,3017493,Prof Sougata Ray,14.7,6.5483,1.9834,0.0,1.39,0.0,58,17,0
18th Lok Sabha,7,Lok Sabha,34,West Bengal,539,BANGAON(SC),3017479,Shri Shantanu Thakur,14.7,0.5994,0.5994,0.5994,0.5994,0.0,8,8,8
18th Lok Sabha,7,Lok Sabha,34,West Bengal,540,RAIGANJ,3042547,KARTICK CHANDRA PAUL,20.27,15.3663,9.4763,0.0,2.62,0.0,403,203,0
18th Lok Sabha,7,Lok Sabha,34,West Bengal,541,JHARGRAM(ST),3042542,KALIPADA SAREN,14.7,9.1003,7.1631,0.3,6.26,0.0,52,44,1
18th Lok Sabha,7,Lok Sabha,34,West Bengal,542,ASANSOL,3019235,Shatrughan Sinha,14.7,9.6621,9.6621,0.0,5.86,0.0,27,27,0
18th Lok Sabha,7,Lok Sabha,34,West Bengal,543,BARDHAMAN-DURGAPUR,3042537,AZAD KIRTI JHA,17.97,9.0768,7.6673,0.1597,3.28,0.0,112,82,2
18th Lok Sabha,7,Lok Sabha,34,West Bengal,544,BARDHAMAN PURBA(SC),3042536,DR. SHARMILA SARKAR,14.7,9.3695,4.6531,0.3099,1.75,0.0,114,54,5
17th Lok Sabha,5,Lok Sabha,35,Andaman And Nicobar Islands,1,ANDAMAN AND NICOBAR ISLANDS,3018937,Kuldeep Rai Sharma,12.85,9.0108,9.0108,0.9689,5.07,0.0,42,42,9
17th Lok Sabha,5,Lok Sabha,2,Andhra Pradesh,2,ANAKAPALLE,3018936,Beesetti Venkata Satyavathi,9.2,8.9891,8.9891,6.7043,8.19,0.0,69,69,61
17th Lok Sabha,5,Lok Sabha,2,Andhra Pradesh,3,HINDUPUR,3018343,Kuruva Gorantla Madhav,7.23,6.1314,6.1314,5.7364,5.78,0.0,64,64,61
17th Lok Sabha,5,Lok Sabha,2,Andhra Pradesh,4,VIJAYAWADA,3018341,Srinivas Kesineni,7.67,5.6592,5.6592,5.6592,5.66,0.0,91,91,91
17th Lok Sabha,5,Lok Sabha,2,Andhra Pradesh,5,NANDYAL,3018345,Pocha Brahmananda Reddy,9.44,8.8612,8.8112,7.2407,7.24,0.0,157,156,136
17th Lok Sabha,5,Lok Sabha,2,Andhra Pradesh,7,AMALAPURAM(SC),3018949,Smt Chinta Anuradha,11.77,11.6087,11.6087,3.7607,10.07,0.0,192,192,62
17th Lok Sabha,5,Lok Sabha,2,Andhra Pradesh,8,BAPATLA,3018947,Nandigam Suresh,9.14,8.6856,8.6856,8.1176,8.44,0.0,122,122,111
17th Lok Sabha,5,Lok Sabha,2,Andhra Pradesh,9,ARAKU(ST),3018338,Goddeti Madhavi,9.8,9.7927,9.7927,0.1689,7.53,0.0,189,189,7
17th Lok Sabha,5,Lok Sabha,2,Andhra Pradesh,10,NELLORE(SC),3018339,Adala Reddy,11.77,9.2437,9.2437,9.2437,9.24,0.0,90,90,90
17th Lok Sabha,5,Lok Sabha,2,Andhra Pradesh,11,TIRUPATI(SC),3018946,Maddila Gurumoorthy,9.39,8.111,8.111,5.3,6.78,0.0,100,100,63
17th Lok Sabha,5,Lok Sabha,2,Andhra Pradesh,12,ANANTAPUR,3018948,Talari Rangaiah,18.97,13.2332,13.2332,10.1939,10.64,0.0,199,199,171
17th Lok Sabha,5,Lok Sabha,2,Andhra Pradesh,13,SRIKAKULAM,3018939,Kinjarapu Ram Mohan Naidu,7.23,7.21,7.21,4.404,5.61,0.0,132,132,92
17th Lok Sabha,5,Lok Sabha,2,Andhra Pradesh,14,ONGOLE,3018340,Magunta Sreenivasulu Reddy,19.12,18.3479,18.3479,6.0646,12.34,0.0,346,346,110
17th Lok Sabha,5,Lok Sabha,2,Andhra Pradesh,15,ELURU,3018940,Kotagiri Sridhar,9.81,7.4246,7.4246,2.8996,3.81,0.0,75,75,31
17th Lok Sabha,5,Lok Sabha,2,Andhra Pradesh,16,NARASAPURAM,3018942,Raghu Ramakrishna Raju Kanumuru,11.79,8.4135,8.2635,3.3935,6.75,0.0,104,102,40
17th Lok Sabha,5,Lok Sabha,2,Andhra Pradesh,17,RAJAHMUNDRY,3017377,Shri Margani Bharat (17th Lok Sabha),9.81,9.8,9.8,0.0,8.07,0.0,15,15,0
17th Lok Sabha,5,Lok Sabha,2,Andhra Pradesh,18,GUNTUR,3018944,Jayadev Galla,11.77,10.7117,10.7117,9.0307,9.95,0.0,146,146,125
17th Lok Sabha,5,Lok Sabha,2,Andhra Pradesh,19,NARASARAOPET,3018945,Lavu Sri Krishna Devarayalu,8.0,7.9871,7.9871,4.0171,5.46,0.0,111,111,36
17th Lok Sabha,5,Lok Sabha,2,Andhra Pradesh,20,VISAKHAPATNAM,3018344,MVVV Satyanarayana,12.23,9.6039,9.6039,0.5462,5.14,0.0,55,55,16
17th Lok Sabha,5,Lok Sabha,2,Andhra Pradesh,21,KADAPA,3018943,Y S Avinash Reddy,10.08,9.5344,9.3944,6.0069,7.73,0.0,134,132,84
17th Lok Sabha,5,Lok Sabha,2,Andhra Pradesh,22,MACHILIPATNAM,3018342,Balashowry Vallabbhaneni,9.81,7.9208,7.7223,3.6171,5.79,0.0,97,94,69
17th Lok Sabha,5,Lok Sabha,2,Andhra Pradesh,23,KURNOOL,3017375,Dr Sanjeev Kumar Singari (17th Lok Sabha),11.47,11.4656,10.4933,8.8801,10.08,0.0,377,361,349
17th Lok Sabha,5,Lok Sabha,2,Andhra Pradesh,24,VIZIANAGARAM,3018938,Chandra Sekhar Bellana,11.24,8.9039,8.9039,5.3475,5.91,0.0,259,259,158
17th Lok Sabha,5,Lok Sabha,2,Andhra Pradesh,25,CHITTOOR,3017376,Shri N Reddeppa (17th Lok Sabha),9.81,9.6887,9.6887,0.3429,7.92,0.0,163,163,6
17th Lok Sabha,5,Lok Sabha,2,Andhra Pradesh,26,RAJAMPET,3018941,Midhun Reddy,9.92,9.6759,9.6029,3.8238,6.73,0.0,273,268,123
17th Lok Sabha,5,Lok Sabha,2,Andhra Pradesh,27,KAKINADA,3021881,Vanga Geetha Viswanath (17th Lok Sabha),12.23,6.9919,6.9919,6.7419,6.89,0.0,129,129,125
17th Lok Sabha,5,Lok Sabha,3,Arunachal Pradesh,28,ARUNACHAL WEST,3018950,Kiren Rijiju,9.81,9.7942,9.6742,5.5942,9.53,0.0,205,202,119
17th Lok Sabha,5,Lok Sabha,3,Arunachal Pradesh,29,ARUNACHAL EAST,3017378,Shri Tapir Gao (17th Lok Sabha),9.81,9.7794,9.7794,5.4544,9.73,0.0,133,133,67
17th Lok Sabha,5,Lok Sabha,5,Assam,30,BARPETA,3017379,Shri Abdul Khaleque (17th Lok Sabha),9.81,9.62,9.225,3.785,8.27,0.0,218,208,80
17th Lok Sabha,5,Lok Sabha,5,Assam,31,Darrang-Udalguri,3018955,Dilip Saikia,7.36,6.91,6.675,1.24,5.27,0.0,272,262,47
17th Lok Sabha,5,Lok Sabha,5,Assam,32,LAKHIMPUR,3018347,Pradan Baruah,5.44,5.1317,4.9867,0.7242,4.23,0.0,117,112,15
17th Lok Sabha,5,Lok Sabha,5,Assam,33,DIBRUGARH,3018952,Sh Teli Rameswar,9.81,9.31,7.735,0.0,6.36,0.0,138,118,0
17th Lok Sabha,5,Lok Sabha,5,Assam,34,JORHAT,3018348,Topon Kumar Gogoi,9.81,9.7305,9.7055,1.2155,8.69,0.0,186,185,28
17th Lok Sabha,5,Lok Sabha,5,Assam,35,Diphu (ST),3018956,Horen Sing Bey,9.81,9.8,9.6,0.55,8.74,0.0,39,38,2
17th Lok Sabha,5,Lok Sabha,5,Assam,36,KARIMGANJ (SC),3018957,Kripanath Mallah,9.81,9.7938,9.7938,0.0,9.68,0.0,70,70,0
17th Lok Sabha,5,Lok Sabha,5,Assam,37,DHUBRI,3018951,Maulana Ajmal Badruddin,4.91,4.8412,4.8412,3.1723,4.19,0.0,93,93,62
17th Lok Sabha,5,Lok Sabha,5,Assam,38,NOWGONG,3018958,Pradyut Bordoloi,4.91,4.6898,4.3748,0.2399,3.83,0.0,138,127,7
17th Lok Sabha,5,Lok Sabha,5,Assam,39,SILCHAR,3018346,Rajdeep Roy,4.78,4.7705,4.7705,4.3705,4.75,0.0,110,107,102
17th Lok Sabha,5,Lok Sabha,5,Assam,40,Kaziranga,3018953,Gaurav Gogoi,4.91,4.9,4.485,0.215,3.5,0.0,213,195,10
17th Lok Sabha,5,Lok Sabha,5,Assam,41,KOKRAJHAR (ST),3017380,Shri Naba (Hira) Kumar Sarania (17th Lok Sabha),7.36,7.2549,7.1599,1.7419,6.23,0.0,75,72,20
17th Lok Sabha,5,Lok Sabha,5,Assam,42,Sonitpur,3018954,Pallab Lochan Das,7.36,7.2995,7.2995,2.6229,6.82,0.0,128,128,45
17th Lok Sabha,5,Lok Sabha,5,Assam,43,GUWAHATI,3018349,Queen Oja,7.36,7.3499,6.6999,0.8999,6.35,0.0,28,25,4
17th Lok Sabha,5,Lok Sabha,6,Bihar,44,ARARIA,3018355,Pradeep Kumar Singh,9.81,9.7568,9.7568,9.7568,9.76,0.0,21,20,20
17th Lok Sabha,5,Lok Sabha,6,Bihar,45,KATIHAR,3017383,Shri Dulal Chandra Goswami (17th Lok Sabha),4.91,4.7673,4.7173,4.7173,4.72,0.0,59,58,58
17th Lok Sabha,5,Lok Sabha,6,Bihar,46,MUZAFFARPUR,3018352,Ajay Nishad,4.91,4.7471,4.7471,4.603,4.74,0.0,73,73,72
17th Lok Sabha,5,Lok Sabha,6,Bihar,47,VAISHALI,3017382,Smt Veena Devi (17th Lok Sabha),11.77,11.2626,11.2626,11.2626,11.26,0.0,76,76,76
17th Lok Sabha,5,Lok Sabha,6,Bihar,48,PATALIPUTRA,3018970,Ram Kripal Yadav,11.77,10.2414,10.2414,10.0786,10.08,0.0,325,325,318
17th Lok Sabha,5,Lok Sabha,6,Bihar,49,PATNA SAHIB,3018979,Ravi Shankar Prasad,11.77,10.3604,10.3604,10.104,10.28,0.0,202,202,198
17th Lok Sabha,5,Lok Sabha,6,Bihar,50,KARAKAT,3017172,Mahabali Singh,7.36,7.2804,7.2804,7.2804,7.28,0.0,106,106,106
17th Lok Sabha,5,Lok Sabha,6,Bihar,51,SIWAN,3018980,Smt Kavita Singh,9.81,9.6657,9.6657,9.6657,9.67,0.0,109,109,109
17th Lok Sabha,5,Lok Sabha,6,Bihar,52,ARRAH,3018978,Raj Kumar Singh,14.22,12.4875,12.4875,11.5543,11.69,0.0,98,98,90
17th Lok Sabha,5,Lok Sabha,6,Bihar,53,KISHANGANJ,3017384,Dr Mohammad Jawed (17th Lok Sabha),9.64,9.6395,9.6395,9.6395,9.64,0.0,124,124,124
17th Lok Sabha,5,Lok Sabha,6,Bihar,54,JAMUI(SC),3018965,Chirag Paswan,5.95,5.9346,5.9346,5.3946,5.39,0.0,233,233,222
17th Lok Sabha,5,Lok Sabha,6,Bihar,55,PURVI CHAMPARAN,3018969,Radha Mohan Singh,9.81,8.6158,8.6158,8.6158,8.62,0.0,63,63,63
17th Lok Sabha,5,Lok Sabha,6,Bihar,56,SHEOHAR,3018981,Smt Rama Devi,7.36,7.3027,7.3027,7.3027,7.3,0.0,88,88,88
17th Lok Sabha,5,Lok Sabha,6,Bihar,57,PURNEA,3017173,Santosh Kumar,9.81,9.7294,9.7294,9.7294,9.73,0.0,100,100,100
17th Lok Sabha,5,Lok Sabha,6,Bihar,57,PURNEA,3018971,Santosh Kumar,0.0,0.0,0.0,0.0,0.0,0.0,0,0,0
17th Lok Sabha,5,Lok Sabha,6,Bihar,58,SASARAM(SC),3018964,Chhedi Paswan,4.91,4.7694,4.7694,4.7475,4.75,0.0,86,86,84
17th Lok Sabha,5,Lok Sabha,6,Bihar,59,HAJIPUR(SC),3018976,Pashupati Kumar Paras,7.36,6.9701,6.9701,6.9701,6.97,0.0,78,78,78
17th Lok Sabha,5,Lok Sabha,6,Bihar,60,BHAGALPUR,3018351,Ajay Kumar Mandal,9.81,9.5852,9.5852,9.0052,9.01,0.0,93,93,88
17th Lok Sabha,5,Lok Sabha,6,Bihar,61,JAHANABAD,3018974,Chandeshwar Prasad,9.81,9.5274,9.5274,9.3294,9.5,0.0,244,244,239
17th Lok Sabha,5,Lok Sabha,6,Bihar,62,JHANJHARPUR,3018360,Ramprit Mandal,4.91,4.8847,4.8847,4.8847,4.88,0.0,61,61,61
17th Lok Sabha,5,Lok Sabha,6,Bihar,63,MADHUBANI,3018353,Ashok Kumar Yadav,7.36,7.0921,7.0921,7.0921,7.09,0.0,84,84,84
17th Lok Sabha,5,Lok Sabha,6,Bihar,64,NALANDA,3018354,Kaushalendra Kumar,9.81,8.2963,8.2963,8.2063,8.21,0.0,292,288,286
17th Lok Sabha,5,Lok Sabha,6,Bihar,64,NALANDA,3018968,Kaushalendra Kumar,0.0,0.0,0.0,0.0,0.0,0.0,0,0,0
17th Lok Sabha,5,Lok Sabha,6,Bihar,65,MADHEPURA,3018975,Dinesh Chandra Yadav,11.46,11.4168,11.4168,10.9783,11.2,0.0,128,128,124
17th Lok Sabha,5,Lok Sabha,6,Bihar,66,MUNGER,3018357,Rajiv Ranjan (Lalan) Singh,14.3,13.012,13.012,10.0976,10.26,0.0,342,342,276
17th Lok Sabha,5,Lok Sabha,6,Bihar,67,UJJARPUR,3021513,Nityanand Rai (17th Lok Sabha),9.81,9.5813,9.5813,9.5813,9.58,0.0,320,320,320
17th Lok Sabha,5,Lok Sabha,6,Bihar,68,SAMASTIPUR(SC),3017385,Shri  Prince Raj (17th Lok Sabha),7.36,7.2704,7.2704,7.1904,7.25,0.0,91,91,90
17th Lok Sabha,5,Lok Sabha,6,Bihar,69,BANKA,3018966,Giridhari Yadav,7.36,7.3087,7.3087,6.7492,7.2,0.0,85,85,75
17th Lok Sabha,5,Lok Sabha,6,Bihar,70,AURANGABAD_BR,3018973,Sushil Kumar Singh,11.77,10.7647,10.7647,9.3022,9.67,0.0,266,266,234
17th Lok Sabha,5,Lok Sabha,6,Bihar,71,KHAGARIA,3018959,Chaudhary Mehboob Ali Kaiser,4.91,4.7555,4.7555,4.7138,4.71,0.0,162,162,159
17th Lok Sabha,5,Lok Sabha,6,Bihar,72,SITAMARHI,3018358,Sunil Kumar Pintu,9.81,9.6768,9.6768,9.6768,9.68,0.0,179,179,179
17th Lok Sabha,5,Lok Sabha,6,Bihar,73,SUPAUL,3018359,Dileshwar Kamait,5.57,5.5692,5.5692,5.5692,5.57,0.0,48,48,48
17th Lok Sabha,5,Lok Sabha,6,Bihar,74,DARBHANGA,3018961,Mr Gopal Jee Thakur,11.77,11.7055,11.7055,11.435,11.43,0.0,273,273,268
17th Lok Sabha,5,Lok Sabha,6,Bihar,75,SARAN,3018356,Rajiv Pratap Rudy,28.92,18.9497,18.9497,3.2588,7.19,0.0,47,47,17
17th Lok Sabha,5,Lok Sabha,6,Bihar,76,MAHARAJGANJ_BR,3017381,Shri Janardan Singh Sigriwal (17th Lok Sabha),11.77,10.8987,10.8987,10.3579,10.41,0.0,102,102,97
17th Lok Sabha,5,Lok Sabha,6,Bihar,77,BEGUSARAI,3018967,Giriraj Singh,9.81,9.436,9.436,8.4262,9.04,0.0,78,78,70
17th Lok Sabha,5,Lok Sabha,6,Bihar,78,VALMIKI NAGAR,3018972,Sunil Kumar,7.36,7.3226,7.3226,7.07,7.07,0.0,82,82,79
17th Lok Sabha,5,Lok Sabha,6,Bihar,79,PASCHIM CHAMPARAN,3018960,Sanjay Jaiswal,11.77,11.1684,11.1284,10.8984,10.9,0.0,240,239,234
17th Lok Sabha,5,Lok Sabha,6,Bihar,80,BUXAR,3018962,Ashwini Kumar Choubey,7.36,5.8234,5.8234,4.9439,5.03,0.0,70,70,62
17th Lok Sabha,5,Lok Sabha,6,Bihar,81,NAWADA,3018963,Chandan Singh,11.77,11.6314,11.5989,10.8986,11.01,0.0,339,334,318
17th Lok Sabha,5,Lok Sabha,6,Bihar,83,GOPALGANJ (SC),3018350,Alok Kumar Suman,7.36,7.0372,7.0372,7.0372,7.04,0.0,104,104,104
17th Lok Sabha,5,Lok Sabha,7,Chandigarh,84,CHANDIGARH,3018982,Smt Kirron Kher,6.75,5.2988,5.2988,4.0575,4.71,0.0,28,28,23
17th Lok Sabha,5,Lok Sabha,8,Chhattisgarh,85,RAIGARH(ST),3018987,Smt Gomati Sai,5.38,4.1128,4.1128,3.6504,3.86,0.0,64,64,51
17th Lok Sabha,5,Lok Sabha,8,Chhattisgarh,86,DURG,3018986,Vijay Baghel,7.36,7.1017,7.1017,6.0067,6.91,0.0,136,136,115
17th Lok Sabha,5,Lok Sabha,8,Chhattisgarh,87,KORBA,3018366,Jyotsna Charandas Mahant,4.8,4.7952,4.7952,3.8752,4.48,0.0,110,110,86
17th Lok Sabha,5,Lok Sabha,8,Chhattisgarh,88,KANKER(ST),3018983,Mohan Mandavi,7.27,7.2671,7.2671,6.4021,7.14,0.0,153,153,130
17th Lok Sabha,5,Lok Sabha,8,Chhattisgarh,89,JANJGIR CHAMPA(SC),3018362,Guharam Ajgalley,4.87,4.8688,4.8688,4.7688,4.84,0.0,148,148,147
17th Lok Sabha,5,Lok Sabha,8,Chhattisgarh,90,MAHASAMUND,3018364,Chunni lal Sahu,4.96,4.8983,4.8983,4.3583,4.7,0.0,91,91,81
17th Lok Sabha,5,Lok Sabha,8,Chhattisgarh,91,BILASPUR,3018363,Arun Sao,7.35,6.855,6.805,4.915,6.1,0.0,149,148,107
17th Lok Sabha,5,Lok Sabha,8,Chhattisgarh,92,BASTAR(ST),3018984,Deepak Baij,7.36,7.2754,6.7071,4.7404,5.75,0.0,163,150,123
17th Lok Sabha,5,Lok Sabha,8,Chhattisgarh,93,RAIPUR,3018985,Sunil Kumar Soni,9.45,9.4457,9.4457,7.4367,8.92,0.0,217,217,170
17th Lok Sabha,5,Lok Sabha,8,Chhattisgarh,94,RAJNANDGAON,3018365,Santosh Pandey,7.36,6.8575,6.8575,6.123,6.5,0.0,166,166,150
17th Lok Sabha,5,Lok Sabha,8,Chhattisgarh,95,SARGUJA(ST),3018988,Smt Renuka Singh Saruta,7.35,7.3222,7.1872,4.9201,6.65,0.0,200,191,85
17th Lok Sabha,5,Lok Sabha,11,Delhi,98,NORTH WEST DELHI(SC),3019999,Hans Raj Hans (17th Lok Sabha),11.77,10.504,9.422,2.3769,8.45,0.0,95,83,40
17th Lok Sabha,5,Lok Sabha,11,Delhi,99,CHANDINI CHOWK,3019998,Dr Harsh Vardhan (17th Lok Sabha),14.22,12.0105,10.9799,4.8415,8.92,0.0,196,182,88
17th Lok Sabha,5,Lok Sabha,11,Delhi,100,EAST DELHI,3020008,Gautam Gambhir (17th Lok Sabha),9.81,7.6773,6.5606,2.3746,6.53,0.0,25,21,16
17th Lok Sabha,5,Lok Sabha,11,Delhi,101,NORTH EAST DELHI,3020007,Manoj Tiwari (17th Lok Sabha),9.81,6.5337,6.4887,2.3215,5.53,0.0,41,40,25
17th Lok Sabha,5,Lok Sabha,11,Delhi,102,WEST DELHI,3020004,Parvesh Sahib Singh (17th Lok Sabha),11.77,11.2983,11.2983,2.8052,10.95,0.0,98,98,54
17th Lok Sabha,5,Lok Sabha,11,Delhi,103,NEW DELHI,3020002,Meenakshi Lekhi (17th Lok Sabha),9.81,8.9083,4.396,3.9703,4.19,0.0,31,22,18
17th Lok Sabha,5,Lok Sabha,11,Delhi,104,SOUTH DELHI,3020003,Ramesh Bidhuri (17th Lok Sabha),9.81,8.7081,8.2081,0.8608,6.71,0.0,41,40,19
17th Lok Sabha,5,Lok Sabha,12,Goa,105,SOUTH GOA,3018367,Francisco Cosme Sardinha,9.81,9.3396,9.3396,2.5706,7.59,0.0,75,75,39
17th Lok Sabha,5,Lok Sabha,12,Goa,106,NORTH GOA,3018989,Shripad Yesso Naik,11.77,11.4166,5.1877,0.2698,4.43,0.0,50,22,2
17th Lok Sabha,5,Lok Sabha,27,Gujarat,107,BANASKANTHA,3018998,Parbatbhai Savabhai Patel,7.36,7.3068,7.1068,5.2408,5.97,0.0,153,149,119
17th Lok Sabha,5,Lok Sabha,27,Gujarat,108,VADODARA,3018977,Smt Ranjanben Dhananjay Bhatt(17th Lok Sabha),7.36,6.3879,6.2849,6.2849,6.28,0.0,110,109,109
17th Lok Sabha,5,Lok Sabha,27,Gujarat,109,PORBANDAR,3017387,Shri Rameshbhai Lavjibhai Dhaduk (17th Lok Sabha),7.36,5.6975,5.5175,4.854,5.0,0.0,179,175,161
17th Lok Sabha,5,Lok Sabha,27,Gujarat,110,MAHESANA,3019006,Smt Shardaben Anilbhai Patel,9.81,9.1205,8.8455,7.2232,7.9,0.0,474,463,395
17th Lok Sabha,5,Lok Sabha,27,Gujarat,111,VALSAD(ST),3017386,Dr K C Patel (17th Lok Sabha),9.81,9.6388,9.6388,9.6388,9.64,0.0,298,298,298
17th Lok Sabha,5,Lok Sabha,27,Gujarat,112,AMRELI,3018997,Naranbhai Bhikhabhai Kachhadiya,7.36,7.0776,7.0076,5.8952,6.03,0.0,267,264,215
17th Lok Sabha,5,Lok Sabha,27,Gujarat,113,BARDOLI(ST),3018999,Prabhubhai Nagarbhai Vasava,9.81,5.0932,5.0932,4.9432,5.07,0.0,168,168,167
17th Lok Sabha,5,Lok Sabha,27,Gujarat,114,SURAT,3019004,Smt Darshana Vikram Jardosh,7.36,6.9078,6.9078,6.5428,6.55,0.0,63,63,61
17th Lok Sabha,5,Lok Sabha,27,Gujarat,115,ANAND,3018996,Mitesh Rameshbhai Bakabhai Patel,7.36,7.1324,7.0899,6.3564,6.42,0.0,399,396,355
17th Lok Sabha,5,Lok Sabha,27,Gujarat,116,DAHOD(ST),3018994,Jaswantsinh Sumanbhai Bhabhor,9.81,8.1664,8.1464,3.0319,4.15,0.0,480,479,112
17th Lok Sabha,5,Lok Sabha,27,Gujarat,117,PATAN,3018991,Bharatsinhji Shankarji Dabhi,7.36,6.8817,6.7617,5.1818,6.03,0.0,228,225,178
17th Lok Sabha,5,Lok Sabha,27,Gujarat,118,SURENDRANAGAR,3017391,Dr Mahendrabhai Munjapara (17th Lok Sabha),9.81,8.9721,8.8921,7.4873,8.45,0.0,267,264,232
17th Lok Sabha,5,Lok Sabha,27,Gujarat,119,BHAVNAGAR,3018990,Bharatiben Dhirubhai Shyal,9.81,9.4443,8.6868,6.755,7.92,0.0,390,369,263
17th Lok Sabha,5,Lok Sabha,27,Gujarat,120,JAMNAGAR,3019005,Smt Poonamben Hematbhai Maadam,12.38,10.2708,10.2708,6.8058,7.9,0.0,317,317,213
17th Lok Sabha,5,Lok Sabha,27,Gujarat,121,NAVSARI,3018992,C R Patil,6.89,6.8252,6.8252,5.7402,5.79,0.0,162,162,139
17th Lok Sabha,5,Lok Sabha,27,Gujarat,122,JUNAGADH,3017388,Shri Rajeshbhai Naranbhai Chudasama (17th Lok Sabha),9.81,5.8174,5.8174,5.0946,5.55,0.0,171,171,154
17th Lok Sabha,5,Lok Sabha,27,Gujarat,123,KHEDA,3017181,Devusinh Jesingbhai Chauhan,9.81,9.1585,9.0205,6.5699,6.88,0.0,463,458,373
17th Lok Sabha,5,Lok Sabha,27,Gujarat,124,AHMEDABAD EAST,3017392,Shri Hasmukhbhai Somabhai Patel (17th Lok Sabha),0.0,0.0,0.0,0.0,0.0,0.0,0,0,0
17th Lok Sabha,5,Lok Sabha,27,Gujarat,124,AHMEDABAD EAST,3019002,Hasmukh Bhai Soma Bhai Patel,7.36,6.8006,6.8006,4.3584,4.81,0.0,161,161,89
17th Lok Sabha,5,Lok Sabha,27,Gujarat,125,AHMEDABAD WEST(SC),3019240,Kirit Premjibhai Solanki(17th Lok Sabha),6.01,6.0129,6.0129,3.3694,3.47,0.0,77,77,30
17th Lok Sabha,5,Lok Sabha,27,Gujarat,126,GANDHINAGAR,3047999,Amit Shah (Ex 17 Lok Sabha),7.35,6.0736,6.0736,3.0839,3.45,0.0,142,142,77
17th Lok Sabha,5,Lok Sabha,27,Gujarat,127,KACHCHH(SC),3019001,Vinod Chavda(17th Lok Sabha),7.36,6.7832,6.7832,3.9482,4.82,0.0,191,191,113
17th Lok Sabha,5,Lok Sabha,27,Gujarat,128,RAJKOT,3017390,Shri Mohanbhai Kalyanji Kundariya (17th Lok Sabha),11.77,10.008,9.983,9.4536,9.58,0.0,272,271,257
17th Lok Sabha,5,Lok Sabha,27,Gujarat,129,SABARKANTHA,3018993,Dipsinh Shankarsinh Rathod,7.36,7.1433,7.1183,4.6864,6.43,0.0,218,217,128
17th Lok Sabha,5,Lok Sabha,27,Gujarat,130,CHHOTA UDAIPUR(ST),3017393,Smt Gitaben Vajesingbhai Rathva (17th Lok Sabha),7.36,6.9775,6.9775,5.8647,6.2,0.0,332,332,279
17th Lok Sabha,5,Lok Sabha,27,Gujarat,130,CHHOTA UDAIPUR(ST),3019003,Smt Gitaben Vajesingbhai Rathva,0.0,0.0,0.0,0.0,0.0,0.0,0,0,0
17th Lok Sabha,5,Lok Sabha,27,Gujarat,131,PANCHMAHAL,3019000,Ratansinh Magansinh Rathod,9.81,9.4314,8.9824,6.0285,7.63,0.0,492,475,299
17th Lok Sabha,5,Lok Sabha,27,Gujarat,132,BHARUCH,3018995,Mansukhbhai Dhanjibhai Vasava,7.36,6.2742,6.2742,5.1042,5.24,0.0,226,226,214
17th Lok Sabha,5,Lok Sabha,14,Haryana,133,SONEPAT,3019008,Ramesh Chander Kaushik,7.36,6.7443,6.5861,0.4245,4.97,0.0,134,129,4
17th Lok Sabha,5,Lok Sabha,14,Haryana,134,KURUKSHETRA,3019010,Nayab Singh,7.36,6.499,6.399,2.2146,5.3,0.0,123,121,43
17th Lok Sabha,5,Lok Sabha,14,Haryana,135,HISAR,3019009,Brijendra Singh,9.81,9.2067,8.9772,3.0459,7.36,0.0,334,327,158
17th Lok Sabha,5,Lok Sabha,14,Haryana,136,KARNAL,3019012,Sanjay Bhatia,11.77,11.1124,11.1124,6.0058,9.29,0.0,140,140,76
17th Lok Sabha,5,Lok Sabha,14,Haryana,137,SIRSA(SC),3019239,Sunita Duggal(17TH Lok Sabha),7.36,7.0107,6.9608,1.9142,5.09,0.0,198,197,65
17th Lok Sabha,5,Lok Sabha,14,Haryana,138,GURGAON,3018368,Rao Inderjit Singh,9.81,9.1511,9.1511,3.1811,6.53,0.0,122,122,49
17th Lok Sabha,5,Lok Sabha,14,Haryana,139,AMBALA (SC),3019011,Rattan Lal Kataria,0.0,0.0,0.0,0.0,0.0,0.0,0,0,0
17th Lok Sabha,5,Lok Sabha,14,Haryana,140,FARIDABAD,3019007,Krishan Pal Gurjar,11.77,11.6193,11.2425,3.2814,7.07,0.0,158,151,59
17th Lok Sabha,5,Lok Sabha,14,Haryana,141,BHIWANI MAHENDRAGARH,3017394,Shri  Dharambir Singh (17th Lok Sabha),4.91,4.4194,4.4194,3.7284,4.16,0.0,111,111,96
17th Lok Sabha,5,Lok Sabha,14,Haryana,142,ROHTAK,3019238,Arvind Kumar Sharma(17TH Lok Sabha),11.77,10.7149,10.2049,4.3049,7.79,0.0,180,170,73
17th Lok Sabha,5,Lok Sabha,15,Himachal Pradesh,143,HAMIRPUR_HP,3018369,Anurag Singh Thakur,9.55,9.5488,9.3788,3.3576,8.5,0.0,655,647,214
17th Lok Sabha,5,Lok Sabha,15,Himachal Pradesh,144,KANGRA,3019013,Kishan Kapoor,7.91,7.8446,7.8446,1.8088,6.05,0.0,345,345,110
17th Lok Sabha,5,Lok Sabha,15,Himachal Pradesh,145,SHIMLA (SC),3019014,Suresh Kumar Kashyap,6.77,6.6782,6.6782,1.5152,6.15,0.0,355,355,87
17th Lok Sabha,5,Lok Sabha,15,Himachal Pradesh,146,MANDI,3019015,Smt Pratibha Singh,7.36,6.9063,6.7863,0.8359,4.8,0.0,392,387,49
17th Lok Sabha,5,Lok Sabha,16,Jammu And Kashmir,147,ANANTNAG,3019018,Hasnain Masoodi,9.81,8.1976,8.1526,6.1894,7.04,0.0,356,354,240
17th Lok Sabha,5,Lok Sabha,16,Jammu And Kashmir,148,UDHAMPUR,3019016,Jitendra Singh,7.36,5.9494,5.6994,2.5146,3.5,0.0,151,150,106
17th Lok Sabha,5,Lok Sabha,16,Jammu And Kashmir,149,BARAMULLAH,3017395,Shri Mohammad Akbar Lone (17th Lok Sabha),0.0,0.0,0.0,0.0,0.0,0.0,0,0,0
17th Lok Sabha,5,Lok Sabha,16,Jammu And Kashmir,149,BARAMULLAH,3019019,Mohammad Akbar Lone,7.36,6.6068,6.4539,3.2889,5.09,0.0,214,207,137
17th Lok Sabha,5,Lok Sabha,16,Jammu And Kashmir,150,JAMMU,3017396,Shri Jugal Kishore Sharma (17th Lok Sabha),7.36,5.6289,5.2689,4.0444,4.37,0.0,112,109,87
17th Lok Sabha,5,Lok Sabha,16,Jammu And Kashmir,151,SRINAGAR,3019017,Farooq Abdullah,0.0,0.0,0.0,0.0,0.0,0.0,0,0,0
17th Lok Sabha,5,Lok Sabha,16,Jammu And Kashmir,151,SRINAGAR,3026799,Dummy Lok Sabha MP,0.0,0.0,0.0,0.0,0.0,0.0,0,0,0
17th Lok Sabha,5,Lok Sabha,17,Jharkhand,152,HAZARIBAGH,3017398,Shri Jayant Sinha (17th Lok Sabha),7.36,7.3474,5.5974,0.0524,4.01,0.0,122,101,2
17th Lok Sabha,5,Lok Sabha,17,Jharkhand,153,GODDA,3019020,Nishikant Dubey,0.0,0.0,0.0,0.0,0.0,0.0,0,0,0
17th Lok Sabha,5,Lok Sabha,17,Jharkhand,154,DHANBAD,3018371,Pashupati Nath Singh,7.36,7.3475,7.2957,0.085,7.23,0.0,262,260,2
17th Lok Sabha,5,Lok Sabha,17,Jharkhand,155,GIRIDIH,3017399,Shri Chandra Prakash Choudhary (17th Lok Sabha),9.81,9.6971,9.6571,1.4616,8.87,0.0,341,340,50
17th Lok Sabha,5,Lok Sabha,17,Jharkhand,156,SINGHBHUM(ST),3019025,Geeta Kora(17th Lok Sabha),9.81,9.7832,9.7064,0.0,7.62,0.0,161,160,0
17th Lok Sabha,5,Lok Sabha,17,Jharkhand,157,LOHARDAGA(ST),3019532,Sudarshan Bhagat (17th Lok Sabha),4.87,4.8742,4.8742,2.9649,4.73,0.0,51,51,28
17th Lok Sabha,5,Lok Sabha,17,Jharkhand,158,RANCHI,3018372,Sanjay Seth,4.9,4.9,4.8355,1.9793,4.43,0.0,79,78,33
17th Lok Sabha,5,Lok Sabha,17,Jharkhand,159,DUMKA(ST),3019026,Sunil Soren,9.77,9.77,9.645,4.96,9.0,0.0,360,356,183
17th Lok Sabha,5,Lok Sabha,17,Jharkhand,160,CHATRA,3018373,Sunil Kumar Singh,7.36,7.3495,6.8996,0.3935,0.8575,0.0,34,26,13
17th Lok Sabha,5,Lok Sabha,17,Jharkhand,161,JAMSHEDPUR,3019022,Bidyut Baran Mahato,7.36,7.1577,7.1577,0.0,6.24,0.0,127,127,0
17th Lok Sabha,5,Lok Sabha,17,Jharkhand,162,PALAMU(SC),3018374,Vishnu Dayal Ram,6.31,6.3145,6.0445,3.1845,5.57,0.0,196,186,96
17th Lok Sabha,5,Lok Sabha,17,Jharkhand,162,PALAMU(SC),3019024,Vishnu Dayal Ram,0.0,0.0,0.0,0.0,0.0,0.0,0,0,0
17th Lok Sabha,5,Lok Sabha,17,Jharkhand,163,RAJMAHAL(ST),3019023,Vijay Kumar Hansdak,12.23,12.234,11.9833,0.2213,10.85,0.0,590,582,18
17th Lok Sabha,5,Lok Sabha,17,Jharkhand,164,KHUNTI(ST),3017397,Shri Arjun Munda (17th Lok Sabha),7.36,6.9383,6.4815,2.3031,6.35,0.0,151,147,55
17th Lok Sabha,5,Lok Sabha,17,Jharkhand,165,KODARMA,3018370,Annpurna Devi,8.67,8.667,7.4015,4.6015,5.9,0.0,288,252,177
17th Lok Sabha,5,Lok Sabha,17,Jharkhand,165,KODARMA,3019021,Ms Annpurna Devi,0.0,0.0,0.0,0.0,0.0,0.0,0,0,0
17th Lok Sabha,5,Lok Sabha,18,Karnataka,166,BANGALORE RURAL,3019030,Doddaalahalli Kempegowda Suresh,9.81,9.72,9.72,0.0,9.69,0.0,81,81,0
17th Lok Sabha,5,Lok Sabha,18,Karnataka,167,BELLARY(ST),3019045,Y Devendrappa(17th Lok Sabha),9.81,9.45,9.45,0.0,8.12,0.0,12,12,0
17th Lok Sabha,5,Lok Sabha,18,Karnataka,168,RAICHUR(ST),3019038,Raja Amareshwara Naik(17th Lok Sabha),9.81,9.7999,9.4999,0.0499,8.89,0.0,204,198,1
17th Lok Sabha,5,Lok Sabha,18,Karnataka,169,BAGALKOT,3019034,Parvatagouda Chandanagouda Gaddigoudar(17th Lok Sabha),7.36,7.331,7.051,5.391,6.51,0.0,159,152,120
17th Lok Sabha,5,Lok Sabha,18,Karnataka,170,KOPPAL,3019041,Sanganna Amarappa Karadi(17th Lok Sabha),9.81,9.7827,9.2502,2.3277,7.77,0.0,301,282,72
17th Lok Sabha,5,Lok Sabha,18,Karnataka,171,CHIKBALLAPUR,3019043,Bache BN Gowda(17th Lok Sabha),7.36,7.348,7.348,0.513,6.55,0.0,159,159,8
17th Lok Sabha,5,Lok Sabha,18,Karnataka,172,GULBARGA(SC),3017405,Dr Umesh G Jadhav (17th Lok Sabha),14.22,14.1857,13.2081,3.5359,11.48,0.0,215,201,53
17th Lok Sabha,5,Lok Sabha,18,Karnataka,173,DAKSHINA KANNADA,3017401,Shri Nalin Kumar Kateel (17th Lok Sabha),7.36,7.3123,7.3123,6.2073,6.61,0.0,105,105,90
17th Lok Sabha,5,Lok Sabha,18,Karnataka,174,SHIMOGA,3017402,Shri B Y Raghavendra (17th Lok Sabha),9.81,9.2135,8.805,6.373,8.18,0.0,225,215,149
17th Lok Sabha,5,Lok Sabha,18,Karnataka,175,BELGAUM,3019046,Smt Mangal Suresh Angadi(17th Lok Sabha),9.81,9.7755,6.4705,1.0605,5.77,0.0,183,122,21
17th Lok Sabha,5,Lok Sabha,18,Karnataka,176,CHIKKODI,3019028,Annasaheb Shankar Jolle,9.81,9.7919,7.7469,0.7119,7.37,0.0,202,153,16
17th Lok Sabha,5,Lok Sabha,18,Karnataka,177,MYSORE,3019037,Prathap Simha(17th Lok Sabha),4.91,4.76,3.97,0.0,3.19,0.0,113,90,0
17th Lok Sabha,5,Lok Sabha,18,Karnataka,178,UDUPI CHIKMAGALUR,3017403,Km Shobha Karandlaje (17th Lok Sabha),9.81,9.5338,9.1813,6.3613,8.28,0.0,218,209,150
17th Lok Sabha,5,Lok Sabha,18,Karnataka,179,HASSAN,3019035,Prajwal Revanna(17th Lok Sabha),9.81,8.5962,8.1362,5.0637,7.16,0.0,260,246,149
17th Lok Sabha,5,Lok Sabha,18,Karnataka,180,HAVERI,3019042,Shivkumar Chanabasappa Udasi(17th Lok Sabha),9.81,9.3854,8.8054,6.1304,8.11,0.0,204,191,135
17th Lok Sabha,5,Lok Sabha,18,Karnataka,181,BANGALORE NORTH,3017400,Shri DV Sadananda Gowda (17th Lok Sabha),9.81,9.637,9.637,7.172,9.49,0.0,219,219,156
17th Lok Sabha,5,Lok Sabha,18,Karnataka,182,BANGALORE SOUTH,3017406,Shri LS Tejasvi Surya (17th Lok Sabha),11.77,10.5739,9.8739,4.4639,8.26,0.0,99,96,62
17th Lok Sabha,5,Lok Sabha,18,Karnataka,183,BANGALORE CENTRAL,3019529,P C Mohan (17thLok Sabha),8.51,8.5068,7.9068,4.0998,6.66,0.0,56,55,38
17th Lok Sabha,5,Lok Sabha,18,Karnataka,184,BIDAR,3019029,Bhagwanth Khuba,7.36,7.2563,5.5894,1.1004,4.24,0.0,254,205,70
17th Lok Sabha,5,Lok Sabha,18,Karnataka,185,KOLAR(SC),3019040,S Muniswamy(17th Lok Sabha),9.8,9.7998,9.1311,0.4995,8.56,0.0,211,197,7
17th Lok Sabha,5,Lok Sabha,18,Karnataka,186,DAVANAGERE,3019031,Gowdar Mallikarjunappa Siddeshwara,5.13,4.6756,4.6756,4.0206,4.52,0.0,72,72,62
17th Lok Sabha,5,Lok Sabha,18,Karnataka,187,DHARWAD,3019036,Pralhad Venkatesh Joshi(17th Lok Sabha),9.81,9.0102,8.5602,4.4802,5.71,0.0,155,149,94
17th Lok Sabha,5,Lok Sabha,18,Karnataka,188,MANDYA,3019047,Smt Sumalatha Ambareesh(17th Lok Sabha),7.36,7.3495,6.9995,0.6995,6.51,0.0,143,136,11
17th Lok Sabha,5,Lok Sabha,18,Karnataka,189,TUMKUR,3017404,Shri Gangasandra Siddappa Basavaraj (17th Lok Sabha),9.81,9.7991,9.2191,0.5291,8.08,0.0,217,203,13
17th Lok Sabha,5,Lok Sabha,18,Karnataka,190,CHAMARAJANAGAR(SC),3019044,V Srinivas Prasad(17th Lok Sabha),7.36,7.3,6.4,0.0,5.77,0.0,122,107,0
17th Lok Sabha,5,Lok Sabha,18,Karnataka,191,BIJAPUR(SC),3019039,Ramesh Chandappa Jigajinagi(17th Lok Sabha),11.77,11.196,8.2565,0.0,6.83,0.0,418,303,0
17th Lok Sabha,5,Lok Sabha,18,Karnataka,192,CHITRADURGA(SC),3019033,Narayana Swamy Abbaiah(17th Lok Sabha),9.81,6.8246,5.8346,0.5146,4.08,0.0,129,111,5
17th Lok Sabha,5,Lok Sabha,18,Karnataka,193,UTTARA KANNADA,3019027,Anantkumar Hegde,5.23,4.8981,4.8481,0.4481,4.12,0.0,104,103,9
17th Lok Sabha,5,Lok Sabha,36,Kerala,194,KANNUR,3017416,Shri Kumbakudi Sudhakaran (17th Lok Sabha),9.81,8.1819,7.0438,5.0736,5.39,0.0,162,137,93
17th Lok Sabha,5,Lok Sabha,36,Kerala,195,THIRUVANANTHAPURAM,3017408,Dr Shashi Tharoor (17th Lok Sabha),9.81,9.0351,9.0351,7.7781,8.19,0.0,169,169,145
17th Lok Sabha,5,Lok Sabha,36,Kerala,196,ATTINGAL,3017411,Adv Adoor Prakash (17th Lok Sabha),9.81,9.3933,9.3933,8.9027,9.07,0.0,300,300,289
17th Lok Sabha,5,Lok Sabha,36,Kerala,197,WAYANAD,3021488,Rahul Gandhi (17th Lok Sabha),9.81,9.0964,9.0964,6.5274,8.57,0.0,71,71,59
17th Lok Sabha,5,Lok Sabha,36,Kerala,198,PATHANAMTHITTA,3019048,Anto Antony(17th Lok Sabha),9.81,8.6577,8.6577,6.7865,7.23,0.0,167,167,148
17th Lok Sabha,5,Lok Sabha,36,Kerala,199,ERNAKULAM,3017417,Shri Hibi Eden (17th Lok Sabha),9.81,8.3053,7.5553,5.1152,6.58,0.0,41,38,33
17th Lok Sabha,5,Lok Sabha,36,Kerala,200,CHALAKUDY,3017413,Shri Benny Behanan (17th Lok Sabha),9.81,8.7229,8.0778,3.4773,5.23,0.0,72,67,44
17th Lok Sabha,5,Lok Sabha,36,Kerala,201,KASARAGOD,3017415,Shri Rajmohan Unnithan (17th Lok Sabha),11.49,11.4885,11.4585,10.7342,11.11,0.0,286,285,279
17th Lok Sabha,5,Lok Sabha,36,Kerala,202,KOTTAYAM,3017407,Shri Thomas Chazhikadan (17th Lok Sabha),9.29,9.2873,8.5913,6.7663,7.49,0.0,209,193,134
17th Lok Sabha,5,Lok Sabha,36,Kerala,203,MALAPPURAM,3018375,M P Abdussamad Samadani,9.77,8.5366,8.5366,6.2248,7.57,0.0,179,179,153
17th Lok Sabha,5,Lok Sabha,36,Kerala,204,PONNANI,3019302,E T Mohammed Basheer(17th Lok Sabha),9.97,8.9365,8.9365,4.975,6.68,0.0,121,121,98
17th Lok Sabha,5,Lok Sabha,36,Kerala,205,VADAKARA,3017414,Shri K Muraleedharan (17th Lok Sabha),9.81,8.854,8.6292,3.196,5.92,0.0,51,45,21
17th Lok Sabha,5,Lok Sabha,36,Kerala,206,KOZHIKODE,3017409,Shri M K Raghavan (17th Lok Sabha),9.81,7.665,7.6073,6.9433,7.03,0.0,223,221,206
17th Lok Sabha,5,Lok Sabha,36,Kerala,207,ALAPPUZHA,3018376,Abdul Majeed Ariff,9.81,8.0827,5.9176,2.2815,3.87,0.0,72,54,32
17th Lok Sabha,5,Lok Sabha,36,Kerala,208,MAVELIKKARA(SC),3017412,Shri Suresh Kodikunnil (17th Lok Sabha),8.23,7.9263,7.8913,4.6521,5.78,0.0,96,95,67
17th Lok Sabha,5,Lok Sabha,36,Kerala,209,KOLLAM,3017410,Shri NK Premachandran (17th Lok Sabha),4.99,4.6048,4.6048,2.6098,3.43,0.0,60,60,40
17th Lok Sabha,5,Lok Sabha,36,Kerala,210,THRISSUR,3019050,T N Prathapan(17th Lok Sabha),9.81,8.892,8.892,6.3307,7.42,0.0,93,93,84
17th Lok Sabha,5,Lok Sabha,36,Kerala,211,ALATHUR(SC),3017419,Smt Ramya Haridas (17th Lok Sabha),9.81,8.6126,8.6126,8.5448,8.54,0.0,419,419,416
17th Lok Sabha,5,Lok Sabha,36,Kerala,212,PALAKKAD,3018377,Vellalath Kochukrishnan Nair Sreekandan,9.81,8.6555,8.6555,4.7755,6.35,0.0,151,151,137
17th Lok Sabha,5,Lok Sabha,36,Kerala,213,IDUKKI,3017418,Adv Dean Kuriakose (17th Lok Sabha),9.81,8.7996,8.7996,6.992,8.08,0.0,154,154,144
17th Lok Sabha,5,Lok Sabha,130,Ladakh,214,LADAKH,3017420,Shri Jamyang Tsering Namgyal (17th Lok Sabha),11.04,9.196,3.6999,0.0,0.0729,0.0,170,112,0
17th Lok Sabha,5,Lok Sabha,19,Lakshadweep,215,LAKSHADWEEP(ST),3019436,Faizal PP Mohammed(17th Lok Sabha),19.98,19.9842,19.9842,7.444,19.31,0.0,45,45,24
17th Lok Sabha,5,Lok Sabha,20,Madhya Pradesh,216,BETUL(ST),3018381,Durga Das Uikey,6.33,6.0998,4.6639,2.3211,3.51,0.0,268,162,88
17th Lok Sabha,5,Lok Sabha,20,Madhya Pradesh,217,MORENA,3019060,Narendra Singh Tomar(17th Lok Sabha),10.52,10.5191,9.504,0.012,7.08,0.0,193,163,1
17th Lok Sabha,5,Lok Sabha,20,Madhya Pradesh,218,BHOPAL,3017424,Sadhvi Pragya Singh Thakur (17th Lok Sabha),7.56,7.5272,7.3932,4.7204,6.91,0.0,214,206,172
17th Lok Sabha,5,Lok Sabha,20,Madhya Pradesh,219,TIKAMGARH(SC),3019053,Virendra Kumar(17th Lok Sabha),8.22,7.9929,7.5262,1.6778,6.19,0.0,267,241,45
17th Lok Sabha,5,Lok Sabha,20,Madhya Pradesh,220,GUNA,3017177,Krishna Pal Singh Yadav,0.0,0.0,0.0,0.0,0.0,0.0,0,0,0
17th Lok Sabha,5,Lok Sabha,20,Madhya Pradesh,220,GUNA,3019052,Krishna Pal Singh Yadav(17th Lok Sabha),9.84,9.8366,9.8188,3.6243,9.77,0.0,22,21,9
17th Lok Sabha,5,Lok Sabha,20,Madhya Pradesh,221,SHAHDOL (ST),3019069,Smt Himadri Singh(17th Lok Sabha),7.7,7.3267,7.2767,6.3243,7.22,0.0,318,317,265
17th Lok Sabha,5,Lok Sabha,20,Madhya Pradesh,222,KHANDWA,3019058,Gyaneshwar Patil(17th Lok Sabha),6.98,6.9353,6.8453,5.7467,6.46,0.0,170,166,135
17th Lok Sabha,5,Lok Sabha,20,Madhya Pradesh,223,DHAR(ST),3019054,Chhatar Singh Darbar(17th Lok Sabha),7.56,7.3562,7.3562,7.3062,7.31,0.0,399,399,398
17th Lok Sabha,5,Lok Sabha,20,Madhya Pradesh,224,BHIND(SC),3019070,Smt Sandhya Ray(17th Lok Sabha),8.55,6.9095,6.7645,4.453,6.49,0.0,220,215,141
17th Lok Sabha,5,Lok Sabha,20,Madhya Pradesh,225,INDORE,3019065,Shankar Lalwani(17th Lok Sabha),7.36,7.1471,7.1471,7.1171,7.15,0.0,202,202,201
17th Lok Sabha,5,Lok Sabha,20,Madhya Pradesh,226,JABALPUR,3019063,Rakesh Singh(17th Lok Sabha),14.89,7.1542,6.7375,3.4854,5.41,0.0,362,291,133
17th Lok Sabha,5,Lok Sabha,20,Madhya Pradesh,227,VIDISHA,3019064,Ramakant Bhargava(17th Lok Sabha),10.4,10.1997,9.7052,2.4908,8.65,0.0,326,305,82
17th Lok Sabha,5,Lok Sabha,20,Madhya Pradesh,228,SAGAR,3019062,Rajbahadur Singh(17th Lok Sabha),10.52,10.1238,9.8642,7.8842,9.64,0.0,215,201,146
17th Lok Sabha,5,Lok Sabha,20,Madhya Pradesh,229,REWA,3019059,Janardan Mishra(17th Lok Sabha),7.36,7.35,7.35,0.0,7.03,0.0,121,121,0
17th Lok Sabha,5,Lok Sabha,20,Madhya Pradesh,230,RATLAM(ST),3018382,Guman Singh Damor,7.72,7.3345,6.9078,5.4118,6.46,0.0,102,90,61
17th Lok Sabha,5,Lok Sabha,20,Madhya Pradesh,231,CHHINDWARA,3018379,Nakul K Nath,7.36,7.3095,7.195,3.3482,6.14,0.0,726,714,362
17th Lok Sabha,5,Lok Sabha,20,Madhya Pradesh,232,MANDLA(ST),3019055,Faggan Singh Kulaste(17th Lok Sabha),7.17,7.1659,6.7121,1.4194,5.36,0.0,210,187,29
17th Lok Sabha,5,Lok Sabha,20,Madhya Pradesh,233,MANDSOUR,3017421,Shri Sudheer Gupta (17th Lok Sabha),10.12,10.1033,9.7187,6.8287,9.29,0.0,740,708,536
17th Lok Sabha,5,Lok Sabha,20,Madhya Pradesh,234,UJJAIN(SC),3017425,Shri Anil Firojiya (17th Lok Sabha),7.36,7.1982,7.1682,2.273,6.62,0.0,263,262,135
17th Lok Sabha,5,Lok Sabha,20,Madhya Pradesh,235,DAMOH,3019061,Prahlad Singh Patel(17th Lok Sabha),7.02,6.9492,6.8452,2.2525,5.94,0.0,225,220,81
17th Lok Sabha,5,Lok Sabha,20,Madhya Pradesh,236,DEWAS(SC),3019068,Mahendra Singh Solanky(17th Lok Sabha),8.24,7.6704,6.8155,2.6419,5.86,0.0,166,138,56
17th Lok Sabha,5,Lok Sabha,20,Madhya Pradesh,237,GWALIOR,3019067,Vivek Narayan Shejwalkar(17th Lok Sabha),8.07,8.0671,7.8966,0.7556,6.69,0.0,133,128,25
17th Lok Sabha,5,Lok Sabha,20,Madhya Pradesh,238,HOSHANGABAD,3019066,Uday Pratap Singh(17th Lok Sabha),7.77,5.9251,5.566,1.566,4.52,0.0,366,320,102
17th Lok Sabha,5,Lok Sabha,20,Madhya Pradesh,239,KHARGONE(ST),3017422,Shri Gajendra Umrao Singh Patel (17th Lok Sabha),0.0,0.0,0.0,0.0,0.0,0.0,0,0,0
17th Lok Sabha,5,Lok Sabha,20,Madhya Pradesh,239,KHARGONE(ST),3019056,Gajendra Singh Patel(17th Lok Sabha),10.48,10.0792,9.5845,0.9355,8.2,0.0,302,281,30
17th Lok Sabha,5,Lok Sabha,20,Madhya Pradesh,240,SIDHI,3017423,Smt Riti Pathak (17th Lok Sabha),0.223,0.223,0.223,0.0663,0.223,0.0,30,30,10
17th Lok Sabha,5,Lok Sabha,20,Madhya Pradesh,241,RAJGARH,3018380,Rodmal Nagar,7.46,7.379,7.379,1.0652,7.22,0.0,410,410,115
17th Lok Sabha,5,Lok Sabha,20,Madhya Pradesh,242,BALAGHAT,3018378,Dhal Singh Bisen,4.9,4.8992,4.8992,4.7559,4.89,0.0,305,305,301
17th Lok Sabha,5,Lok Sabha,20,Madhya Pradesh,243,KHAJURAHO,3018383,Vishnu Dutt Sharma,10.55,10.0116,9.8866,6.8571,8.81,0.0,137,135,97
17th Lok Sabha,5,Lok Sabha,20,Madhya Pradesh,244,SATNA,3019057,Ganesh Singh(17th Lok Sabha),7.36,7.3489,7.0321,0.7085,6.29,0.0,283,272,12
17th Lok Sabha,5,Lok Sabha,21,Maharashtra,245,RAVER,3019105,Smt Raksha Nikhil Khadse(17th Lok Sabha),9.33,9.0144,8.9438,7.7046,8.02,0.0,96,94,74
17th Lok Sabha,5,Lok Sabha,21,Maharashtra,246,JALGAON,3019102,Unmesh Bhaiyyasaheb Patil(17th Lok Sabha),9.7,9.5614,9.5314,5.9781,9.49,0.0,181,180,135
17th Lok Sabha,5,Lok Sabha,21,Maharashtra,247,RATNAGIRI-SINDHUDURG,3019103,Vinayak Bhaurao Raut(17th Lok Sabha),7.36,7.2035,6.9735,5.7522,6.58,0.0,109,107,88
17th Lok Sabha,5,Lok Sabha,21,Maharashtra,248,DHULE,3018385,Subhash Ramrao Bhamre,7.36,6.9961,5.5571,3.9825,5.01,0.0,98,79,60
17th Lok Sabha,5,Lok Sabha,21,Maharashtra,249,LATUR(SC),3019100,Sudhakar Tukaram Shrangre(17th Lok Sabha),7.36,7.0235,6.9535,6.1867,6.8,0.0,107,106,95
17th Lok Sabha,5,Lok Sabha,21,Maharashtra,250,NAGPUR,3019087,Nitin Jairam Gadkari(17th Lok Sabha),9.81,7.6869,7.6869,0.0,4.97,0.0,40,40,0
17th Lok Sabha,5,Lok Sabha,21,Maharashtra,251,RAMTEK(SC),3019086,Krupal Balaji Tumane(17th Lok Sabha),9.81,9.5756,9.0808,0.0,7.43,0.0,176,167,0
17th Lok Sabha,5,Lok Sabha,21,Maharashtra,252,BARAMATI,3019106,Smt Supriya Sadanand Sule(17th Lok Sabha),7.36,7.3233,4.5136,0.8509,4.26,0.0,112,70,12
17th Lok Sabha,5,Lok Sabha,21,Maharashtra,253,MAVAL,3019099,Shrirang Appa Barne(17th Lok Sabha),9.81,9.0803,7.7012,5.7321,7.43,0.0,110,92,67
17th Lok Sabha,5,Lok Sabha,21,Maharashtra,254,SHIRUR,3019076,Amol Ramsing Kolhe(17th Lok Sabha),9.81,8.6646,6.5348,4.3192,5.99,0.0,100,82,52
17th Lok Sabha,5,Lok Sabha,21,Maharashtra,255,PUNE,3035703,Girish Bhalchandra Bapat (Ex 17 Lok Sabha),4.94,2.8721,1.6825,0.0,1.51,0.0,35,22,0
17th Lok Sabha,5,Lok Sabha,21,Maharashtra,256,YAVATMAL-WASHIM,3019078,Ms Bhavana Gawali (Patil)(17th Lok Sabha),11.77,11.6135,10.5712,9.026,10.22,0.0,135,122,105
17th Lok Sabha,5,Lok Sabha,21,Maharashtra,257,WARDHA,3019093,Ramdas Chandrabhanji Tadas(17th Lok Sabha),7.36,7.2858,7.2858,0.4035,7.04,0.0,215,215,11
17th Lok Sabha,5,Lok Sabha,21,Maharashtra,258,AURANGABAD_MH,3019071,Syed Imtiaz Jaleel(17th Lok Sabha),7.36,7.0196,5.7197,1.028,5.55,0.0,89,65,13
17th Lok Sabha,5,Lok Sabha,21,Maharashtra,259,CHANDRAPUR,3059947,Shri Balubhau Narayanrao (Alias Suresh) Dhanorkar (17LS),2.45,1.5479,1.037,0.0,0.6698,0.0,16,11,0
17th Lok Sabha,5,Lok Sabha,21,Maharashtra,260,JALNA,3019094,Raosaheb Patil Danve,11.77,11.5936,10.1196,4.6337,9.76,0.0,119,103,43
17th Lok Sabha,5,Lok Sabha,21,Maharashtra,261,PARBHANI,3019095,Sanjay Haribhau Jadhav(17th Lok Sabha),9.81,9.6533,9.4145,7.3089,9.24,0.0,136,133,108
17th Lok Sabha,5,Lok Sabha,21,Maharashtra,262,AMRAVATI(SC),3019104,Smt Navneet Ravi Rana(17th Lok Sabha),7.36,7.3296,7.3139,0.0998,6.45,0.0,82,81,1
17th Lok Sabha,5,Lok Sabha,21,Maharashtra,263,BEED,3019074,Pritam Gopinath Munde(17th Lok Sabha),11.56,11.557,11.1284,1.5537,10.84,0.0,153,147,19
17th Lok Sabha,5,Lok Sabha,21,Maharashtra,264,RAIGAD,3019101,Sunil Dattatray Tatkare(17th Lok Sabha),9.81,9.7028,9.5228,6.8606,8.27,0.0,106,104,77
17th Lok Sabha,5,Lok Sabha,21,Maharashtra,265,MUMBAI SOUTH,3019079,Arvind Ganpat Sawant(17th Lok Sabha),9.81,8.3652,6.0952,4.8952,6.09,0.0,46,34,28
17th Lok Sabha,5,Lok Sabha,21,Maharashtra,266,AKOLA,3019097,Sanjay Shamrao Dhotre(17th Lok Sabha),7.36,7.0644,6.8794,6.1306,6.82,0.0,103,99,89
17th Lok Sabha,5,Lok Sabha,21,Maharashtra,267,MUMBAI NORTH,3017429,Shri Gopal Chinayya Shetty (17th Lok Sabha),7.36,7.007,6.707,0.0,6.7,0.0,34,32,0
17th Lok Sabha,5,Lok Sabha,21,Maharashtra,268,MUMBAI NORTH-CENTRAL,3017427,Smt Poonam Mahajan (17th Lok Sabha),7.36,7.1423,6.6779,0.0,6.62,0.0,48,45,0
17th Lok Sabha,5,Lok Sabha,21,Maharashtra,269,MUMBAI NORTH EAST,3017428,Shri Manoj Kotak Kishorbhai (17th Lok Sabha),9.81,9.726,9.166,0.0,8.94,0.0,38,36,0
17th Lok Sabha,5,Lok Sabha,21,Maharashtra,270,MUMBAI NORTH WEST,3017430,Shri Gajanan Chandrakant Kirtikar (17th Lok Sabha),7.36,5.6,4.1,0.0,1.75,0.0,18,14,0
17th Lok Sabha,5,Lok Sabha,21,Maharashtra,271,MUMBAI SOUTH CENTRAL,3019642,Rahul Ramesh Shewale (17th Lok Sabha),9.81,9.1842,4.1242,3.2442,4.12,0.0,29,17,13
17th Lok Sabha,5,Lok Sabha,21,Maharashtra,272,BULDHANA,3019090,Prataprao Jadhav(17th Lok Sabha),12.25,11.585,11.585,8.2968,9.13,0.0,175,175,125
17th Lok Sabha,5,Lok Sabha,21,Maharashtra,273,GADCHIROLI-CHIMUR(ST),3017431,Shri Ashok Mahadeorao Nete,0.0,0.0,0.0,0.0,0.0,0.0,0,0,0
17th Lok Sabha,5,Lok Sabha,21,Maharashtra,273,GADCHIROLI-CHIMUR(ST),3019080,Ashok Mahadeorao Nete,7.36,7.2554,6.8862,1.8392,6.41,0.0,91,87,22
17th Lok Sabha,5,Lok Sabha,21,Maharashtra,274,NANDED,3019089,Prataprao Govindrao Patil Chikhalikar(17th Lok Sabha),9.81,9.7589,8.0299,4.786,7.77,0.0,149,119,77
17th Lok Sabha,5,Lok Sabha,21,Maharashtra,275,AHMEDNAGAR,3019075,Sujay Radhakrishna Vikhepatil(17th Lok Sabha),7.36,6.5052,5.5759,1.6286,5.1,0.0,74,63,21
17th Lok Sabha,5,Lok Sabha,21,Maharashtra,276,SHIRDI(SC),3018388,Sadashiv Kisan Lokhande,7.36,7.2744,5.7703,0.6015,5.43,0.0,125,94,13
17th Lok Sabha,5,Lok Sabha,21,Maharashtra,277,DINDORI(ST),3019072,Bharti Pravin Pawar(17th Lok Sabha),9.81,9.3678,9.2936,6.9438,9.04,0.0,165,163,126
17th Lok Sabha,5,Lok Sabha,21,Maharashtra,278,NASHIK,3019084,Hemant Tukaram Godse(17th Lok Sabha),9.22,9.1847,8.5523,5.3295,7.53,0.0,119,107,70
17th Lok Sabha,5,Lok Sabha,21,Maharashtra,279,OSMANABAD,3019088,Omprakash Bhupalsinh Alias Pawan Rajenimbalkar(17th Lok Sabha),14.06,13.9911,13.3966,12.3647,13.15,0.0,255,240,221
17th Lok Sabha,5,Lok Sabha,21,Maharashtra,280,MADHA,3018387,Ranjeetsinha Hindurao Naik Nimbalkar,8.01,7.9709,7.1384,2.3231,6.22,0.0,480,468,107
17th Lok Sabha,5,Lok Sabha,21,Maharashtra,281,SATARA,3019303,Shriniwas Dadasaheb Patil(17th Lok Sabha),11.77,11.6632,11.6632,6.1894,9.9,0.0,235,235,126
17th Lok Sabha,5,Lok Sabha,21,Maharashtra,282,BHANDARA-GONDIYA,3017426,Shri Sunil Baburao Mendhe (17th Lok Sabha),12.02,11.3054,9.3958,6.9058,7.94,0.0,213,139,128
17th Lok Sabha,5,Lok Sabha,21,Maharashtra,283,HINGOLI,3018386,Hemant Shriram Patil,9.81,9.6351,8.2501,7.277,7.97,0.0,113,97,86
17th Lok Sabha,5,Lok Sabha,21,Maharashtra,284,KOLHAPUR,3019096,Sanjay Sadashivrao Mandlik(17th Lok Sabha),9.81,9.7332,8.4787,7.7587,8.46,0.0,105,93,83
17th Lok Sabha,5,Lok Sabha,21,Maharashtra,285,HATKANANGLE,3019082,Dhairyasheel Sambhajirao Mane(17th Lok Sabha),10.73,10.6252,10.2253,8.7262,9.76,0.0,160,156,98
17th Lok Sabha,5,Lok Sabha,21,Maharashtra,286,SOLAPUR(SC),3018384,Jaisidheshwar Shivachary Mahaswamiji,11.77,11.4398,10.3852,7.3839,10.34,0.0,301,265,194
17th Lok Sabha,5,Lok Sabha,21,Maharashtra,287,NANDURBAR(ST),3019073,Heena Vijaykumar Gavit(17th Lok Sabha),9.72,9.7137,8.0637,5.3664,6.1,0.0,55,49,35
17th Lok Sabha,5,Lok Sabha,21,Maharashtra,288,SANGLI,3019098,Sanjay(Kaka) Ramchandra Patil(17th Lok Sabha),12.06,11.3327,11.3327,9.0957,10.34,0.0,161,161,130
17th Lok Sabha,5,Lok Sabha,21,Maharashtra,289,BHIWANDI,3019085,Kapil Moreshwar Patil(17th Lok Sabha),7.36,7.1106,6.6106,0.1959,6.12,0.0,58,57,2
17th Lok Sabha,5,Lok Sabha,21,Maharashtra,290,KALYAN,3019077,Shrikant Eknath Shinde(17th Lok Sabha),7.36,7.1275,6.9277,0.0,3.48,0.0,34,31,0
17th Lok Sabha,5,Lok Sabha,21,Maharashtra,291,THANE,3019091,Rajan Baburao Vichare(17th Lok Sabha),9.81,9.7265,9.7265,0.0,4.5,0.0,41,41,0
17th Lok Sabha,5,Lok Sabha,21,Maharashtra,292,PALGHAR(ST),3019092,Rajendra Dhedya Gavit(17th Lok Sabha),10.49,9.632,8.3723,5.6458,8.17,0.0,90,77,50
17th Lok Sabha,5,Lok Sabha,22,Manipur,293,OUTER MANIPUR(ST),3017432,Shri Lorho S Pfoze (17th Lok Sabha),7.41,7.398,7.398,7.273,7.36,0.0,75,75,72
17th Lok Sabha,5,Lok Sabha,22,Manipur,294,INNER MANIPUR,3019107,Ranjan Singh Rajkumar(17th Lok Sabha),9.81,9.8,9.8,0.25,9.77,0.0,37,37,1
17th Lok Sabha,5,Lok Sabha,23,Meghalaya,295,TURA,3019108,Kum Agatha K Sangma(17th Lok Sabha),9.81,8.89,8.89,8.17,8.88,0.0,338,338,314
17th Lok Sabha,5,Lok Sabha,23,Meghalaya,296,SHILLONG,3019109,Vincent H Pala(17th Lok Sabha),8.07,7.3585,6.8255,3.5905,5.84,0.0,211,189,116
17th Lok Sabha,5,Lok Sabha,13,Mizoram,297,MIZORAM (ST),3019110,C Lalrosanga(17th Lok Sabha),7.36,7.35,7.35,1.62,7.29,0.0,71,71,16
17th Lok Sabha,5,Lok Sabha,24,Nagaland,298,NAGALAND,3017433,Shri  Tokheho (17th Lok Sabha),4.91,4.9,4.9,4.9,4.9,0.0,15,15,15
17th Lok Sabha,5,Lok Sabha,25,Odisha,299,CUTTACK,3017437,Shri Bhartruhari Mahtab (17th Lok Sabha),7.36,6.8334,6.7434,3.1925,4.02,0.0,264,261,118
17th Lok Sabha,5,Lok Sabha,25,Odisha,300,JAGATSINGHPUR(SC),3017434,Smt Rajashree Mallick (17th Lok Sabha),9.81,9.5074,7.8774,2.3674,5.02,0.0,327,277,122
17th Lok Sabha,5,Lok Sabha,25,Odisha,301,ASKA,3017436,Smt Pramila Bisoyi (17th Lok Sabha),7.36,7.0806,7.0806,2.1616,2.42,0.0,238,238,68
17th Lok Sabha,5,Lok Sabha,25,Odisha,302,BERHAMPUR,3017439,Shri Chandra Sekhar Sahu (17th Lok Sabha),7.36,7.2798,7.2798,2.1413,3.12,0.0,225,225,72
17th Lok Sabha,5,Lok Sabha,25,Odisha,303,BOLANGIR,3017438,Smt Sangeeta Kumari Singh Deo (17th Lok Sabha),11.77,11.7571,11.7571,3.0321,8.17,0.0,528,528,141
17th Lok Sabha,5,Lok Sabha,25,Odisha,304,BALASORE,3018389,Pratap Chandra Sarangi,9.8,9.8,7.4365,1.4498,6.08,0.0,501,427,97
17th Lok Sabha,5,Lok Sabha,25,Odisha,305,NABARANGPUR(ST),3019117,Ramesh Chandra Majhi(17th Lok Sabha),7.31,7.18,7.16,2.87,3.88,0.0,284,283,112
17th Lok Sabha,5,Lok Sabha,25,Odisha,306,KEONJHAR(ST),3019111,Ms Chandrani Murmu(17th Lok Sabha),9.81,9.7912,9.7912,5.1187,8.2,0.0,246,246,120
17th Lok Sabha,5,Lok Sabha,25,Odisha,307,KALAHANDI,3019114,Basanta Kumar Panda(17th Lok Sabha),9.81,9.5845,9.5045,6.0045,7.0,0.0,341,339,215
17th Lok Sabha,5,Lok Sabha,25,Odisha,308,PURI,3019116,Pinaki Misra(17th Lok Sabha),9.81,9.6016,9.5366,3.4636,5.69,0.0,307,305,133
17th Lok Sabha,5,Lok Sabha,25,Odisha,309,SAMBALPUR,3019115,Nitesh Ganga Deb(17th Lok Sabha),14.71,14.6983,14.6983,11.3433,11.81,0.0,223,223,169
17th Lok Sabha,5,Lok Sabha,25,Odisha,310,JAJPUR(SC),3019121,Smt Sarmistha Sethi(17th Lok Sabha),7.35,7.3499,7.2499,0.535,4.52,0.0,206,205,9
17th Lok Sabha,5,Lok Sabha,25,Odisha,311,SUNDARGARH (ST),3017435,Shri Jual Oram (17th Lok Sabha),7.25,7.253,7.253,1.07,6.25,0.0,141,141,22
17th Lok Sabha,5,Lok Sabha,25,Odisha,312,BHADRAK(SC),3019120,Smt Manjulata Mandal(17th Lok Sabha),5.0,4.8958,4.8808,2.3658,3.72,0.0,168,167,76
17th Lok Sabha,5,Lok Sabha,25,Odisha,313,KENDRAPARA,3019113,Anubhav Mohanty(17th Lok Sabha),9.81,9.5331,9.5331,8.0081,9.39,0.0,158,158,117
17th Lok Sabha,5,Lok Sabha,25,Odisha,314,MAYURBHANJ (ST),3019119,Bishweswar Tudu(17th Lok Sabha),7.3,7.2995,6.754,1.0295,5.19,0.0,203,183,25
17th Lok Sabha,5,Lok Sabha,25,Odisha,315,BARGARH,3019118,Suresh Pujari(17th Lok Sabha),7.36,7.3412,7.3412,4.2762,5.91,0.0,262,262,156
17th Lok Sabha,5,Lok Sabha,25,Odisha,316,KANDHAMAL,3019112,Achyutananda Samanta(17th Lok Sabha),2.99,2.8852,2.8352,0.2752,0.6452,0.0,92,91,8
17th Lok Sabha,5,Lok Sabha,25,Odisha,317,BHUBANESWAR,3017373,Smt Aparajita  Sarangi,7.32,7.32,6.165,0.745,3.51,0.0,539,483,55
17th Lok Sabha,5,Lok Sabha,25,Odisha,318,DHENKANAL,3017440,Shri Mahesh Sahoo (17th Lok Sabha),6.56,6.341,6.311,0.29,3.42,0.0,165,164,7
17th Lok Sabha,5,Lok Sabha,25,Odisha,319,KORAPUT(ST),3018390,Saptagiri Sankar Ulaka,7.36,7.3417,7.1117,4.0017,5.66,0.0,226,224,142
17th Lok Sabha,5,Lok Sabha,26,Puducherry,547,Puducherry,3019122,Vaithilingam Ve(17th Lok Sabha),7.89,7.8857,7.1182,2.1991,6.26,0.0,65,58,20
17th Lok Sabha,5,Lok Sabha,1,Punjab,321,BHATINDA,3019127,Smt Harsimrat Kaur Badal(17th Lok Sabha),8.71,8.6367,8.6367,8.1177,8.48,0.0,226,226,212
17th Lok Sabha,5,Lok Sabha,1,Punjab,322,GURDASPUR,3017441,Shri Sunny Deol (17th Lok Sabha),9.81,9.0512,9.0512,6.4503,7.63,0.0,182,182,159
17th Lok Sabha,5,Lok Sabha,1,Punjab,323,AMRITSAR,3017446,Shri Gurjeet Singh Aujla (17th Lok Sabha),5.07,4.8308,4.8308,3.9858,4.82,0.0,131,131,107
17th Lok Sabha,5,Lok Sabha,1,Punjab,324,HOSHIARPUR(SC),3017443,Shri Som Prakash (17th Lok Sabha),9.81,9.1968,9.0518,6.4609,8.18,0.0,458,447,342
17th Lok Sabha,5,Lok Sabha,1,Punjab,325,FIROZPUR,3019125,Sukhbir Singh Badal(17th Lok Sabha),7.51,7.0614,7.0614,7.0614,7.06,0.0,246,246,246
17th Lok Sabha,5,Lok Sabha,1,Punjab,326,FATEHGARH SAHIB(SC),3017445,Shri Amar Singh (17th Lok Sabha),7.36,7.0216,7.0216,5.9066,6.56,0.0,344,344,299
17th Lok Sabha,5,Lok Sabha,1,Punjab,327,SANGRUR,3017447,Sardar Simranjit Singh Mann (17th Lok Sabha),7.41,7.1971,7.1971,7.1451,7.17,0.0,513,513,508
17th Lok Sabha,5,Lok Sabha,1,Punjab,328,PATIALA,3017444,Smt Preneet Kaur (17th Lok Sabha),9.87,9.4792,9.4792,6.4354,8.61,0.0,220,220,151
17th Lok Sabha,5,Lok Sabha,1,Punjab,329,ANANDPUR SAHIB,3019123,Manish Tewari(17th Lok Sabha),7.36,6.9666,6.9666,5.3076,6.26,0.0,253,253,196
17th Lok Sabha,5,Lok Sabha,1,Punjab,330,FARIDKOT(SC),3019126,Mohammad Sadique(17th Lok Sabha),7.06,7.0617,7.0617,7.0617,7.06,0.0,222,222,222
17th Lok Sabha,5,Lok Sabha,1,Punjab,331,JALANDHAR(SC),3023122,Sushil Kumar Rinku (17th Lok Sabha),4.91,4.6376,4.6376,3.5931,4.35,0.0,109,109,87
17th Lok Sabha,5,Lok Sabha,1,Punjab,332,LUDHIANA,3019124,Ravneet Singh(17th Lok Sabha),9.81,9.1054,9.1054,8.7994,8.94,0.0,319,319,313
17th Lok Sabha,5,Lok Sabha,1,Punjab,333,KHADOOR SAHIB,3017442,Shri Jasbir Singh (17th Lok Sabha),7.84,6.8691,6.8691,4.9804,5.67,0.0,149,149,113
17th Lok Sabha,5,Lok Sabha,28,Rajasthan,334,AJMER,3019130,Bhagirath Chaudhary(17th Lok Sabha),9.81,8.5098,8.4698,3.648,5.12,0.0,200,199,103
17th Lok Sabha,5,Lok Sabha,28,Rajasthan,335,BARMER,3019144,Kailash Choudhary(17th Lok Sabha),7.36,6.4572,6.4572,3.6137,5.69,0.0,74,74,42
17th Lok Sabha,5,Lok Sabha,28,Rajasthan,336,JHALAWAR-BARAN,3019133,Dushyant Singh(17th Lok Sabha),13.4,11.8135,11.7974,9.7422,10.71,0.0,312,311,252
17th Lok Sabha,5,Lok Sabha,28,Rajasthan,337,KOTA,3019138,Om Birla(17th Lok Sabha),17.86,15.9766,15.8616,6.8516,12.55,0.0,318,312,159
17th Lok Sabha,5,Lok Sabha,28,Rajasthan,338,NAGAUR,3017451,Shri Hanuman Beniwal (17th Lok Sabha),9.8,9.3132,9.2882,7.67,8.87,0.0,181,180,153
17th Lok Sabha,5,Lok Sabha,28,Rajasthan,339,UDAIPUR(ST),3019129,Arjunlal Meena(17th Lok Sabha),9.81,8.4848,8.4848,2.5123,8.02,0.0,119,119,51
17th Lok Sabha,5,Lok Sabha,28,Rajasthan,340,DAUSA(ST),3017452,Smt Jaskaur Meena (17th Lok Sabha),9.81,8.6139,8.5589,5.7878,7.1,0.0,205,204,143
17th Lok Sabha,5,Lok Sabha,28,Rajasthan,341,CHITTORGARH,3019131,Chandra Prakash Joshi(17th Lok Sabha),9.81,5.2376,5.2376,3.6076,4.68,0.0,222,222,176
17th Lok Sabha,5,Lok Sabha,28,Rajasthan,342,CHURU,3019139,Rahul Kaswan(17th Lok Sabha),11.25,9.8743,9.8743,3.618,8.82,0.0,162,162,65
17th Lok Sabha,5,Lok Sabha,28,Rajasthan,343,TONK-SAWAI MADHOPUR,3019142,Sukhbir Singh Jaunapuria(17th Lok Sabha),9.81,7.2659,6.9259,2.1444,4.52,0.0,156,148,48
17th Lok Sabha,5,Lok Sabha,28,Rajasthan,344,BIKANER(SC),3017449,Shri Arjun Ram Meghwal (17th Lok Sabha),0.0,0.0,0.0,0.0,0.0,0.0,0,0,0
17th Lok Sabha,5,Lok Sabha,28,Rajasthan,344,BIKANER(SC),3059984,Shri Arjun Ram Meghwal (17LS)EX,7.35,2.3423,2.3384,0.4813,0.6639,0.0,47,46,11
17th Lok Sabha,5,Lok Sabha,28,Rajasthan,345,JALORE,3019132,Devji Mansingram Patel(17th Lok Sabha),7.36,5.5958,5.5958,2.7619,4.8,0.0,96,96,48
17th Lok Sabha,5,Lok Sabha,28,Rajasthan,346,SIKAR,3019143,Sumedhanand Saraswati(17th Lok Sabha),5.49,5.487,5.487,4.7065,5.26,0.0,75,75,61
17th Lok Sabha,5,Lok Sabha,28,Rajasthan,347,JODHPUR,3019134,Gajendra Singh Shekhawat(17th Lok Sabha),14.71,13.1452,13.1452,7.5602,11.15,0.0,223,223,137
17th Lok Sabha,5,Lok Sabha,28,Rajasthan,348,BHARATPUR(SC),3019145,Smt Ranjeeta Koli(17th Lok Sabha),9.81,9.5766,9.5466,2.3102,7.34,0.0,210,209,64
17th Lok Sabha,5,Lok Sabha,28,Rajasthan,349,RAJSAMAND,3017448,Smt Kumari Diya (17th Lok Sabha),9.8,5.2711,5.2711,2.4912,4.47,0.0,80,80,36
17th Lok Sabha,5,Lok Sabha,28,Rajasthan,350,KARAULI-DHOLPUR(SC),3019128,Manoj Rajoria(17th Lok Sabha),14.22,13.924,13.924,6.3682,10.84,0.0,404,404,179
17th Lok Sabha,5,Lok Sabha,28,Rajasthan,351,ALWAR,3018391,Mahant Balak Nath Yogi,4.9,3.8274,3.8274,3.1232,3.72,0.0,75,75,62
17th Lok Sabha,5,Lok Sabha,28,Rajasthan,352,BANSWARA(ST),3019135,Kanakmal Katara(17th Lok Sabha),7.36,7.2433,7.1933,4.6998,6.66,0.0,133,131,86
17th Lok Sabha,5,Lok Sabha,28,Rajasthan,353,BHILWARA,3017450,Shri Subhash Chandra Baheria (17th Lok Sabha),11.77,9.7432,9.7132,3.3223,7.2,0.0,243,242,86
17th Lok Sabha,5,Lok Sabha,28,Rajasthan,354,JHUNJHUNU,3019136,Narendra Kumar(17th Lok Sabha),7.36,5.1907,5.1907,3.2326,4.03,0.0,105,105,44
17th Lok Sabha,5,Lok Sabha,28,Rajasthan,355,GANGANAGAR(SC),3017453,Shri Nihal Chand Chauhan (17th Lok Sabha),0.0,0.0,0.0,0.0,0.0,0.0,0,0,0
17th Lok Sabha,5,Lok Sabha,28,Rajasthan,355,GANGANAGAR(SC),3019137,Nihal Chand Chauhan(17th Lok Sabha),10.21,8.166,8.166,5.9672,7.77,0.0,105,105,73
17th Lok Sabha,5,Lok Sabha,28,Rajasthan,356,JAIPUR RURAL,3019140,Rajyavardhan Singh Rathore(17th Lok Sabha),11.76,9.4573,9.4573,5.8358,7.83,0.0,144,144,91
17th Lok Sabha,5,Lok Sabha,28,Rajasthan,357,JAIPUR,3019141,Ramcharan Bohra(17th Lok Sabha),9.81,7.7981,7.7981,0.8001,3.5,0.0,70,70,8
17th Lok Sabha,5,Lok Sabha,28,Rajasthan,358,PALI,3017454,Shri PP Chaudhary (17th Lok Sabha),10.0,9.2795,9.2792,6.5651,8.2,0.0,183,180,124
17th Lok Sabha,5,Lok Sabha,29,Sikkim,359,SIKKIM,3017174,Indra Hang Subba,9.31,9.2982,9.2182,5.8482,9.18,0.0,55,54,32
17th Lok Sabha,5,Lok Sabha,30,Tamil Nadu,360,TIRUNELVELI,3019161,S Gnanathiraviam(17th Lok Sabha),9.76,9.7294,9.2867,2.5847,8.89,0.0,100,95,31
17th Lok Sabha,5,Lok Sabha,30,Tamil Nadu,361,KANCHEEPURAM(SC),3019154,Ganesan Selvam(17th Lok Sabha),7.04,6.9737,6.1537,2.653,6.01,0.0,218,209,79
17th Lok Sabha,5,Lok Sabha,30,Tamil Nadu,362,SRIPERUMBUDUR,3019166,Thalikkottai Rajuthevar Baalu(17th Lok Sabha),9.23,9.2246,8.018,3.218,7.81,0.0,99,89,24
17th Lok Sabha,5,Lok Sabha,30,Tamil Nadu,363,MADURAI,3019162,S Venkatesan(17th Lok Sabha),11.77,11.4334,11.3934,10.0804,11.29,0.0,167,166,149
17th Lok Sabha,5,Lok Sabha,30,Tamil Nadu,364,ARAKKONAM,3017175,S. Jagathrakshakan,9.43,9.4311,8.2641,1.737,6.99,0.0,88,71,16
17th Lok Sabha,5,Lok Sabha,30,Tamil Nadu,365,VELLORE,3019994,D M Kathir Anand (17th Lok Sabha),6.99,6.9693,6.8593,1.7293,6.13,0.0,58,57,16
17th Lok Sabha,5,Lok Sabha,30,Tamil Nadu,366,TIRUPPUR,3019156,K Subbarayan(17th Lok Sabha),9.81,9.4066,8.8342,8.3713,8.77,0.0,85,72,63
17th Lok Sabha,5,Lok Sabha,30,Tamil Nadu,367,CHIDAMBARAM(SC),3019167,Thirumaa Valavan Thol(17th Lok Sabha),7.36,7.2813,7.2263,3.7835,7.02,0.0,85,84,47
17th Lok Sabha,5,Lok Sabha,30,Tamil Nadu,368,TENKASI(SC),3019152,Dhanush M Kumar(17th Lok Sabha),11.27,11.2376,11.1126,9.0853,11.09,0.0,214,211,175
17th Lok Sabha,5,Lok Sabha,30,Tamil Nadu,369,SALEM,3019163,SR Parthiban(17th Lok Sabha),7.36,6.9848,6.7348,4.3678,6.57,0.0,62,61,21
17th Lok Sabha,5,Lok Sabha,30,Tamil Nadu,370,NAMAKKAL,3019150,AKP Chinraj(17th Lok Sabha),9.09,9.0868,8.8352,8.4119,8.84,0.0,98,93,87
17th Lok Sabha,5,Lok Sabha,30,Tamil Nadu,371,CUDDALORE,3019165,TRVS Ramesh(17th Lok Sabha),7.36,7.1558,7.0358,6.0998,6.43,0.0,124,123,107
17th Lok Sabha,5,Lok Sabha,30,Tamil Nadu,372,TIRUCHIRAPPALLI,3019164,Su Thirunavukkarasar(17th Lok Sabha),7.36,7.0055,7.0055,6.732,6.83,0.0,154,154,148
17th Lok Sabha,5,Lok Sabha,30,Tamil Nadu,373,VILUPPURAM(SC),3018394,D Ravikumar,7.36,7.2418,7.2418,7.2418,7.24,0.0,192,192,192
17th Lok Sabha,5,Lok Sabha,30,Tamil Nadu,374,KALLAKURICHI,3017456,Shri Gautham Sigamani Pon (17th Lok Sabha),9.81,9.7404,9.0334,6.9646,8.74,0.0,102,99,78
17th Lok Sabha,5,Lok Sabha,30,Tamil Nadu,375,KRISHNAGIRI,3018392,A Chellakumar,9.81,9.6225,8.9661,2.1315,8.53,0.0,115,108,23
17th Lok Sabha,5,Lok Sabha,30,Tamil Nadu,376,VIRUDHUNAGAR,3019158,Manickam Tagore B(17th Lok Sabha),9.81,9.7747,9.6947,3.2097,8.55,0.0,125,124,40
17th Lok Sabha,5,Lok Sabha,30,Tamil Nadu,377,THENI,3019159,P Raveendranath Kumar(17th Lok Sabha),9.81,9.749,8.5755,0.422,8.37,0.0,88,78,3
17th Lok Sabha,5,Lok Sabha,30,Tamil Nadu,378,CHENNAI CENTRAL,3017455,Thiru Dayanidhi Maran (17th Lok Sabha),9.81,9.6488,9.0488,1.7988,8.98,0.0,10,9,4
17th Lok Sabha,5,Lok Sabha,30,Tamil Nadu,379,CHENNAI NORTH,3019643,Kalanidhi Veeraswamy (17th Lok Sabha),11.77,11.6733,11.6733,3.1349,11.56,0.0,32,32,13
