state_name,constituency_name,mp_id,mp_name,total_works,works_recommended,works_sanctioned,works_completed,total_recommended_amount,total_actual_amount,unique_categories,categories_list,completion_rate,sanction_rate,constituency_clean,State_Name,Constituency_Name,Constituency_Type,Candidate,Sex,Party,Votes,Valid_Votes,Electors,Turnout_Percentage,Vote_Share_Percentage,Margin,Margin_Percentage,ENOP,Party_Type_TCPD,No_Terms,Incumbent,Recontest,MyNeta_education,TCPD_Prof_Main,state_clean,margin_category,party_category,alliance_2019
Andaman And Nicobar Islands,ANDAMAN AND NICOBAR ISLANDS,3042276,BISHNU PADA RAY,0,25,13,1,100724422.0,0.0,3,Repair and Renovation|Normal/Others|Trust and Society,0.07692307692307693,0.52,ANDAMAN AND NICOBAR ISLANDS,Andaman_&_Nicobar_Islands,ANDAMAN & NICOBAR ISLANDS,GEN,KULDEEP RAI SHARMA,M,INC,95308.0,207296.0,318471.0,65.09,45.98,1407.0,0.68,2.38,National Party,1.0,False,True,Graduate Professional,Business,ANDAMAN & NICOBAR ISLANDS,Very Close (<5%),National,UPA
Andhra Pradesh,AMALAPURAM(SC),3042277,GM Harish Balayogi,11,109,107,12,193442558.0,18123779.0,2,Normal/Others|Repair and Renovation,0.11214953271028037,0.981651376146789,AMALAPURAM,Andhra_Pradesh,AMALAPURAM,SC,CHINTA ANURADHA,F,YSRCP,485958.0,1232895.0,1459556.0,84.47,39.42,39795.0,3.23,3.03,State-based Party,1.0,False,False,Graduate,Other,ANDHRA PRADESH,Very Close (<5%),Regional,Other
Andhra Pradesh,ANAKAPALLE,3042278,C.M.RAMESH,12,65,63,13,107175844.0,14747922.0,2,Normal/Others|Repair and Renovation,0.20634920634920634,0.9692307692307692,ANAKAPALLE,,,,,,,,,,,,,,,,,,,,,,,,
Andhra Pradesh,ANANTAPUR,3042279,AMBICA G LAKSHMINARAYANA VALMIKI,25,140,115,26,209160362.0,18930181.0,2,Normal/Others|Repair and Renovation,0.22608695652173913,0.8214285714285714,ANANTAPUR,Andhra_Pradesh,ANANTAPUR,GEN,TALARI RANGAIAH,M,YSRCP,695208.0,1342306.0,1664160.0,80.66,51.79,141428.0,10.54,2.27,State-based Party,1.0,False,False,Doctorate,Former Government,ANDHRA PRADESH,Safe (10-20%),Regional,Other
Andhra Pradesh,ARAKU(ST),3042280,Gumma Thanuja Rani,1,124,108,2,178300430.0,486815.0,2,Normal/Others|Repair and Renovation,0.018518518518518517,0.8709677419354839,ARAKU,,,,,,,,,,,,,,,,,,,,,,,,
Andhra Pradesh,BAPATLA,3042281,Krishna Prasad Tenneti,1,135,107,2,193645000.0,382500.0,2,Normal/Others|Trust and Society,0.018691588785046728,0.7925925925925926,BAPATLA,Andhra_Pradesh,BAPATLA,SC,NANDIGAM SURESH,M,YSRCP,598257.0,1266492.0,1468671.0,86.23,47.24,16065.0,1.27,2.33,State-based Party,1.0,False,False,8th Pass,Small Business or Self-employed,ANDHRA PRADESH,Very Close (<5%),Regional,Other
Andhra Pradesh,CHITTOOR,3042282,DAGGUMALLA PRASADA RAO,7,145,143,8,193322060.0,2996030.0,1,Normal/Others,0.055944055944055944,0.9862068965517241,CHITTOOR,Andhra_Pradesh,CHITTOOR,SC,N. REDDEPPA,M,YSRCP,686792.0,1319472.0,1566499.0,84.23,52.05,137271.0,10.4,2.27,State-based Party,1.0,False,False,Post Graduate,Liberal Profession or Professional,ANDHRA PRADESH,Safe (10-20%),Regional,Other
Andhra Pradesh,ELURU,3042283,Putta Mahesh Kumar,2,103,93,3,181769784.0,1881092.0,2,Normal/Others|Repair and Renovation,0.03225806451612903,0.9029126213592233,ELURU,Andhra_Pradesh,ELURU,GEN,KOTAGIRI SRIDHAR,M,YSRCP,676809.0,1327923.0,1594950.0,83.26,50.97,165925.0,12.5,2.44,State-based Party,1.0,False,False,Graduate,Business,ANDHRA PRADESH,Safe (10-20%),Regional,Other
Andhra Pradesh,GUNTUR,3042284,Dr Chandra Sekhar Pemmasani,9,97,84,10,174703692.0,11590846.0,1,Normal/Others,0.11904761904761904,0.865979381443299,GUNTUR,Andhra_Pradesh,GUNTUR,GEN,Jayadev Galla,M,TDP,587918.0,1351474.0,1706119.0,79.21,43.5,4205.0,0.31,2.56,State-based Party,2.0,True,True,Graduate,Business,ANDHRA PRADESH,Very Close (<5%),Regional,NDA
Andhra Pradesh,HINDUPUR,3042285,B K PARTHASARATHI,34,91,89,35,159942442.0,16381221.0,2,Normal/Others|Repair and Renovation,0.39325842696629215,0.978021978021978,HINDUPUR,Andhra_Pradesh,HINDUPUR,GEN,KURUVA GORANTLA MADHAV,M,YSRCP,706602.0,1338514.0,1578218.0,84.81,52.79,140748.0,10.52,2.17,State-based Party,1.0,False,False,Graduate,Social Work,ANDHRA PRADESH,Safe (10-20%),Regional,Other
Andhra Pradesh,KADAPA,3018943,Y S Avinash Reddy,29,293,162,30,187267516.0,18230517.0,1,Normal/Others,0.18518518518518517,0.552901023890785,KADAPA,Andhra_Pradesh,KADAPA,GEN,Y.S.Avinash Reddy,M,YSRCP,783499.0,1228242.0,1570330.0,78.22,63.79,380726.0,31.0,1.92,State-based Party,2.0,True,True,Post Graduate,Agriculture,ANDHRA PRADESH,Very Safe (>20%),Regional,Other
Andhra Pradesh,KAKINADA,3042286,TANGELLA UDAY SRINIVAS,3,20,18,4,65799928.0,5249964.0,1,Normal/Others,0.2222222222222222,0.9,KAKINADA,Andhra_Pradesh,KAKINADA,GEN,VANGA GEETHAVISWANATH,F,YSRCP,537630.0,1234655.0,1563930.0,78.95,43.54,25738.0,2.08,2.7,State-based Party,1.0,False,False,Post Graduate,Business,ANDHRA PRADESH,Very Close (<5%),Regional,Other
Andhra Pradesh,KURNOOL,3042287,BASTIPATI NAGARAJU PANCHALINGALA,143,159,154,144,110568150.0,43534075.0,2,Normal/Others|Repair and Renovation,0.935064935064935,0.9685534591194969,KURNOOL,Andhra_Pradesh,KURNOOL,GEN,AYUSHMAN DOCTOR SANJEEV KUMAR,M,YSRCP,605462.0,1188327.0,1573009.0,75.54,50.95,149067.0,12.54,2.44,State-based Party,1.0,False,False,Post Graduate,Liberal Profession or Professional,ANDHRA PRADESH,Safe (10-20%),Regional,Other
Andhra Pradesh,MACHILIPATNAM,3018342,Balashowry Vallabbhaneni,7,50,42,8,66510524.0,2760262.0,2,Normal/Others|Repair and Renovation,0.19047619047619047,0.84,MACHILIPATNAM,Andhra_Pradesh,MACHILIPATNAM,GEN,BALASHOWRY VALLABHANENI,M,YSRCP,572850.0,1244570.0,1473347.0,84.47,46.03,60238.0,4.84,2.56,State-based Party,2.0,False,True,Post Graduate,Business,ANDHRA PRADESH,Very Close (<5%),Regional,Other
Andhra Pradesh,NANDYAL,3043545,DR BYREDDY SHABARI,69,190,167,70,176485020.0,31284510.0,2,Normal/Others|Repair and Renovation,0.41916167664670656,0.8789473684210526,NANDYAL,Andhra_Pradesh,NANDYAL,GEN,POCHA . BRAHMANANDA REDDY,M,YSRCP,720888.0,1299093.0,1603220.0,81.03,55.49,250119.0,19.25,2.27,State-based Party,1.0,False,False,Post Graduate,Business,ANDHRA PRADESH,Safe (10-20%),Regional,Other
Andhra Pradesh,NARASAPURAM,3042288,Bhupathiraju Srinivasa varma,0,2,2,1,24000000.0,0.0,1,Normal/Others,0.5,1.0,NARASAPURAM,,,,,,,,,,,,,,,,,,,,,,,,
Andhra Pradesh,NARASARAOPET,3018945,Lavu Sri Krishna Devarayalu,1,44,44,2,29476456.0,1599870.0,1,Normal/Others,0.045454545454545456,1.0,NARASARAOPET,Andhra_Pradesh,NARASARAOPET,GEN,LAVU SRI KRISHNA DEVARAYALU,M,YSRCP,745557.0,1437420.0,1670391.0,86.05,51.87,154002.0,10.71,2.27,State-based Party,1.0,False,False,Graduate Professional,Education,ANDHRA PRADESH,Safe (10-20%),Regional,Other
Andhra Pradesh,NARASARAOPET,3042289,Lavu Srikrisha Devarayalu,0,1,1,1,0.0,0.0,0,,1.0,1.0,NARASARAOPET,Andhra_Pradesh,NARASARAOPET,GEN,LAVU SRI KRISHNA DEVARAYALU,M,YSRCP,745557.0,1437420.0,1670391.0,86.05,51.87,154002.0,10.71,2.27,State-based Party,1.0,False,False,Graduate Professional,Education,ANDHRA PRADESH,Safe (10-20%),Regional,Other
Andhra Pradesh,NELLORE(SC),3042290,PRABHAKAR REDDY VEMIREDDY,96,156,156,97,195767678.0,51707839.0,2,Normal/Others|Repair and Renovation,0.6217948717948718,1.0,NELLORE,Andhra_Pradesh,NELLORE,GEN,Adala Prabhakara Reddy,M,YSRCP,683830.0,1287036.0,1672845.0,76.94,53.13,148571.0,11.54,2.22,State-based Party,1.0,False,True,12th Pass,Business,ANDHRA PRADESH,Safe (10-20%),Regional,Other
Andhra Pradesh,ONGOLE,3018340,Magunta Sreenivasulu Reddy,0,20,19,1,44270800.0,0.0,1,Normal/Others,0.05263157894736842,0.95,ONGOLE,Andhra_Pradesh,ONGOLE,GEN,MAGUNTA SREENIVASULU REDDY,M,YSRCP,739202.0,1342368.0,1556469.0,86.24,55.07,214851.0,16.01,2.22,State-based Party,4.0,False,True,Graduate,Business,ANDHRA PRADESH,Safe (10-20%),Regional,Other
Andhra Pradesh,RAJAHMUNDRY,3043486,Daggubati Purandeshwari,0,30,28,1,178000000.0,0.0,3,Normal/Others|Repair and Renovation|Trust and Society,0.03571428571428571,0.9333333333333333,RAJAHMUNDRY,Andhra_Pradesh,RAJAHMUNDRY,GEN,MARGANI BHARAT,M,YSRCP,582024.0,1250427.0,1534256.0,81.5,46.55,121634.0,9.73,2.63,State-based Party,1.0,False,False,Graduate,Business,ANDHRA PRADESH,Close (5-10%),Regional,Other
Andhra Pradesh,RAJAMPET,3018941,Midhun Reddy,37,385,358,38,245274208.0,9458604.0,2,Normal/Others|Repair and Renovation,0.10614525139664804,0.9298701298701298,RAJAMPET,Andhra_Pradesh,RAJAMPET,GEN,P.V.MIDHUN REDDY,M,YSRCP,702211.0,1224354.0,1546938.0,79.15,57.35,268284.0,21.91,2.17,State-based Party,2.0,True,True,Post Graduate,Politics,ANDHRA PRADESH,Very Safe (>20%),Regional,Other
Andhra Pradesh,SRIKAKULAM,3018939,Kinjarapu Ram Mohan Naidu,51,181,181,52,241448150.0,27773075.0,1,Normal/Others,0.287292817679558,1.0,SRIKAKULAM,Andhra_Pradesh,SRIKAKULAM,GEN,KINJARAPU RAM MOHAN NAIDU,M,TDP,534544.0,1157329.0,1553860.0,74.48,46.19,6653.0,0.57,2.38,State-based Party,1.0,False,False,Post Graduate,Politics,ANDHRA PRADESH,Very Close (<5%),Regional,NDA
Andhra Pradesh,TIRUPATI(SC),3018946,Maddila Gurumoorthy,70,233,0,71,95121928.0,33855928.0,2,Normal/Others|Repair and Renovation,,0.0,TIRUPATI,Andhra_Pradesh,TIRUPATI,SC,Balli Durga Prasad Rao,M,YSRCP,722877.0,1313515.0,1650453.0,79.59,55.03,228376.0,17.39,2.27,State-based Party,1.0,False,False,Graduate Professional,Agriculture,ANDHRA PRADESH,Safe (10-20%),Regional,Other
Andhra Pradesh,TIRUPATI(SC),3042291,GURUMOORTHY MADDILA,0,1,1,1,0.0,0.0,0,,1.0,1.0,TIRUPATI,Andhra_Pradesh,TIRUPATI,SC,Balli Durga Prasad Rao,M,YSRCP,722877.0,1313515.0,1650453.0,79.59,55.03,228376.0,17.39,2.27,State-based Party,1.0,False,False,Graduate Professional,Agriculture,ANDHRA PRADESH,Safe (10-20%),Regional,Other
Andhra Pradesh,VIJAYAWADA,3042292,Sivanath Kesineni,1,11,10,2,72544064.0,3290032.0,2,Normal/Others|Repair and Renovation,0.2,0.9090909090909091,VIJAYAWADA,Andhra_Pradesh,VIJAYAWADA,GEN,KESINENI SRINIVAS (NANI),M,TDP,575498.0,1277711.0,1652994.0,77.3,45.04,8726.0,0.68,2.5,State-based Party,2.0,True,True,10th Pass,Business,ANDHRA PRADESH,Very Close (<5%),Regional,NDA
Andhra Pradesh,VISAKHAPATNAM,3042293,Sribharat MathuKumli,0,37,34,1,142330000.0,0.0,2,Normal/Others|Repair and Renovation,0.029411764705882353,0.918918918918919,VISAKHAPATNAM,Andhra_Pradesh,VISAKHAPATNAM,GEN,M V V SATYANARAYANA,M,YSRCP,436906.0,1239754.0,1829300.0,67.77,35.24,4414.0,0.36,3.45,State-based Party,1.0,False,False,10th Pass,Business,ANDHRA PRADESH,Very Close (<5%),Regional,Other
Andhra Pradesh,VIZIANAGARAM,3042294,Appalanaidu Kalisetti,27,92,91,28,97686264.0,10346453.0,2,Normal/Others|Repair and Renovation,0.3076923076923077,0.9891304347826086,VIZIANAGARAM,Andhra_Pradesh,VIZIANAGARAM,GEN,Bellana Chandra Sekhar,M,YSRCP,578418.0,1217890.0,1503980.0,80.98,47.49,48036.0,3.94,2.38,State-based Party,1.0,False,False,Graduate Professional,Business,ANDHRA PRADESH,Very Close (<5%),Regional,Other
Arunachal Pradesh,ARUNACHAL EAST,3017378,Shri Tapir Gao,46,112,112,47,195186704.0,41893352.0,2,Normal/Others|Repair and Renovation,0.41964285714285715,1.0,ARUNACHAL EAST,Arunachal_Pradesh,ARUNACHAL EAST,GEN,Tapir Gao,M,BJP,153883.0,293781.0,339788.0,86.46,52.38,69948.0,23.81,2.78,National Party,2.0,False,True,Post Graduate,Politics,ARUNACHAL PRADESH,Very Safe (>20%),National,NDA
Arunachal Pradesh,ARUNACHAL WEST,3018950,Kiren Rijiju,44,132,127,45,181860576.0,28030288.0,2,Normal/Others|Repair and Renovation,0.3543307086614173,0.9621212121212122,ARUNACHAL WEST,Arunachal_Pradesh,ARUNACHAL WEST,GEN,KIREN RIJIJU,M,BJP,225796.0,358310.0,463775.0,77.26,63.02,174843.0,48.8,2.22,National Party,3.0,True,True,Graduate Professional,Social Work,ARUNACHAL PRADESH,Very Safe (>20%),National,NDA
Assam,BARPETA,3042295,PHANI BHUSAN CHOUDHURY,1,90,53,2,146286000.0,1000000.0,2,Normal/Others|Repair and Renovation,0.03773584905660377,0.5888888888888889,BARPETA,Assam,BARPETA,GEN,Abdul Khaleque,M,INC,645173.0,1458549.0,1685149.0,86.55,44.23,140307.0,9.62,2.86,National Party,1.0,False,False,Post Graduate,Politics,ASSAM,Close (5-10%),National,UPA
Assam,DHUBRI,3042296,RAKIBUL HUSSAIN,22,149,116,23,132242858.0,9796429.0,2,Normal/Others|Repair and Renovation,0.19827586206896552,0.7785234899328859,DHUBRI,Assam,DHUBRI,GEN,BADRUDDIN AJMAL,M,AIUDF,718764.0,1685005.0,1858566.0,90.66,42.66,226258.0,13.43,3.03,State-based Party,3.0,True,True,Post Graduate,Business,ASSAM,Safe (10-20%),Regional,Other
Assam,DIBRUGARH,3042297,Shri Sarbananda Sonowal (18LS),3,88,37,4,126585546.0,2842773.0,1,Normal/Others,0.10810810810810811,0.42045454545454547,DIBRUGARH,Assam,DIBRUGARH,GEN,RAMESWAR TELI,M,BJP,659583.0,1015748.0,1314319.0,77.28,64.94,364566.0,35.89,2.0,National Party,2.0,True,True,10th Pass,Politics,ASSAM,Very Safe (>20%),National,NDA
Assam,Darrang-Udalguri,3018955,Dilip Saikia,0,231,130,1,114950000.0,0.0,2,Normal/Others|Repair and Renovation,0.007692307692307693,0.5627705627705628,DARRANG UDALGURI,,,,,,,,,,,,,,,,,,,,,,,,
Assam,Diphu (ST),3042298,AMARSING TISSO,4,94,79,5,168767484.0,2783742.0,2,Normal/Others|Repair and Renovation,0.06329113924050633,0.8404255319148937,DIPHU,,,,,,,,,,,,,,,,,,,,,,,,
Assam,GUWAHATI,3042299,BIJULI KALITA MEDHI,5,119,85,6,176900000.0,6650000.0,2,Normal/Others|Repair and Renovation,0.07058823529411765,0.7142857142857143,GUWAHATI,,,,,,,,,,,,,,,,,,,,,,,,
Assam,JORHAT,3042300,GAURAV GOGOI,18,453,327,19,169593252.0,4946626.0,2,Normal/Others|Repair and Renovation,0.0581039755351682,0.7218543046357616,JORHAT,Assam,JORHAT,GEN,TOPON KUMAR GOGOI,M,BJP,543288.0,1057965.0,1365035.0,77.5,51.35,82653.0,7.81,2.22,National Party,1.0,False,False,Post Graduate,Business,ASSAM,Close (5-10%),National,NDA
Assam,KARIMGANJ (SC),3018957,Kripanath Mallah,0,59,35,1,157970000.0,0.0,1,Normal/Others,0.02857142857142857,0.5932203389830508,KARIMGANJ,Assam,KARIMGANJ,SC,KRIPANATH MALLAH,M,BJP,473046.0,1060072.0,1340173.0,79.1,44.62,38389.0,3.62,2.63,National Party,1.0,False,False,Graduate,Social Work,ASSAM,Very Close (<5%),National,NDA
Assam,KOKRAJHAR (ST),3042302,JOYANTA BASUMATARY,19,85,68,20,168079620.0,19709810.0,2,Normal/Others|Repair and Renovation,0.29411764705882354,0.8,KOKRAJHAR,Assam,KOKRAJHAR,ST,Naba Kumar Sarania,M,IND,484560.0,1479485.0,1776358.0,83.29,32.75,37786.0,2.55,4.0,Independents,2.0,True,True,12th Pass,Other,ASSAM,Very Close (<5%),Independent,Other
Assam,Kaziranga,3042301,KAMAKHYA PRASAD TASA,0,88,58,1,142288000.0,0.0,2,Normal/Others|Repair and Renovation,0.017241379310344827,0.6590909090909091,KAZIRANGA,,,,,,,,,,,,,,,,,,,,,,,,
Assam,LAKHIMPUR,3018347,Pradan Baruah,0,143,106,1,136800000.0,0.0,2,Normal/Others|Repair and Renovation,0.009433962264150943,0.7412587412587412,LAKHIMPUR,Assam,LAKHIMPUR,GEN,PRADAN BARUAH,M,BJP,776406.0,1283589.0,1708013.0,75.15,60.49,350551.0,27.31,2.08,National Party,2.0,True,True,12th Pass,Agriculture,ASSAM,Very Safe (>20%),National,NDA
Assam,NOWGONG,3018958,Pradyut Bordoloi,2,217,158,3,174090000.0,676000.0,2,Normal/Others|Repair and Renovation,0.0189873417721519,0.728110599078341,NOWGONG,Assam,NOWGONG,GEN,Pradyut Bordoloi,M,INC,739724.0,1493475.0,1794648.0,83.22,49.53,16752.0,1.12,2.08,National Party,1.0,False,False,Post Graduate,Retired or Pension,ASSAM,Very Close (<5%),National,UPA
Assam,SILCHAR,3042304,PARIMAL SUKLABAIDYA,0,85,23,1,63100000.0,0.0,1,Normal/Others,0.043478260869565216,0.27058823529411763,SILCHAR,Assam,SILCHAR,GEN,RAJDEEP ROY,M,BJP,499414.0,949696.0,1195720.0,79.42,52.59,81596.0,8.59,2.13,National Party,1.0,False,False,Post Graduate,Liberal Profession or Professional,ASSAM,Close (5-10%),National,NDA
Assam,Sonitpur,3042305,RANJIT DUTTA,12,126,109,13,194434436.0,10722515.0,2,Normal/Others|Repair and Renovation,0.11926605504587157,0.8650793650793651,SONITPUR,,,,,,,,,,,,,,,,,,,,,,,,
Bihar,ARARIA,3018355,Pradeep Kumar Singh,39,41,41,40,191990854.0,94498127.0,2,Normal/Others|Repair and Renovation,0.975609756097561,1.0,ARARIA,Bihar,ARARIA,GEN,PRADEEP KUMAR SINGH,M,BJP,618434.0,1169630.0,1805439.0,64.78,52.87,137241.0,11.73,2.22,National Party,2.0,False,True,10th Pass,Business,BIHAR,Safe (10-20%),National,NDA
Bihar,ARRAH,3042306,SUDAMA PRASAD,63,117,95,64,155112344.0,42233044.0,2,Normal/Others|Repair and Renovation,0.6736842105263158,0.811965811965812,ARRAH,Bihar,ARRAH,GEN,R. K. Singh,M,BJP,566480.0,1080684.0,2089353.0,51.72,52.42,147285.0,13.63,2.38,National Party,2.0,True,True,Graduate Professional,Politics,BIHAR,Safe (10-20%),National,NDA
Bihar,AURANGABAD_BR,3042307,ABHAY KUMAR SINHA,123,233,172,124,205515024.0,54909312.0,1,Normal/Others,0.7209302325581395,0.7381974248927039,AURANGABAD BR,,,,,,,,,,,,,,,,,,,,,,,,
Bihar,BANKA,3018966,Giridhari Yadav,80,91,89,81,199695708.0,90000605.0,1,Normal/Others,0.9101123595505618,0.978021978021978,BANKA,Bihar,BANKA,GEN,GIRIDHARI YADAV,M,JD(U),477788.0,995806.0,1699394.0,58.6,47.98,200532.0,20.14,3.12,State-based Party,3.0,False,False,Post Graduate,Business,BIHAR,Very Safe (>20%),Regional,Other
Bihar,BEGUSARAI,3018967,Giriraj Singh,16,68,34,17,133774306.0,20504450.0,1,Normal/Others,0.5,0.5,BEGUSARAI,Bihar,BEGUSARAI,GEN,Giriraj Singh,M,BJP,692193.0,1225594.0,1958382.0,62.58,56.48,422217.0,34.45,2.5,National Party,2.0,True,True,Graduate,Social Work,BIHAR,Very Safe (>20%),National,NDA
Bihar,BHAGALPUR,3018351,Ajay Kumar Mandal,35,75,74,36,164002224.0,35874337.0,1,Normal/Others,0.4864864864864865,0.9866666666666667,BHAGALPUR,Bihar,BHAGALPUR,GEN,AJAY KUMAR MANDAL,M,JD(U),618254.0,1042518.0,1823820.0,57.16,59.3,277630.0,26.63,2.17,State-based Party,1.0,False,False,8th Pass,Politics,BIHAR,Very Safe (>20%),Regional,Other
Bihar,BUXAR,3042308,SUDHAKAR SINGH,98,181,121,99,280413988.0,97184694.0,2,Normal/Others|Repair and Renovation,0.8181818181818182,0.6685082872928176,BUXAR,Bihar,BUXAR,GEN,Ashwini Kumar Choubey,M,BJP,473053.0,986861.0,1829373.0,53.95,47.94,117609.0,11.92,2.7,National Party,2.0,True,True,Graduate,Politics,BIHAR,Safe (10-20%),National,NDA
Bihar,DARBHANGA,3018961,Mr Gopal Jee Thakur,52,89,69,53,77136536.0,24936568.0,2,Normal/Others|Repair and Renovation,0.7681159420289855,0.7752808988764045,DARBHANGA,Bihar,DARBHANGA,GEN,Gopal Jee Thakur,M,BJP,586668.0,964996.0,1654811.0,58.31,60.79,267979.0,27.77,2.08,National Party,1.0,False,False,Post Graduate,Politics,BIHAR,Very Safe (>20%),National,NDA
Bihar,GAYA (SC),3042309,JITAN RAM MANJHI,113,261,246,114,183667510.0,30231183.0,1,Normal/Others,0.4634146341463415,0.9425287356321839,GAYA,Bihar,GAYA (SC),SC,Vijay Kumar,M,JD(U),467007.0,957248.0,1704596.0,56.16,48.79,152426.0,15.92,2.86,State-based Party,1.0,False,False,12th Pass,Business,BIHAR,Safe (10-20%),Regional,Other
Bihar,GOPALGANJ (SC),3018350,Alok Kumar Suman,18,86,68,19,139139492.0,18503455.0,2,Normal/Others|Repair and Renovation,0.27941176470588236,0.7906976744186046,GOPALGANJ,Bihar,GOPALGANJ (SC),SC,DR. ALOK KUMAR SUMAN,M,JD(U),568150.0,1024876.0,1839514.0,55.71,55.44,286434.0,27.95,2.56,State-based Party,1.0,False,False,Post Graduate,Liberal Profession or Professional,BIHAR,Very Safe (>20%),Regional,Other
Bihar,HAJIPUR(SC),3042310,CHIRAG PASWAN,42,91,80,43,162949870.0,39875235.0,2,Normal/Others|Repair and Renovation,0.5375,0.8791208791208791,HAJIPUR,Bihar,HAJIPUR (SC),SC,PASHU PATI KUMAR PARAS,M,LJP,541310.0,1006817.0,1823664.0,55.21,53.76,205449.0,20.41,2.5,State-based Party,1.0,False,False,Graduate Professional,Politics,BIHAR,Very Safe (>20%),Regional,Other
Bihar,JAHANABAD,3043221,SURENDRA PRASAD YADAV,118,285,242,119,177043474.0,30282337.0,2,Normal/Others|Repair and Renovation,0.49173553719008267,0.8491228070175438,JAHANABAD,Bihar,JAHANABAD,GEN,CHANDESHWAR PRASAD,M,JD(U),335584.0,822065.0,1588454.0,51.75,40.82,1751.0,0.21,3.03,State-based Party,1.0,False,False,10th Pass,Social Work,BIHAR,Very Close (<5%),Regional,Other
Bihar,JAMUI(SC),3042311,ARUN BHARTI,196,276,268,197,247361512.0,109353120.0,1,Normal/Others,0.7350746268656716,0.9710144927536232,JAMUI,Bihar,JAMUI (SC),SC,CHIRAG KUMAR PASWAN,M,LJP,529134.0,949137.0,1718814.0,55.22,55.75,241049.0,25.4,2.5,State-based Party,2.0,True,True,Graduate Professional,Politics,BIHAR,Very Safe (>20%),Regional,Other
Bihar,JHANJHARPUR,3018360,Ramprit Mandal,87,171,93,88,240499486.0,91202438.0,1,Normal/Others,0.946236559139785,0.543859649122807,JHANJHARPUR,Bihar,JHANJHARPUR,GEN,Ramprit Mandal,M,JD(U),602391.0,1060562.0,1852417.0,57.25,56.8,322951.0,30.45,2.56,State-based Party,1.0,False,False,10th Pass,Business,BIHAR,Very Safe (>20%),Regional,Other
Bihar,KARAKAT,3042312,RAJA RAM SINGH,110,236,215,111,188842656.0,46370408.0,2,Normal/Others|Repair and Renovation,0.5162790697674419,0.9110169491525424,KARAKAT,Bihar,KARAKAT,GEN,MAHABALI SINGH,M,JD(U),398408.0,868798.0,1771254.0,49.05,45.86,84542.0,9.73,2.94,State-based Party,2.0,False,True,8th Pass,Agriculture,BIHAR,Close (5-10%),Regional,Other
Bihar,KATIHAR,3042313,TARIQ ANWAR,48,87,85,49,165630120.0,46925060.0,1,Normal/Others,0.5764705882352941,0.9770114942528736,KATIHAR,Bihar,KATIHAR,GEN,DULAL CHANDRA GOSWAMI,M,JD(U),559423.0,1117734.0,1653353.0,67.6,50.05,57203.0,5.12,2.22,State-based Party,1.0,False,False,Graduate,Agriculture,BIHAR,Close (5-10%),Regional,Other
Bihar,KHAGARIA,3042314,RAJESH VERMA,67,77,77,68,163710996.0,72871598.0,2,Normal/Others|Repair and Renovation,0.8831168831168831,1.0,KHAGARIA,Bihar,KHAGARIA,GEN,Choudhary Mehboob Ali Kaiser,M,LJP,510193.0,966813.0,1676454.0,57.67,52.77,248570.0,25.71,2.86,State-based Party,2.0,True,True,Graduate,Agriculture,BIHAR,Very Safe (>20%),Regional,Other
Bihar,KISHANGANJ,3017384,Dr Mohammad Jawed,116,184,177,117,232071400.0,74985400.0,1,Normal/Others,0.6610169491525424,0.9619565217391305,KISHANGANJ,Bihar,KISHANGANJ,GEN,Dr. Mohammad Jawed,M,INC,367017.0,1101603.0,1659651.0,66.38,33.32,34466.0,3.13,3.7,National Party,1.0,False,False,Graduate Professional,Business,BIHAR,Very Close (<5%),National,UPA
Bihar,MADHEPURA,3018975,Dinesh Chandra Yadav,105,123,115,106,195376462.0,87211021.0,2,Normal/Others|Repair and Renovation,0.9217391304347826,0.9349593495934959,MADHEPURA,Bihar,MADHEPURA,GEN,Dinesh Chandra Yadav,M,JD(U),624334.0,1147274.0,1884883.0,60.87,54.42,301527.0,26.28,2.56,State-based Party,4.0,False,True,Graduate Professional,Retired or Pension,BIHAR,Very Safe (>20%),Regional,Other
Bihar,MADHUBANI,3018353,Ashok Kumar Yadav,77,172,83,78,140277918.0,45168959.0,2,Normal/Others|Repair and Renovation,0.9397590361445783,0.48255813953488375,MADHUBANI,Bihar,MADHUBANI,GEN,ASHOK KUMAR YADAV,M,BJP,595843.0,963708.0,1792798.0,53.75,61.83,454940.0,47.21,2.38,National Party,1.0,False,False,Doctorate,Retired or Pension,BIHAR,Very Safe (>20%),National,NDA
Bihar,MAHARAJGANJ_BR,3017381,Shri Janardan Singh Sigriwal,15,66,57,16,137921126.0,18656110.0,1,Normal/Others,0.2807017543859649,0.8636363636363636,MAHARAJGANJ BR,,,,,,,,,,,,,,,,,,,,,,,,
Bihar,MUNGER,3018357,Rajiv Ranjan (Lalan) Singh,0,2,1,1,1000000.0,0.0,1,Normal/Others,1.0,0.5,MUNGER,Bihar,MUNGER,GEN,RAJIV RANJAN SINGH ALIAS LALAN SINGH,M,JD(U),528762.0,1036268.0,1888025.0,54.89,51.03,167937.0,16.21,2.63,State-based Party,3.0,False,True,Graduate,Social Work,BIHAR,Safe (10-20%),Regional,Other
Bihar,MUZAFFARPUR,3042315,RAJ BHUSHAN CHOUDHARY,77,89,87,78,194381636.0,86773068.0,1,Normal/Others,0.896551724137931,0.9775280898876404,MUZAFFARPUR,Bihar,MUZAFFARPUR,GEN,Ajay Nishad,M,BJP,666878.0,1058086.0,1730553.0,61.14,63.03,409988.0,38.75,2.17,National Party,2.0,True,True,Graduate,Business,BIHAR,Very Safe (>20%),National,NDA
Bihar,NALANDA,3018354,Kaushalendra Kumar,65,131,108,66,107178684.0,34334342.0,1,Normal/Others,0.6111111111111112,0.8244274809160306,NALANDA,Bihar,NALANDA,GEN,Kaushlendra Kumar,M,JD(U),540888.0,1031286.0,2114809.0,48.76,52.45,256137.0,24.84,2.78,State-based Party,3.0,True,True,12th Pass,Politics,BIHAR,Very Safe (>20%),Regional,Other
Bihar,NAWADA,3044145,VIVEK THAKUR,0,6,4,1,9156892.0,0.0,2,Normal/Others|Repair and Renovation,0.25,0.6666666666666666,NAWADA,Bihar,NAWADA,GEN,Chandan Singh,M,LJP,495684.0,942462.0,1899747.0,49.61,52.59,148072.0,15.71,2.38,State-based Party,1.0,False,False,Graduate,Business,BIHAR,Safe (10-20%),Regional,Other
Bihar,PASCHIM CHAMPARAN,3018960,Sanjay Jaiswal,0,1,1,1,0.0,0.0,0,,1.0,1.0,PASCHIM CHAMPARAN,Bihar,PASCHIM CHAMPARAN,GEN,DR. SANJAY JAISWAL,M,BJP,603706.0,1012936.0,1633824.0,62.0,59.6,293906.0,29.02,2.22,National Party,3.0,True,True,Post Graduate,Salaried Work or Employed,BIHAR,Very Safe (>20%),National,NDA
Bihar,PATALIPUTRA,3042316,MISHA BHARTI,0,1,1,1,0.0,0.0,0,,1.0,1.0,PATALIPUTRA,Bihar,PATALIPUTRA,GEN,RAM KRIPAL YADAV,M,BJP,509557.0,1077749.0,1925479.0,55.97,47.28,39321.0,3.65,2.44,National Party,5.0,True,True,Graduate,Social Work,BIHAR,Very Close (<5%),National,NDA
Bihar,PATNA SAHIB,3018979,Ravi Shankar Prasad,58,67,67,59,114250548.0,50232274.0,1,Normal/Others,0.8805970149253731,1.0,PATNA SAHIB,Bihar,PATNA SAHIB,GEN,RAVI SHANKAR PRASAD,M,BJP,607506.0,982285.0,2146008.0,45.77,61.85,284657.0,28.98,2.04,National Party,1.0,False,False,Post Graduate,Liberal Profession or Professional,BIHAR,Very Safe (>20%),National,NDA
Bihar,PURNEA,3042317,RAJESH RANJAN ALIAS PAPPU YADAV,46,102,100,47,185369836.0,47774818.0,1,Normal/Others,0.47,0.9803921568627451,PURNEA,,,,,,,,,,,,,,,,,,,,,,,,
Bihar,PURVI CHAMPARAN,3018969,Radha Mohan Singh,57,104,82,58,185291044.0,57018608.0,2,Normal/Others|Repair and Renovation,0.7073170731707317,0.7884615384615384,PURVI CHAMPARAN,Bihar,PURVI CHAMPARAN,GEN,RADHA MOHAN SINGH,M,BJP,577787.0,999400.0,1658672.0,60.25,57.81,293648.0,29.38,2.44,National Party,6.0,True,True,Graduate,Agriculture,BIHAR,Very Safe (>20%),National,NDA
Bihar,SAMASTIPUR(SC),3042318,SHAMBHAVI,1,134,61,2,135033640.0,1196185.0,2,Normal/Others|Repair and Renovation,0.03278688524590164,0.4552238805970149,SAMASTIPUR,Bihar,SAMASTIPUR (SC),SC,Ramchandra Paswan,M,LJP,562443.0,1019025.0,1679030.0,60.69,55.19,251643.0,24.69,2.56,State-based Party,4.0,True,True,10th Pass,Politics,BIHAR,Very Safe (>20%),Regional,Other
Bihar,SAMASTIPUR(SC),3042318,SHAMBHAVI,1,134,61,2,135033640.0,1196185.0,2,Normal/Others|Repair and Renovation,0.03278688524590164,0.4552238805970149,SAMASTIPUR,Bihar,SAMASTIPUR,SC,Prince Raj,MALE,LJP,390276.0,788679.0,1679050.0,46.97,49.48,102090.0,12.94,2.7,,1.0,False,False,,,BIHAR,Safe (10-20%),Other,Other
Bihar,SARAN,3018356,Rajiv Pratap Rudy,0,11,4,1,12025000.0,0.0,1,Normal/Others,0.25,0.36363636363636365,SARAN,Bihar,SARAN,GEN,Rajiv Pratap Rudy,M,BJP,499986.0,943020.0,1667253.0,56.56,53.02,138411.0,14.68,2.33,National Party,4.0,True,True,Post Graduate,Salaried Work or Employed,BIHAR,Safe (10-20%),National,NDA
Bihar,SASARAM(SC),3042319,MANOJ KUMAR,79,130,108,80,206540050.0,65387925.0,1,Normal/Others,0.7407407407407407,0.8307692307692308,SASARAM,Bihar,SASARAM (SC),SC,CHHEDI PASWAN,M,BJP,494800.0,974749.0,1787878.0,54.52,50.76,165745.0,17.0,2.63,National Party,4.0,True,True,,Other,BIHAR,Safe (10-20%),National,NDA
Bihar,SHEOHAR,3044146,LOVELY ANAND,21,74,40,22,107193150.0,22472575.0,2,Normal/Others|Repair and Renovation,0.55,0.5405405405405406,SHEOHAR,Bihar,SHEOHAR,GEN,RAMA DEVI,F,BJP,608678.0,1004559.0,1686215.0,59.57,60.59,340360.0,33.88,2.27,National Party,4.0,True,True,Graduate Professional,Agriculture,BIHAR,Very Safe (>20%),National,NDA
Bihar,SITAMARHI,3042320,DEVESH CHANDRA THAKUR,96,203,131,97,120290480.0,26487981.0,2,Normal/Others|Repair and Renovation,0.7404580152671756,0.645320197044335,SITAMARHI,Bihar,SITAMARHI,GEN,Sunil Kumar Pintu,M,JD(U),567745.0,1038849.0,1752454.0,59.28,54.65,250539.0,24.12,2.56,State-based Party,1.0,False,False,Graduate,Social Work,BIHAR,Very Safe (>20%),Regional,Other
Bihar,SIWAN,3042321,VIJAYLAKSHMI DEVI,95,143,97,96,227951910.0,90543755.0,1,Normal/Others,0.9896907216494846,0.6783216783216783,SIWAN,Bihar,SIWAN,GEN,Kavita Singh,F,JD(U),448473.0,984810.0,1799551.0,54.73,45.54,116958.0,11.88,3.03,State-based Party,1.0,False,False,Post Graduate,Social Work,BIHAR,Safe (10-20%),Regional,Other
Bihar,SUPAUL,3018359,Dileshwar Kamait,46,93,83,47,206165474.0,60629237.0,1,Normal/Others,0.5662650602409639,0.8924731182795699,SUPAUL,Bihar,SUPAUL,GEN,Dileshwar Kamait,M,JD(U),597377.0,1110805.0,1690620.0,65.7,53.78,266853.0,24.02,2.63,State-based Party,1.0,False,True,Graduate,Retired or Pension,BIHAR,Very Safe (>20%),Regional,Other
Bihar,UJJARPUR,3021513,Nityanand Rai,28,91,62,29,82351144.0,9021772.0,1,Normal/Others,0.46774193548387094,0.6813186813186813,UJJARPUR,,,,,,,,,,,,,,,,,,,,,,,,
Bihar,UJJARPUR,3042322,NITYANAND RAI,0,1,1,1,0.0,0.0,0,,1.0,1.0,UJJARPUR,,,,,,,,,,,,,,,,,,,,,,,,
Bihar,VAISHALI,3017382,Smt Veena Devi,30,33,32,31,192132378.0,93983889.0,1,Normal/Others,0.96875,0.9696969696969697,VAISHALI,Bihar,VAISHALI,GEN,Veena Devi (W/o Dinesh Prasad Singh),F,LJP,568215.0,1074730.0,1735983.0,61.91,52.87,234584.0,21.83,2.63,State-based Party,1.0,False,False,10th Pass,Business,BIHAR,Very Safe (>20%),Regional,Other
Bihar,VALMIKI NAGAR,3018972,Sunil Kumar,68,121,100,69,177703680.0,53120940.0,1,Normal/Others,0.69,0.8264462809917356,VALMIKI NAGAR,Bihar,VALMIKI NAGAR,GEN,BAIDYANATH PRASAD MAHTO,M,JD(U),602660.0,1032090.0,1665502.0,61.97,58.39,354616.0,34.36,2.5,State-based Party,2.0,False,True,10th Pass,Agriculture,BIHAR,Very Safe (>20%),Regional,Other
Chandigarh,CHANDIGARH,3042323,MANISH TEWARI,27,95,64,28,113421108.0,12171991.0,2,Normal/Others|Trust and Society,0.4375,0.6736842105263158,CHANDIGARH,Chandigarh,CHANDIGARH,GEN,KIRRON KHER,F,BJP,231188.0,456568.0,646729.0,70.6,50.64,46970.0,10.29,2.38,National Party,2.0,True,True,Post Graduate,Liberal Profession or Professional,CHANDIGARH,Safe (10-20%),National,NDA
Chhattisgarh,BASTAR(ST),3042324,MAHESH KASHYAP,31,173,169,32,191247102.0,12626156.0,2,Normal/Others|Repair and Renovation,0.1893491124260355,0.976878612716763,BASTAR,Chhattisgarh,BASTAR,ST,DEEPAK BAIJ,M,INC,402527.0,912846.0,1379122.0,66.19,44.1,38982.0,4.27,2.86,National Party,1.0,False,False,Post Graduate,Agriculture,CHHATTISGARH,Very Close (<5%),National,UPA
Chhattisgarh,BILASPUR,3042325,TOKHAN SAHU,30,128,125,31,185890064.0,18468294.0,2,Normal/Others|Trust and Society,0.248,0.9765625,BILASPUR,Chhattisgarh,BILASPUR,GEN,ARUN SAO,M,BJP,634559.0,1209434.0,1876953.0,64.44,52.47,141763.0,11.72,2.22,National Party,1.0,False,False,Graduate Professional,Liberal Profession or Professional,CHHATTISGARH,Safe (10-20%),National,NDA
Chhattisgarh,DURG,3018986,Vijay Baghel,60,173,146,61,160366912.0,18649956.0,1,Normal/Others,0.4178082191780822,0.8439306358381503,DURG,Chhattisgarh,DURG,GEN,VIJAY BAGHEL,M,BJP,849374.0,1391996.0,1940269.0,71.74,61.02,391978.0,28.16,2.08,National Party,1.0,False,False,Graduate,Business,CHHATTISGARH,Very Safe (>20%),National,NDA
Chhattisgarh,JANJGIR CHAMPA(SC),3042326,KAMLESH JANGDE,159,345,279,160,212973358.0,76171679.0,2,Normal/Others|Trust and Society,0.5734767025089605,0.808695652173913,JANJGIR CHAMPA,Chhattisgarh,JANJGIR-CHAMPA,SC,GUHARAM AJGALLEY,M,BJP,572790.0,1247650.0,1897134.0,65.76,45.91,83255.0,6.67,2.7,National Party,2.0,False,False,Graduate Professional,Politics,CHHATTISGARH,Close (5-10%),National,NDA
Chhattisgarh,KANKER(ST),3042327,BHOJRAJ NAG,23,73,64,24,96500048.0,14552524.0,2,Normal/Others|Trust and Society,0.375,0.8767123287671232,KANKER,Chhattisgarh,KANKER,ST,MOHAN MANDAVI,M,BJP,546233.0,1159193.0,1558952.0,74.36,47.12,6914.0,0.6,2.27,National Party,1.0,False,False,Post Graduate,Retired or Pension,CHHATTISGARH,Very Close (<5%),National,NDA
Chhattisgarh,KORBA,3018366,Jyotsna Charandas Mahant,93,289,279,94,203331320.0,32105972.0,1,Normal/Others,0.33691756272401435,0.9653979238754326,KORBA,Chhattisgarh,KORBA,GEN,JYOTSNA CHARANDAS MAHANT,F,INC,523310.0,1136903.0,1508840.0,75.35,46.03,26249.0,2.31,2.5,National Party,1.0,False,False,Post Graduate,Agriculture,CHHATTISGARH,Very Close (<5%),National,UPA
Chhattisgarh,MAHASAMUND,3042328,ROOP KUMARI CHOUDHARY,64,155,147,65,195921668.0,35852834.0,3,Normal/Others|Trust and Society|Repair and Renovation,0.4421768707482993,0.9483870967741935,MAHASAMUND,Chhattisgarh,MAHASAMUND,GEN,CHUNNI LAL SAHU,M,BJP,616580.0,1222335.0,1637951.0,74.63,50.44,90511.0,7.4,2.27,National Party,1.0,False,False,Graduate,Agriculture,CHHATTISGARH,Close (5-10%),National,NDA
Chhattisgarh,RAIGARH(ST),3043391,RADHE SHYAM RATHIYA,54,139,137,55,195471842.0,47755271.0,1,Normal/Others,0.40145985401459855,0.9856115107913669,RAIGARH,Chhattisgarh,RAIGARH,ST,GOMATI SAI,F,BJP,658335.0,1350124.0,1733805.0,77.87,48.76,66027.0,4.89,2.33,National Party,1.0,False,False,12th Pass,Agriculture,CHHATTISGARH,Very Close (<5%),National,NDA
Chhattisgarh,RAIPUR,3043392,BRIJMOHAN AGRAWAL,29,132,129,30,192749008.0,21475504.0,1,Normal/Others,0.23255813953488372,0.9772727272727273,RAIPUR,Chhattisgarh,RAIPUR,GEN,Sunil Kumar Soni,M,BJP,837902.0,1396250.0,2111738.0,66.12,60.01,348238.0,24.94,2.08,National Party,1.0,False,False,Graduate,Business,CHHATTISGARH,Very Safe (>20%),National,NDA
Chhattisgarh,RAJNANDGAON,3018365,Santosh Pandey,52,173,161,53,156862866.0,27813133.0,2,Normal/Others|Repair and Renovation,0.32919254658385094,0.930635838150289,RAJNANDGAON,Chhattisgarh,RAJNANDGAON,GEN,SANTOSH PANDEY,M,BJP,662387.0,1307033.0,1716459.0,76.15,50.68,111966.0,8.57,2.27,National Party,1.0,False,False,Graduate Professional,Business,CHHATTISGARH,Close (5-10%),National,NDA
Chhattisgarh,SARGUJA(ST),3043715,CHINTAMANI MAHARAJ,43,328,245,44,177707592.0,12990951.0,1,Normal/Others,0.17959183673469387,0.7469512195121951,SARGUJA,Chhattisgarh,SARGUJA,ST,Renuka Singh Saruta,F,BJP,663711.0,1280689.0,1655239.0,77.37,51.82,157873.0,12.33,2.33,National Party,1.0,False,False,12th Pass,Business,CHHATTISGARH,Safe (10-20%),National,NDA
Delhi,CHANDINI CHOWK,3045891,Praveen Khandelwal,7,60,53,8,96263557.63,3263168.0,1,Normal/Others,0.1509433962264151,0.8833333333333333,CHANDINI CHOWK,,,,,,,,,,,,,,,,,,,,,,,,
Delhi,EAST DELHI,3045892,Harsh Malhotra,5,110,105,6,146594409.0,4258765.0,1,Normal/Others,0.05714285714285714,0.9545454545454546,EAST DELHI,Delhi,EAST DELHI,GEN,GAUTAM GAMBHIR,M,BJP,696156.0,1257821.0,2039302.0,61.68,55.35,391222.0,31.1,2.5,National Party,1.0,False,False,12th Pass,Business,DELHI,Very Safe (>20%),National,NDA
Delhi,NEW DELHI,3045893,Bansuri Swaraj,6,111,72,7,134109390.0,3422670.0,2,Normal/Others|Repair and Renovation,0.09722222222222222,0.6486486486486487,NEW DELHI,Delhi,NEW DELHI,GEN,MEENAKASHI LEKHI,F,BJP,504206.0,920541.0,1617470.0,56.91,54.77,256504.0,27.86,2.5,National Party,2.0,True,True,Graduate Professional,Liberal Profession or Professional,DELHI,Very Safe (>20%),National,NDA
Delhi,NORTH EAST DELHI,3020007,Manoj Tiwari,2,17,13,3,95456590.0,2087247.0,3,Normal/Others|Trust and Society|Repair and Renovation,0.23076923076923078,0.7647058823529411,NORTH EAST DELHI,Delhi,NORTH EAST DELHI,GEN,MANOJ TIWARI,M,BJP,787799.0,1461475.0,2290492.0,63.81,53.9,366102.0,25.05,2.56,National Party,2.0,True,True,Post Graduate,Liberal Profession or Professional,DELHI,Very Safe (>20%),National,NDA
Delhi,NORTH WEST DELHI(SC),3045894,Yogendra Chandoliya,4,56,52,5,85652507.0,929149.0,1,Normal/Others,0.09615384615384616,0.9285714285714286,NORTH WEST DELHI,Delhi,NORTH WEST DELHI,SC,HANS RAJ HANS,M,BJP,848663.0,1402962.0,2378995.0,58.97,60.49,553897.0,39.48,2.27,National Party,1.0,False,False,10th Pass,Liberal Profession or Professional,DELHI,Very Safe (>20%),National,NDA
Delhi,SOUTH DELHI,3045895,Ramvir Singh Bidhuri,2,101,101,3,188490838.0,1522221.0,2,Normal/Others|Repair and Renovation,0.0297029702970297,1.0,SOUTH DELHI,Delhi,SOUTH DELHI,GEN,RAMESH BIDHURI,M,BJP,687014.0,1214222.0,2067463.0,58.73,56.58,367043.0,30.23,2.44,National Party,2.0,True,True,Graduate Professional,Business,DELHI,Very Safe (>20%),National,NDA
Delhi,WEST DELHI,3045896,Kamaljeet Sehrawat,0,52,47,1,122174426.0,0.0,1,Normal/Others,0.02127659574468085,0.9038461538461539,WEST DELHI,Delhi,WEST DELHI,GEN,PARVESH SAHIB SINGH VERMA,M,BJP,865648.0,1441601.0,2371644.0,60.78,60.05,578486.0,40.13,2.33,National Party,2.0,True,True,Post Graduate,Business,DELHI,Very Safe (>20%),National,NDA
Goa,NORTH GOA,3018989,Shripad Yesso Naik,0,97,27,1,118764826.6,0.0,2,Normal/Others|Repair and Renovation,0.037037037037037035,0.27835051546391754,NORTH GOA,Goa,NORTH GOA,GEN,SHRIPAD YESSO NAIK,M,BJP,244844.0,428628.0,556761.0,76.99,57.12,80247.0,18.72,2.08,National Party,5.0,True,True,Graduate,Business,GOA,Safe (10-20%),National,NDA
Goa,SOUTH GOA,3042329,CAPTAIN VIRIATO FERNANDES,16,101,49,17,142667948.0,10339686.0,1,Normal/Others,0.3469387755102041,0.48514851485148514,SOUTH GOA,Goa,SOUTH GOA,GEN,COSME FRANCISCO CAITANO SARDINHA,M,INC,201561.0,424575.0,579352.0,73.28,47.47,9755.0,2.3,2.33,National Party,4.0,False,False,Graduate Professional,Social Work,GOA,Very Close (<5%),National,UPA
Gujarat,AHMEDABAD EAST,3019002,Hasmukh Bhai Soma Bhai Patel,16,162,79,17,148276376.0,7571773.0,3,Repair and Renovation|Normal/Others|Trust and Society,0.21518987341772153,0.4876543209876543,AHMEDABAD EAST,Gujarat,AHMEDABAD EAST,GEN,Patel Hasmukhbhai Somabhai,M,BJP,749834.0,1116367.0,1811851.0,61.61,67.17,434330.0,38.91,1.89,National Party,1.0,False,False,Others,Business,GUJARAT,Very Safe (>20%),National,NDA
Gujarat,AHMEDABAD WEST(SC),3042330,DINESHBHAI MAKWANA,0,210,108,1,159174220.0,0.0,1,Normal/Others,0.009259259259259259,0.5142857142857142,AHMEDABAD WEST,Gujarat,AHMEDABAD WEST,SC,DR. KIRIT P. SOLANKI,M,BJP,641622.0,997024.0,1643317.0,60.67,64.35,321546.0,32.25,1.96,National Party,3.0,True,True,Post Graduate,Liberal Profession or Professional,GUJARAT,Very Safe (>20%),National,NDA
Gujarat,AMRELI,3043225,BHARATBHAI MANUBHAI SUTARIYA,126,276,263,127,193156698.0,41342239.0,3,Normal/Others|Trust and Society|Repair and Renovation,0.4828897338403042,0.9528985507246377,AMRELI,Gujarat,AMRELI,GEN,Kachhadiya Naranbhai Bhikhabhai,M,BJP,529035.0,909167.0,1628451.0,55.83,58.19,201431.0,22.16,2.13,National Party,3.0,True,True,12th Pass,Agriculture,GUJARAT,Very Safe (>20%),National,NDA
Gujarat,ANAND,3018996,Mitesh Rameshbhai Bakabhai Patel,134,444,417,135,182648670.0,26758127.0,1,Normal/Others,0.3237410071942446,0.9391891891891891,ANAND,Gujarat,ANAND,GEN,PATEL MITESH RAMESHBHAI (BAKABHAI),M,BJP,633097.0,1108661.0,1655870.0,66.95,57.1,197718.0,17.83,2.08,National Party,1.0,False,False,Others,Business,GUJARAT,Safe (10-20%),National,NDA
Gujarat,BANASKANTHA,3043220,GENIBEN NAGAJI THAKOR,27,138,104,28,108343474.0,10346737.0,3,Normal/Others|Trust and Society|Repair and Renovation,0.2692307692307692,0.7536231884057971,BANASKANTHA,Gujarat,BANASKANTHA,GEN,PARBATBHAI SAVABHAI PATEL,M,BJP,679108.0,1102081.0,1697384.0,64.93,61.62,368296.0,33.42,2.17,National Party,1.0,False,False,Graduate Professional,Agriculture,GUJARAT,Very Safe (>20%),National,NDA
Gujarat,BARDOLI(ST),3018999,Prabhubhai Nagarbhai Vasava,61,294,235,62,172129895.0,19824308.0,2,Normal/Others|Trust and Society,0.26382978723404255,0.7993197278911565,BARDOLI,Gujarat,BARDOLI,ST,PARBHUBHAI NAGARBHAI VASAVA,M,BJP,742273.0,1348038.0,1826526.0,73.8,55.06,215447.0,15.98,2.22,National Party,2.0,True,True,Others,Agriculture,GUJARAT,Safe (10-20%),National,NDA
Gujarat,BHARUCH,3018995,Mansukhbhai Dhanjibhai Vasava,171,366,357,172,189462568.0,51523784.0,2,Normal/Others|Trust and Society,0.48179271708683474,0.9754098360655737,BHARUCH,Gujarat,BHARUCH,GEN,Mansukhbhai Dhanjibhai Vasava,M,BJP,637795.0,1149725.0,1564519.0,73.49,55.47,334214.0,29.07,2.5,National Party,6.0,True,True,Post Graduate,Agriculture,GUJARAT,Very Safe (>20%),National,NDA
Gujarat,BHAVNAGAR,3043226,NIMUBEN JAYANTIBHAI BAMBHANIYA,24,50,44,25,114826670.0,17193339.0,2,Normal/Others|Trust and Society,0.5681818181818182,0.88,BHAVNAGAR,Gujarat,BHAVNAGAR,GEN,DR.BHARATIBEN DHIRUBHAI SHIYAL,F,BJP,661273.0,1041279.0,1768297.0,58.89,63.51,329519.0,31.65,2.0,National Party,2.0,True,True,Graduate Professional,Liberal Profession or Professional,GUJARAT,Very Safe (>20%),National,NDA
Gujarat,CHHOTA UDAIPUR(ST),3042331,JASHUBHAI BHILUBHAI RATHVA,73,348,339,74,207674226.0,24787025.0,2,Normal/Others|Trust and Society,0.2182890855457227,0.9741379310344828,CHHOTA UDAIPUR,Gujarat,CHHOTA UDAIPUR,ST,RATHVA GITABEN VAJESINGBHAI,F,BJP,764445.0,1232459.0,1671253.0,73.74,62.03,377943.0,30.67,2.08,National Party,1.0,False,False,12th Pass,Other,GUJARAT,Very Safe (>20%),National,NDA
Gujarat,DAHOD(ST),3018994,Jaswantsinh Sumanbhai Bhabhor,25,298,250,26,179634898.0,7931697.0,1,Normal/Others,0.104,0.8389261744966443,DAHOD,Gujarat,DAHOD,ST,JASHVANTSINH SUMANBHAI BHABHOR,M,BJP,561760.0,1063212.0,1598939.0,66.49,52.84,127596.0,12.0,2.22,National Party,2.0,True,True,Graduate Professional,Business,GUJARAT,Safe (10-20%),National,NDA
Gujarat,GANDHINAGAR,3017389,Shri Amit Shah,20,120,44,21,82775538.0,3752769.0,2,Normal/Others|Repair and Renovation,0.4772727272727273,0.36666666666666664,GANDHINAGAR,Gujarat,GANDHINAGAR,GEN,AMIT SHAH,M,BJP,894624.0,1284090.0,1945772.0,65.99,69.67,557014.0,43.38,1.79,National Party,1.0,False,False,12th Pass,Agriculture,GUJARAT,Very Safe (>20%),National,NDA
Gujarat,JAMNAGAR,3019005,Smt Poonamben Hematbhai Maadam,18,127,104,19,107029212.0,7875325.0,2,Normal/Others|Trust and Society,0.18269230769230768,0.8188976377952756,JAMNAGAR,Gujarat,JAMNAGAR,GEN,POONAMBEN HEMATBHAI MAADAM,F,BJP,591588.0,1010965.0,1657166.0,61.01,58.52,236804.0,23.42,2.17,National Party,2.0,True,True,Graduate,Business,GUJARAT,Very Safe (>20%),National,NDA
Gujarat,JUNAGADH,3017388,Rajeshbhai Naranbhai Chudasama,70,259,248,71,168098516.0,23239152.0,1,Normal/Others,0.2862903225806452,0.9575289575289575,JUNAGADH,Gujarat,JUNAGADH,GEN,CHUDASAMA RAJESHBHAI NARANBHAI,M,BJP,547744.0,1004743.0,1642864.0,61.16,54.52,150211.0,14.95,2.17,National Party,2.0,True,True,12th Pass,Liberal Profession or Professional,GUJARAT,Safe (10-20%),National,NDA
Gujarat,KACHCHH(SC),3019001,Vinod Chavda,46,239,220,47,183832480.0,18755743.0,1,Normal/Others,0.21363636363636362,0.9205020920502092,KACHCHH,Gujarat,KACHCHH,SC,CHAVDA VINOD LAKHAMSHI,M,BJP,637034.0,1023198.0,1744321.0,58.66,62.26,305513.0,29.86,2.04,National Party,2.0,True,True,Post Graduate,Other,GUJARAT,Very Safe (>20%),National,NDA
Gujarat,KHEDA,3017181,Devusinh Jesingbhai Chauhan,182,429,374,183,178539172.0,33188772.0,2,Normal/Others|Trust and Society,0.4893048128342246,0.8717948717948718,KHEDA,Gujarat,KHEDA,GEN,Chauhan Devusinh,M,BJP,714572.0,1098633.0,1804028.0,60.9,65.04,367145.0,33.42,1.92,National Party,2.0,True,True,Others,Business,GUJARAT,Very Safe (>20%),National,NDA
Gujarat,MAHESANA,3042332,HARIBHAI PATEL,142,498,397,143,177628144.0,26605572.0,3,Normal/Others|Repair and Renovation|Trust and Society,0.3602015113350126,0.7971887550200804,MAHESANA,Gujarat,MAHESANA,GEN,SHARDABEN ANILBHAI PATEL,F,BJP,659525.0,1081938.0,1648869.0,65.62,60.96,281519.0,26.02,2.04,National Party,1.0,False,False,12th Pass,Social Work,GUJARAT,Very Safe (>20%),National,NDA
Gujarat,NAVSARI,3018992,C R Patil,238,370,369,239,218225968.0,52137234.0,2,Normal/Others|Trust and Society,0.6476964769647696,0.9972972972972973,NAVSARI,Gujarat,NAVSARI,GEN,C. R. Patil,M,BJP,972739.0,1308018.0,1971658.0,66.34,74.37,689668.0,52.73,1.67,National Party,3.0,True,True,10th Pass,Business,GUJARAT,Very Safe (>20%),National,NDA
Gujarat,PANCHMAHAL,3042333,RAJPALSINH MAHENDRASINH JADAV,33,460,313,34,160893378.0,8131564.0,2,Normal/Others|Trust and Society,0.10862619808306709,0.6804347826086956,PANCHMAHAL,Gujarat,PANCHMAHAL,GEN,Ratansinh Magansinh Rathod,M,BJP,732136.0,1083676.0,1744762.0,62.11,67.56,428541.0,39.55,1.85,National Party,1.0,False,False,Graduate Professional,Agriculture,GUJARAT,Very Safe (>20%),National,NDA
Gujarat,PATAN,3018991,Bharatsinhji Shankarji Dabhi,115,274,197,116,170507076.0,41469466.0,2,Normal/Others|Trust and Society,0.5888324873096447,0.718978102189781,PATAN,Gujarat,PATAN,GEN,DABHI BHARATSINHJI SHANKARJI,M,BJP,633368.0,1126256.0,1807043.0,62.33,56.24,193879.0,17.21,2.13,National Party,1.0,False,False,Graduate,Agriculture,GUJARAT,Safe (10-20%),National,NDA
Gujarat,PORBANDAR,3043487,DR. MANSUKH MANDAVIYA,54,170,159,55,168166910.0,16530764.0,2,Normal/Others|Trust and Society,0.34591194968553457,0.9352941176470588,PORBANDAR,Gujarat,PORBANDAR,GEN,RAMESHBHAI LAVJIBHAI DHADUK,M,BJP,563881.0,949947.0,1662368.0,57.14,59.36,229823.0,24.19,2.13,National Party,1.0,False,False,10th Pass,Business,GUJARAT,Very Safe (>20%),National,NDA
Gujarat,RAJKOT,3042334,PARSHOTTAMBHAI RUPALA,59,212,184,60,170184304.0,27067219.0,2,Normal/Others|Trust and Society,0.32608695652173914,0.8679245283018868,RAJKOT,Gujarat,RAJKOT,GEN,KUNDARIA MOHANBHAI KALYANJIBHAI,M,BJP,758645.0,1195271.0,1884339.0,63.43,63.47,368407.0,30.82,1.96,National Party,2.0,True,True,8th Pass,Business,GUJARAT,Very Safe (>20%),National,NDA
Gujarat,SABARKANTHA,3043222,SHOBHANABEN MAHENDRASINH BARAIYA,52,270,241,53,181608978.0,19262000.0,2,Normal/Others|Trust and Society,0.21991701244813278,0.8925925925925926,SABARKANTHA,Gujarat,SABARKANTHA,GEN,RATHOD DIPSINH SHANKARSINH,M,BJP,701983.0,1218353.0,1801717.0,67.62,57.62,268986.0,22.08,2.17,National Party,2.0,True,True,8th Pass,Politics,GUJARAT,Very Safe (>20%),National,NDA
Gujarat,SURAT,3042335,MUKESHKUMAR CHANDRAKAANT DALAL,88,172,143,89,110767204.0,22022852.0,2,Normal/Others|Trust and Society,0.6223776223776224,0.8313953488372093,SURAT,Gujarat,SURAT,GEN,Darshana Vikram Jardosh,F,BJP,795651.0,1068412.0,1655704.0,64.53,74.47,548230.0,51.31,1.67,National Party,3.0,True,True,Graduate,Social Work,GUJARAT,Very Safe (>20%),National,NDA
Gujarat,SURENDRANAGAR,3043227,CHANDUBHAI CHHAGANBHAI SHIHORA,64,210,195,65,175411692.0,23543671.0,2,Normal/Others|Trust and Society,0.3333333333333333,0.9285714285714286,SURENDRANAGAR,Gujarat,SURENDRANAGAR,GEN,Dr. MUNJAPARA MAHENDRABHAI,M,BJP,631844.0,1077726.0,1849429.0,58.27,58.63,277437.0,25.74,2.22,National Party,1.0,False,False,Post Graduate,Salaried Work or Employed,GUJARAT,Very Safe (>20%),National,NDA
Gujarat,VADODARA,3042336,DR. HEMANG JOSHI,51,159,159,52,193228144.0,37605477.0,2,Normal/Others|Trust and Society,0.3270440251572327,1.0,VADODARA,Gujarat,VADODARA,GEN,RANJANBEN BHATT,F,BJP,883719.0,1222348.0,1794896.0,68.1,72.3,589177.0,48.2,1.72,National Party,2.0,True,True,12th Pass,Other,GUJARAT,Very Safe (>20%),National,NDA
Gujarat,VALSAD(ST),3042337,DHAVAL LAXMANBHAI PATEL,54,214,205,55,158487886.0,28556356.0,1,Normal/Others,0.2682926829268293,0.9579439252336449,VALSAD,Gujarat,VALSAD,ST,Dr.K.C.PATEL,M,BJP,771980.0,1260377.0,1671030.0,75.43,61.25,353797.0,28.07,2.04,National Party,2.0,True,True,Graduate Professional,Liberal Profession or Professional,GUJARAT,Very Safe (>20%),National,NDA
Haryana,AMBALA (SC),3042338,VARUN CHAUDHRY,2,119,100,3,168352718.0,399900.0,2,Normal/Others|Trust and Society,0.03,0.8403361344537815,AMBALA,Haryana,AMBALA,SC,RATTAN LAL KATARIA,M,BJP,746508.0,1316235.0,1853711.0,71.01,56.72,342345.0,26.01,2.38,National Party,3.0,True,True,Post Graduate,Politics,HARYANA,Very Safe (>20%),National,NDA
Haryana,BHIWANI MAHENDRAGARH,3017394,Shri  Dharambir Singh,97,191,159,98,155770402.0,38537197.0,3,Repair and Renovation|Normal/Others|Trust and Society,0.6163522012578616,0.8324607329842932,BHIWANI MAHENDRAGARH,Haryana,BHIWANI-MAHENDRAGARH,GEN,Dharambir Singh S/o Bhale Ram,M,BJP,736699.0,1161115.0,1654317.0,70.19,63.45,444463.0,38.28,2.13,National Party,2.0,True,True,Graduate,Other,HARYANA,Very Safe (>20%),National,NDA
Haryana,BHIWANI MAHENDRAGARH,3042339,DHARAMBIR SINGH,0,1,1,1,0.0,0.0,0,,1.0,1.0,BHIWANI MAHENDRAGARH,Haryana,BHIWANI-MAHENDRAGARH,GEN,Dharambir Singh S/o Bhale Ram,M,BJP,736699.0,1161115.0,1654317.0,70.19,63.45,444463.0,38.28,2.13,National Party,2.0,True,True,Graduate,Other,HARYANA,Very Safe (>20%),National,NDA
Haryana,FARIDABAD,3019007,Krishan Pal Gurjar,1,74,41,2,94368831.0,799785.0,3,Normal/Others|Trust and Society|Repair and Renovation,0.04878048780487805,0.5540540540540541,FARIDABAD,Haryana,FARIDABAD,GEN,KRISHAN PAL,M,BJP,913222.0,1327295.0,2071816.0,64.06,68.8,638239.0,48.09,1.96,National Party,2.0,True,True,Graduate Professional,Small Business or Self-employed,HARYANA,Very Safe (>20%),National,NDA
Haryana,GURGAON,3018368,Rao Inderjit Singh,6,47,46,7,94753536.0,7933045.0,4,Normal/Others|Trust and Society|Repair and Renovation|Bar and Associations,0.15217391304347827,0.9787234042553191,GURGAON,Haryana,GURGAON,GEN,RAO INDERJIT SINGH,M,BJP,881546.0,1446509.0,2150728.0,67.26,60.94,386256.0,26.7,2.04,National Party,1.0,False,False,Graduate Professional,Agriculture,HARYANA,Very Safe (>20%),National,NDA
Haryana,HISAR,3042340,JAI PARKASH,59,388,250,60,210566418.0,12116487.0,3,Normal/Others|Repair and Renovation|Trust and Society,0.24,0.6443298969072165,HISAR,Haryana,HISAR,GEN,BRIJENDRA SINGH,M,BJP,603289.0,1179869.0,1631817.0,72.3,51.13,314068.0,26.62,2.94,National Party,1.0,False,False,Post Graduate,Former Government,HARYANA,Very Safe (>20%),National,NDA
Haryana,KARNAL,3042341,MANOHAR LAL,0,20,19,1,59547472.0,0.0,1,Normal/Others,0.05263157894736842,0.95,KARNAL,Haryana,KARNAL,GEN,Sanjay Bhatia,M,BJP,911594.0,1300722.0,1904193.0,68.31,70.08,656142.0,50.44,1.89,National Party,1.0,False,False,Graduate,Agriculture,HARYANA,Very Safe (>20%),National,NDA
Haryana,KURUKSHETRA,3042342,NAVEEN JINDAL,92,198,193,93,157313304.0,26947518.0,3,Trust and Society|Normal/Others|Repair and Renovation,0.48186528497409326,0.9747474747474747,KURUKSHETRA,Haryana,KURUKSHETRA,GEN,NAYAB SINGH,M,BJP,688629.0,1230202.0,1657335.0,74.23,55.98,384591.0,31.26,2.7,National Party,1.0,False,False,Graduate Professional,Business,HARYANA,Very Safe (>20%),National,NDA
Haryana,ROHTAK,3042343,DEEPENDER SINGH HOODA,32,143,128,33,181039862.0,17858931.0,2,Normal/Others|Repair and Renovation,0.2578125,0.8951048951048951,ROHTAK,Haryana,ROHTAK,GEN,ARVIND KUMAR SHARMA,M,BJP,573845.0,1220571.0,1737133.0,70.26,47.01,7503.0,0.61,2.27,National Party,4.0,False,True,Post Graduate,Retired or Pension,HARYANA,Very Close (<5%),National,NDA
Haryana,SIRSA(SC),3042344,SELJA,45,260,216,46,153665486.0,8695844.0,3,Normal/Others|Trust and Society|Repair and Renovation,0.21296296296296297,0.8307692307692308,SIRSA,Haryana,SIRSA,SC,Sunita Duggal,F,BJP,714351.0,1369486.0,1803349.0,75.94,52.16,309918.0,22.63,2.78,National Party,1.0,False,False,Post Graduate,Business,HARYANA,Very Safe (>20%),National,NDA
Haryana,SONEPAT,3042345,SATPAL BRAHAMCHARI,6,147,101,7,158687974.0,5390153.0,2,Normal/Others|Trust and Society,0.06930693069306931,0.6870748299319728,SONEPAT,,,,,,,,,,,,,,,,,,,,,,,,
Himachal Pradesh,HAMIRPUR_HP,3018369,Anurag Singh Thakur,21,200,190,22,61810552.0,2837574.0,2,Normal/Others|Repair and Renovation,0.11578947368421053,0.95,HAMIRPUR HP,,,,,,,,,,,,,,,,,,,,,,,,
Himachal Pradesh,HAMIRPUR_HP,3042346,Anurag Singh Thakur,0,1,1,1,0.0,0.0,0,,1.0,1.0,HAMIRPUR HP,,,,,,,,,,,,,,,,,,,,,,,,
Himachal Pradesh,KANGRA,3042347,RAJEEV BHARDWAJ,113,519,464,114,240739608.0,22375334.0,3,Normal/Others|Repair and Renovation|Trust and Society,0.24568965517241378,0.8940269749518305,KANGRA,Himachal_Pradesh,KANGRA,GEN,Kishan Kapoor,M,BJP,725218.0,1006989.0,1427338.0,70.55,72.02,477623.0,47.43,1.72,National Party,1.0,False,False,12th Pass,Business,HIMACHAL PRADESH,Very Safe (>20%),National,NDA
Himachal Pradesh,MANDI,3043229,Kangana Ranaut,10,316,287,11,175901430.0,1337715.0,2,Normal/Others|Bar and Associations,0.03832752613240418,0.9082278481012658,MANDI,Himachal_Pradesh,MANDI,GEN,RAM SWAROOP SHARMA,M,BJP,647189.0,941371.0,1281462.0,73.46,68.75,405459.0,43.07,1.85,National Party,2.0,True,True,10th Pass,Politics,HIMACHAL PRADESH,Very Safe (>20%),National,NDA
Himachal Pradesh,SHIMLA (SC),3019014,Suresh Kumar Kashyap,42,506,503,43,206073756.0,10435000.0,2,Normal/Others|Repair and Renovation,0.08548707753479125,0.9940711462450593,SHIMLA,Himachal_Pradesh,SHIMLA,SC,SURESH KUMAR KASHYAP,M,BJP,606182.0,913607.0,1259085.0,72.56,66.35,327514.0,35.85,1.89,National Party,1.0,False,False,Post Graduate,Politics,HIMACHAL PRADESH,Very Safe (>20%),National,NDA
Jammu And Kashmir,ANANTNAG,3042348,MIAN ALTAF AHMAD,5,60,53,6,173012229.0,1830736.0,1,Normal/Others,0.11320754716981132,0.8833333333333333,ANANTNAG,Jammu_&_Kashmir,ANANTNAG,GEN,HASNAIN MASOODI,M,JKN,40180.0,124896.0,1397779.0,8.94,32.17,6676.0,5.35,4.17,State-based Party,1.0,False,False,Post Graduate,Liberal Profession or Professional,JAMMU & KASHMIR,Close (5-10%),Regional,Other
Jammu And Kashmir,BARAMULLAH,3044682,ABDUL RASHID SHEIKH,12,125,92,13,99787597.92,4756190.0,2,Normal/Others|Repair and Renovation,0.14130434782608695,0.736,BARAMULLAH,,,,,,,,,,,,,,,,,,,,,,,,
Jammu And Kashmir,JAMMU,3017396,Shri Jugal Kishore Sharma,25,194,165,26,186063322.0,7162331.0,2,Normal/Others|Repair and Renovation,0.15757575757575756,0.8505154639175257,JAMMU,Jammu_&_Kashmir,JAMMU,GEN,Jugal Kishore,M,BJP,858066.0,1478795.0,2047302.0,72.23,58.02,302875.0,20.48,2.08,National Party,2.0,True,True,10th Pass,Business,JAMMU & KASHMIR,Very Safe (>20%),National,NDA
Jammu And Kashmir,SRINAGAR,3042349,AGA SYED RUHULLAH MEHDI,19,164,129,20,126080360.98,5331242.0,3,Normal/Others|Repair and Renovation|Trust and Society,0.15503875968992248,0.7865853658536586,SRINAGAR,Jammu_&_Kashmir,SRINAGAR,GEN,Farooq Abdullah,M,JKN,106750.0,186832.0,1294671.0,14.43,57.14,70050.0,37.49,2.56,State-based Party,4.0,True,True,Graduate Professional,Politics,JAMMU & KASHMIR,Very Safe (>20%),Regional,Other
Jammu And Kashmir,UDHAMPUR,3019016,Jitendra Singh,174,334,266,175,172755346.0,32174173.0,1,Normal/Others,0.6578947368421053,0.7964071856287425,UDHAMPUR,Jammu_&_Kashmir,UDHAMPUR,GEN,DR. JITENDRA SINGH,M,BJP,724311.0,1180123.0,1685816.0,70.0,61.38,357252.0,30.27,2.08,National Party,2.0,True,True,Post Graduate,Retired or Pension,JAMMU & KASHMIR,Very Safe (>20%),National,NDA
Jharkhand,CHATRA,3042350,KALI CHARAN SINGH,1,477,451,2,189548636.0,299318.0,2,Normal/Others|Repair and Renovation,0.004434589800443459,0.9454926624737946,CHATRA,Jharkhand,CHATRA,GEN,SUNIL KUMAR SINGH,M,BJP,528077.0,925937.0,1425218.0,64.97,57.03,377871.0,40.81,2.7,National Party,2.0,True,True,Post Graduate,Salaried Work or Employed,JHARKHAND,Very Safe (>20%),National,NDA
Jharkhand,DHANBAD,3042351,DULU MAHATO,55,264,168,56,155542000.0,20745000.0,1,Normal/Others,0.3333333333333333,0.6363636363636364,DHANBAD,Jharkhand,DHANBAD,GEN,PASHUPATI NATH SINGH,M,BJP,827234.0,1252817.0,2072634.0,60.45,66.03,486194.0,38.81,1.96,National Party,3.0,True,True,Graduate,Politics,JHARKHAND,Very Safe (>20%),National,NDA
Jharkhand,DUMKA(ST),3043223,NALIN SOREN,36,378,287,37,216450000.0,11100000.0,1,Normal/Others,0.1289198606271777,0.7592592592592593,DUMKA,Jharkhand,DUMKA,ST,SUNIL SOREN,M,BJP,484923.0,1025968.0,1397253.0,73.43,47.26,47590.0,4.64,2.5,National Party,1.0,False,True,12th Pass,Retired or Pension,JHARKHAND,Very Close (<5%),National,NDA
Jharkhand,GIRIDIH,3017399,Shri Chandra Prakash Choudhary,29,633,595,30,181871344.0,8043922.0,1,Normal/Others,0.05042016806722689,0.9399684044233807,GIRIDIH,Jharkhand,GIRIDIH,GEN,Chandra Prakash Choudhary,M,AJSUP,648277.0,1106918.0,1649413.0,67.11,58.57,248347.0,22.44,2.13,Local Party,1.0,False,False,Graduate,Politics,JHARKHAND,Very Safe (>20%),Regional,NDA
Jharkhand,GODDA,3019020,Nishikant Dubey,0,3,2,1,6071020.0,0.0,1,Normal/Others,0.5,0.6666666666666666,GODDA,Jharkhand,GODDA,GEN,Nishikant Dubey,M,BJP,637610.0,1194036.0,1716766.0,69.55,53.4,184227.0,15.43,2.33,National Party,3.0,True,True,Doctorate,Politics,JHARKHAND,Safe (10-20%),National,NDA
Jharkhand,HAZARIBAGH,3042352,MANISH JAISWAL,0,196,32,1,112587750.0,0.0,2,Normal/Others|Repair and Renovation,0.03125,0.16326530612244897,HAZARIBAGH,Jharkhand,HAZARIBAGH,GEN,JAYANT SINHA,M,BJP,728798.0,1080929.0,1667465.0,64.82,67.42,479548.0,44.36,2.0,National Party,2.0,True,True,Post Graduate,Politics,JHARKHAND,Very Safe (>20%),National,NDA
Jharkhand,JAMSHEDPUR,3019022,Bidyut Baran Mahato,0,174,174,1,195943594.0,0.0,1,Normal/Others,0.005747126436781609,1.0,JAMSHEDPUR,Jharkhand,JAMSHEDPUR,GEN,Bidyut Baran Mahato,M,BJP,679632.0,1144226.0,1703279.0,67.18,59.4,302090.0,26.4,2.17,National Party,2.0,True,True,12th Pass,Politics,JHARKHAND,Very Safe (>20%),National,NDA
Jharkhand,KHUNTI(ST),3042353,KALI CHARAN MUNDA,13,266,166,14,185961800.0,8250000.0,2,Normal/Others|Repair and Renovation,0.08433734939759036,0.6240601503759399,KHUNTI,Jharkhand,KHUNTI,ST,ARJUN MUNDA,M,BJP,382638.0,832377.0,1202664.0,69.21,45.97,1445.0,0.17,2.38,National Party,2.0,False,False,12th Pass,Politics,JHARKHAND,Very Close (<5%),National,NDA
Jharkhand,KODARMA,3018370,Annpurna Devi,71,336,226,72,168966434.0,20485917.0,3,Normal/Others|Trust and Society|Repair and Renovation,0.3185840707964602,0.6726190476190477,KODARMA,Jharkhand,KODARMA,GEN,ANNPURNA DEVI,F,BJP,753016.0,1209541.0,1814125.0,66.67,62.26,455600.0,37.67,2.22,National Party,1.0,False,False,Post Graduate,Business,JHARKHAND,Very Safe (>20%),National,NDA
Jharkhand,LOHARDAGA(ST),3042354,SUKHDEO BHAGAT,50,286,270,51,302551831.0,31199500.0,2,Normal/Others|Repair and Renovation,0.18888888888888888,0.9440559440559441,LOHARDAGA,Jharkhand,LOHARDAGA,ST,SUDARSHAN BHAGAT,M,BJP,371595.0,817550.0,1234286.0,66.24,45.45,10363.0,1.27,2.44,National Party,3.0,True,True,Graduate,Politics,JHARKHAND,Very Close (<5%),National,NDA
Jharkhand,PALAMU(SC),3018374,Vishnu Dayal Ram,38,254,183,39,187637558.0,17107179.0,1,Normal/Others,0.21311475409836064,0.7204724409448819,PALAMU,,,,,,,,,,,,,,,,,,,,,,,,
Jharkhand,RAJMAHAL(ST),3019023,Vijay Kumar Hansdak,0,463,294,1,143555000.0,0.0,2,Normal/Others|Repair and Renovation,0.003401360544217687,0.6349892008639308,RAJMAHAL,Jharkhand,RAJMAHAL,ST,VIJAY KUMAR HANSDAK,M,JMM,507830.0,1047657.0,1454436.0,72.03,48.47,99195.0,9.47,2.63,State-based Party,2.0,True,True,10th Pass,Business,JHARKHAND,Close (5-10%),Regional,UPA
Jharkhand,RANCHI,3018372,Sanjay Seth,49,151,151,50,195585296.0,29564600.0,1,Normal/Others,0.33112582781456956,1.0,RANCHI,Jharkhand,RANCHI,GEN,SANJAY SETH,M,BJP,706510.0,1234926.0,1915959.0,64.45,57.21,282780.0,22.9,2.22,National Party,1.0,False,False,Graduate Professional,Business,JHARKHAND,Very Safe (>20%),National,NDA
Jharkhand,SINGHBHUM(ST),3042356,JOBA MAJHI,0,119,89,1,138240620.0,0.0,2,Repair and Renovation|Normal/Others,0.011235955056179775,0.7478991596638656,SINGHBHUM,Jharkhand,SINGHBHUM,ST,GEETA KORA,F,INC,431815.0,879329.0,1269917.0,69.24,49.11,72155.0,8.21,2.44,National Party,1.0,False,True,Post Graduate,Business,JHARKHAND,Close (5-10%),National,UPA
Karnataka,BAGALKOT,3019034,Parvatagouda Chandanagouda Gaddigoudar,22,184,163,23,182580876.0,10990438.0,3,Normal/Others|Trust and Society|Repair and Renovation,0.1411042944785276,0.8858695652173914,BAGALKOT,Karnataka,BAGALKOT,GEN,Gaddigoudar Parvatagouda Chandanagouda,M,BJP,664638.0,1204613.0,1704010.0,70.69,55.17,168187.0,13.96,2.13,National Party,4.0,True,True,Graduate Professional,Agriculture,KARNATAKA,Safe (10-20%),National,NDA
Karnataka,BANGALORE CENTRAL,3019529,P C Mohan,1,13,3,2,27266512.0,4739506.0,3,Repair and Renovation|Trust and Society|Normal/Others,0.6666666666666666,0.23076923076923078,BANGALORE CENTRAL,Karnataka,BANGALORE CENTRAL,GEN,P. C. Mohan,M,BJP,602853.0,1197234.0,2204817.0,54.3,50.35,70968.0,5.93,2.22,National Party,3.0,True,True,12th Pass,Business,KARNATAKA,Close (5-10%),National,NDA
Karnataka,BANGALORE NORTH,3043716,SHOBHA KARANDLAJE,5,98,52,6,151277466.0,2493733.0,1,Normal/Others,0.11538461538461539,0.5306122448979592,BANGALORE NORTH,Karnataka,BANGALORE NORTH,GEN,D.V. Sadananda Gowda,M,BJP,824500.0,1559459.0,2849250.0,54.73,52.87,147518.0,9.46,2.13,National Party,4.0,True,True,Graduate Professional,Politics,KARNATAKA,Close (5-10%),National,NDA
Karnataka,BANGALORE RURAL,3042357,DR C N MANJUNATH,36,201,129,37,159995278.0,17637639.0,3,Normal/Others|Trust and Society|Repair and Renovation,0.2868217054263566,0.6417910447761194,BANGALORE RURAL,Karnataka,BANGALORE RURAL,GEN,D.K. SURESH,M,INC,878258.0,1621906.0,2497458.0,64.94,54.15,206870.0,12.75,2.17,National Party,3.0,True,True,12th Pass,Business,KARNATAKA,Safe (10-20%),National,UPA
Karnataka,BANGALORE SOUTH,3017406,Shri LS Tejasvi Surya,7,102,48,8,141685896.0,3492948.0,3,Normal/Others|Trust and Society|Repair and Renovation,0.16666666666666666,0.47058823529411764,BANGALORE SOUTH,Karnataka,BANGALORE SOUTH,GEN,TEJASVI SURYA,M,BJP,739229.0,1188491.0,2215489.0,53.64,62.2,331192.0,27.87,1.96,National Party,1.0,False,False,Graduate Professional,Liberal Profession or Professional,KARNATAKA,Very Safe (>20%),National,NDA
Karnataka,BELGAUM,3042358,JAGADISH SHETTAR,0,166,9,1,94000000.0,0.0,3,Trust and Society|Normal/Others|Repair and Renovation,0.1111111111111111,0.05421686746987952,BELGAUM,Karnataka,BELGAUM,GEN,ANGADI SURESH CHANNABASAPPA,M,BJP,761991.0,1205229.0,1779350.0,67.73,63.22,391304.0,32.47,2.04,National Party,4.0,True,True,Graduate Professional,Business,KARNATAKA,Very Safe (>20%),National,NDA
Karnataka,BELLARY(ST),3042359,E. TUKARAM,0,92,21,1,118600000.0,0.0,2,Normal/Others|Trust and Society,0.047619047619047616,0.22826086956521738,BELLARY,Karnataka,BELLARY,ST,Y. DEVENDRAPPA,M,BJP,616388.0,1221926.0,1751734.0,69.76,50.44,55707.0,4.56,2.17,National Party,1.0,False,False,5th Pass,Agriculture,KARNATAKA,Very Close (<5%),National,NDA
Karnataka,BIDAR,3042360,SAGAR ESHWAR KHANDRE,0,138,81,1,111428500.0,0.0,2,Normal/Others|Repair and Renovation,0.012345679012345678,0.5869565217391305,BIDAR,Karnataka,BIDAR,GEN,BHAGWANTH KHUBA,M,BJP,585471.0,1117167.0,1775095.0,62.94,52.41,116834.0,10.46,2.22,National Party,2.0,True,True,Graduate Professional,Politics,KARNATAKA,Safe (10-20%),National,NDA
Karnataka,BIJAPUR(SC),3019039,Ramesh Chandappa Jigajinagi,0,280,56,1,108530000.0,0.0,1,Normal/Others,0.017857142857142856,0.2,BIJAPUR,Karnataka,BIJAPUR,SC,JIGAJINAGI RAMESH CHANDAPPA,M,BJP,635867.0,1111354.0,1797587.0,61.82,57.22,258038.0,23.22,2.22,National Party,6.0,True,True,Graduate,Agriculture,KARNATAKA,Very Safe (>20%),National,NDA
Karnataka,CHAMARAJANAGAR(SC),3042361,SUNIL BOSE,0,115,50,1,135750000.0,0.0,1,Normal/Others,0.02,0.43478260869565216,CHAMARAJANAGAR,Karnataka,CHAMARAJANAGAR,SC,V. SRINIVAS PRASAD,M,BJP,568537.0,1270658.0,1686333.0,75.35,44.74,1817.0,0.14,2.5,National Party,1.0,False,False,Post Graduate,Business,KARNATAKA,Very Close (<5%),National,NDA
Karnataka,CHIKBALLAPUR,3042362,DR.K.SUDHAKAR,10,161,84,11,156271124.0,2995562.0,2,Normal/Others|Trust and Society,0.13095238095238096,0.5217391304347826,CHIKBALLAPUR,,,,,,,,,,,,,,,,,,,,,,,,
Karnataka,CHIKKODI,3043717,PRIYANKA SATISH JARKIHOLI,8,149,20,9,100371544.0,6860772.0,2,Normal/Others|Trust and Society,0.45,0.1342281879194631,CHIKKODI,Karnataka,CHIKKODI,GEN,ANNASAHEB SHANKAR JOLLE,M,BJP,645017.0,1217549.0,1612556.0,75.5,52.98,118877.0,9.76,2.13,National Party,1.0,False,False,12th Pass,Business,KARNATAKA,Close (5-10%),National,NDA
Karnataka,CHITRADURGA(SC),3042363,GOVIND MAKTHAPPA KARJOL,1,187,116,2,160200000.0,500000.0,3,Normal/Others|Trust and Society|Repair and Renovation,0.017241379310344827,0.6203208556149733,CHITRADURGA,Karnataka,CHITRADURGA,SC,A NARAYANASWAMY,M,BJP,626195.0,1245950.0,1760633.0,70.77,50.26,80178.0,6.44,2.27,National Party,2.0,False,True,Graduate,Business,KARNATAKA,Close (5-10%),National,NDA
Karnataka,DAKSHINA KANNADA,3042364,CAPTAIN BRIJESH CHOWTA,63,206,141,64,158784118.0,29637059.0,2,Repair and Renovation|Normal/Others,0.45390070921985815,0.6844660194174758,DAKSHINA KANNADA,Karnataka,DAKSHINA KANNADA,GEN,NALIN KUMAR KATEEL,M,BJP,774285.0,1345039.0,1724976.0,77.97,57.57,274621.0,20.42,2.13,National Party,3.0,True,True,10th Pass,Politics,KARNATAKA,Very Safe (>20%),National,NDA
Karnataka,DAVANAGERE,3042365,DR. PRABHA MALLIKARJUN,4,97,43,5,136100000.0,4800000.0,1,Normal/Others,0.11627906976744186,0.44329896907216493,DAVANAGERE,Karnataka,DAVANAGERE,GEN,G M SIDDESHWAR,M,BJP,652996.0,1194586.0,1633064.0,73.15,54.66,169702.0,14.21,2.17,National Party,4.0,True,True,10th Pass,Politics,KARNATAKA,Safe (10-20%),National,NDA
Karnataka,DHARWAD,3019036,Pralhad Venkatesh Joshi,18,194,79,19,124990148.0,7995074.0,2,Normal/Others|Trust and Society,0.24050632911392406,0.4072164948453608,DHARWAD,Karnataka,DHARWAD,GEN,Pralhad Joshi,M,BJP,684837.0,1213505.0,1727311.0,70.25,56.43,205072.0,16.9,2.08,National Party,4.0,True,True,Graduate,Business,KARNATAKA,Safe (10-20%),National,NDA
Karnataka,GULBARGA(SC),3042366,RADHAKRISHNA,0,30,4,1,114100000.0,0.0,1,Normal/Others,0.25,0.13333333333333333,GULBARGA,Karnataka,GULBARGA,SC,DR. UMESH G JADHAV,M,BJP,620192.0,1189361.0,1945765.0,61.13,52.14,95452.0,8.03,2.17,National Party,1.0,False,False,Post Graduate,Liberal Profession or Professional,KARNATAKA,Close (5-10%),National,NDA
Karnataka,HASSAN,3042367,SHREYAS. M. PATEL,5,193,147,6,170992008.0,2387374.0,3,Repair and Renovation|Normal/Others|Trust and Society,0.04081632653061224,0.7616580310880829,HASSAN,Karnataka,HASSAN,GEN,PRAJWAL REVANNA,M,JD(S),676606.0,1277552.0,1652999.0,77.29,52.96,141324.0,11.06,2.17,State-based Party (Other State),1.0,False,False,Graduate Professional,Business,KARNATAKA,Safe (10-20%),Regional,Other
Karnataka,HAVERI,3042368,BASAVARAJ BOMMAI,8,160,111,9,160950000.0,5600000.0,2,Normal/Others|Trust and Society,0.08108108108108109,0.69375,HAVERI,Karnataka,HAVERI,GEN,UDASI. S.C.,M,BJP,683660.0,1266679.0,1708510.0,74.14,53.97,140882.0,11.12,2.13,National Party,3.0,True,True,12th Pass,Business,KARNATAKA,Safe (10-20%),National,NDA
Karnataka,KOLAR(SC),3042369,M. MALLESH BABU,2,84,69,3,95148000.0,2995000.0,2,Normal/Others|Repair and Renovation,0.043478260869565216,0.8214285714285714,KOLAR,Karnataka,KOLAR,SC,S. MUNISWAMY,M,BJP,709165.0,1258551.0,1629961.0,77.21,56.35,210021.0,16.69,2.08,National Party,1.0,False,False,12th Pass,Politics,KARNATAKA,Safe (10-20%),National,NDA
Karnataka,KOPPAL,3042370,K. RAJASHEKAR BASAVARAJ HITNAL,41,181,122,42,169470198.0,19090099.0,2,Normal/Others|Trust and Society,0.3442622950819672,0.6740331491712708,KOPPAL,Karnataka,KOPPAL,GEN,KARADI SANGANNA AMARAPPA,M,BJP,586783.0,1190347.0,1736693.0,68.54,49.3,38397.0,3.23,2.22,National Party,2.0,True,True,10th Pass,Agriculture,KARNATAKA,Very Close (<5%),National,NDA
Karnataka,MANDYA,3042371,H.D. KUMARASWAMY,0,148,70,1,141500000.0,0.0,2,Normal/Others|Repair and Renovation,0.014285714285714285,0.47297297297297297,MANDYA,Karnataka,MANDYA,GEN,SUMALATHA AMBAREESH,F,IND,703660.0,1379210.0,1712004.0,80.56,51.02,125876.0,9.13,2.27,Independents,1.0,False,False,10th Pass,Liberal Profession or Professional,KARNATAKA,Close (5-10%),Independent,Other
Karnataka,MYSORE,3042372,YADUVEER KRISHNADATTA CHAMARAJA WADIYAR,14,163,98,15,157300000.0,9000000.0,3,Normal/Others|Repair and Renovation|Bar and Associations,0.15306122448979592,0.6012269938650306,MYSORE,Karnataka,MYSORE,GEN,PRATHAP SIMHA,M,BJP,688974.0,1318041.0,1896333.0,69.5,52.27,138647.0,10.52,2.27,National Party,2.0,True,True,Post Graduate,Liberal Profession or Professional,KARNATAKA,Safe (10-20%),National,NDA
Karnataka,RAICHUR(ST),3042373,G. KUMAR NAIK,7,108,51,8,117491096.0,5495548.0,3,Repair and Renovation|Normal/Others|Trust and Society,0.1568627450980392,0.4722222222222222,RAICHUR,Karnataka,RAICHUR,ST,RAJA AMARESHWARA NAIK,M,BJP,598337.0,1124385.0,1928204.0,58.31,53.21,117716.0,10.47,2.17,National Party,1.0,False,False,Graduate Professional,Agriculture,KARNATAKA,Safe (10-20%),National,NDA
Karnataka,SHIMOGA,3017402,Shri B Y Raghavendra,40,249,192,41,173807590.0,17471295.0,3,Normal/Others|Repair and Renovation|Trust and Society,0.21354166666666666,0.7710843373493976,SHIMOGA,Karnataka,SHIMOGA,GEN,B.Y.RAGHAVENDRA.,M,BJP,729872.0,1283577.0,1676668.0,76.56,56.86,223360.0,17.4,2.08,National Party,2.0,False,False,Graduate,Business,KARNATAKA,Safe (10-20%),National,NDA
Karnataka,TUMKUR,3042374,V. SOMANNA,0,55,19,1,98919000.0,0.0,2,Trust and Society|Normal/Others,0.05263157894736842,0.34545454545454546,TUMKUR,Karnataka,TUMKUR,GEN,G. S. BASAVARAJ,M,BJP,596127.0,1244858.0,1608545.0,77.39,47.89,13339.0,1.07,2.22,National Party,5.0,False,True,Graduate Professional,Liberal Profession or Professional,KARNATAKA,Very Close (<5%),National,NDA
Karnataka,UDUPI CHIKMAGALUR,3042375,KOTA SRINIVAS POOJARY,40,263,104,41,139150584.0,17610292.0,2,Normal/Others|Repair and Renovation,0.3942307692307692,0.39543726235741444,UDUPI CHIKMAGALUR,Karnataka,UDUPI CHIKMAGALUR,GEN,SHOBHA KARANDLAJE,F,BJP,718916.0,1151012.0,1513806.0,76.03,62.46,349599.0,30.37,2.04,National Party,2.0,True,True,Post Graduate,Politics,KARNATAKA,Very Safe (>20%),National,NDA
Karnataka,UTTARA KANNADA,3042376,VISHWESHWAR HEGDE KAGERI,0,113,46,0,108325000.0,0.0,1,Normal/Others,0.0,0.40707964601769914,UTTARA KANNADA,Karnataka,UTTARA KANNADA,GEN,ANANTKUMAR HEGDE,M,BJP,786042.0,1153480.0,1556599.0,74.1,68.15,479649.0,41.58,1.89,National Party,6.0,True,True,12th Pass,Business,KARNATAKA,Very Safe (>20%),National,NDA
Kerala,ALAPPUZHA,3042377,K. C VENUGOPAL,18,89,65,19,143730718.0,13236271.0,1,Normal/Others,0.2923076923076923,0.7303370786516854,ALAPPUZHA,Kerala,ALAPPUZHA,GEN,Adv. A M ARIFF,M,CPM,445970.0,1088728.0,1356701.0,80.25,40.96,10474.0,0.96,2.78,National Party,1.0,False,False,Graduate Professional,Social Work,KERALA,Very Close (<5%),National,Other
Kerala,ALATHUR(SC),3043393,K RADHAKRISHNAN,11,166,131,12,212157694.0,14430347.0,2,Normal/Others|Repair and Renovation,0.0916030534351145,0.7891566265060241,ALATHUR,Kerala,ALATHUR,SC,RAMYA HARIDAS,F,INC,533815.0,1018743.0,1266794.0,80.42,52.4,158968.0,15.6,2.38,National Party,1.0,False,False,10th Pass,Other,KERALA,Safe (10-20%),National,UPA
Kerala,ATTINGAL,3017411,Adv Adoor Prakash,79,370,357,80,191807420.0,19365205.0,2,Normal/Others|Repair and Renovation,0.22408963585434175,0.9648648648648649,ATTINGAL,Kerala,ATTINGAL,GEN,Adv. ADOOR PRAKASH,M,INC,380995.0,1004888.0,1350710.0,74.4,37.91,38247.0,3.81,3.12,National Party,1.0,False,False,Graduate Professional,Liberal Profession or Professional,KERALA,Very Close (<5%),National,UPA
Kerala,CHALAKUDY,3017413,Shri Benny Behanan,6,151,70,7,152911601.0,9650942.0,2,Normal/Others|Repair and Renovation,0.1,0.46357615894039733,CHALAKUDY,Kerala,CHALAKUDY,GEN,BENNY BEHANAN,M,INC,473444.0,990224.0,1230197.0,80.49,47.81,132274.0,13.36,2.7,National Party,1.0,False,False,Graduate,Social Work,KERALA,Safe (10-20%),National,UPA
Kerala,ERNAKULAM,3017417,Shri Hibi Eden,15,100,67,16,168296294.0,13956455.0,4,Normal/Others|Repair and Renovation|Trust and Society|Bar and Associations,0.23880597014925373,0.67,ERNAKULAM,Kerala,ERNAKULAM,GEN,HIBI EDEN,M,INC,491263.0,967203.0,1245972.0,77.63,50.79,169153.0,17.49,2.56,National Party,1.0,False,False,Graduate,Social Work,KERALA,Safe (10-20%),National,UPA
Kerala,IDUKKI,3017418,Adv Dean Kuriakose,88,154,134,89,178586883.0,43846119.0,2,Normal/Others|Repair and Renovation,0.664179104477612,0.8701298701298701,IDUKKI,Kerala,IDUKKI,GEN,Adv. DEAN KURIAKOSE,M,INC,498493.0,919297.0,1204191.0,76.34,54.23,171053.0,18.61,2.33,National Party,1.0,False,True,Post Graduate,Liberal Profession or Professional,KERALA,Safe (10-20%),National,UPA
Kerala,KANNUR,3017416,Shri Kumbakudi Sudhakaran,52,269,127,53,137216481.0,12526065.0,1,Normal/Others,0.41732283464566927,0.4721189591078067,KANNUR,Kerala,KANNUR,GEN,K. SUDHAKARAN,M,INC,529741.0,1053842.0,1266550.0,83.21,50.27,94559.0,8.97,2.38,National Party,2.0,False,True,Post Graduate,Social Work,KERALA,Close (5-10%),National,UPA
Kerala,KASARAGOD,3017415,Shri Rajmohan Unnithan,50,162,141,51,108476562.0,11215246.0,2,Normal/Others|Repair and Renovation,0.3617021276595745,0.8703703703703703,KASARAGOD,Kerala,KASARAGOD,GEN,Rajmohan Unnithan,M,INC,474961.0,1100051.0,1363937.0,80.65,43.18,40438.0,3.68,2.63,National Party,1.0,False,False,Graduate,Social Work,KERALA,Very Close (<5%),National,UPA
Kerala,KOLLAM,3017410,Shri NK Premachandran,23,183,163,24,247722987.68,16614119.0,1,Normal/Others,0.147239263803681,0.8907103825136612,KOLLAM,Kerala,KOLLAM,GEN,N.K.Premachandran,M,RSP,499677.0,968123.0,1296720.0,74.66,51.61,148856.0,15.38,2.44,State-based Party,4.0,True,True,Graduate Professional,Liberal Profession or Professional,KERALA,Safe (10-20%),Regional,UPA
Kerala,KOTTAYAM,3042378,ADV K FRANCIS GEORGE,27,204,171,28,172772104.0,14789052.0,4,Bar and Associations|Normal/Others|Repair and Renovation|Trust and Society,0.16374269005847952,0.8382352941176471,KOTTAYAM,Kerala,KOTTAYAM,GEN,Thomas Chazhikadan,M,KEC(M),421046.0,910339.0,1206698.0,75.44,46.25,106259.0,11.67,2.78,State-based Party,1.0,False,False,Graduate Professional,Salaried Work or Employed,KERALA,Safe (10-20%),Regional,Other
Kerala,KOZHIKODE,3017409,Shri M K Raghavan,4,272,56,5,119707702.0,1430251.0,2,Normal/Others|Repair and Renovation,0.08928571428571429,0.20588235294117646,KOZHIKODE,Kerala,KOZHIKODE,GEN,M.K.RAGHAVAN,M,INC,493444.0,1076193.0,1318024.0,81.65,45.85,85225.0,7.92,2.7,National Party,3.0,True,True,Graduate,Social Work,KERALA,Close (5-10%),National,UPA
Kerala,MALAPPURAM,3042789,E.T. MOHAMMED BASHEER,6,123,87,7,114658360.0,2044180.0,3,Normal/Others|Repair and Renovation|Trust and Society,0.08045977011494253,0.7073170731707317,MALAPPURAM,Kerala,MALAPPURAM,GEN,P.K. Kunhalikutty,M,IUML,589873.0,1034618.0,1370544.0,75.49,57.01,260153.0,25.14,2.27,State-based Party,2.0,True,True,Graduate,Politics,KERALA,Very Safe (>20%),Regional,UPA
Kerala,MAVELIKKARA(SC),3017412,Shri Suresh Kodikunnil,26,163,123,27,199248718.0,11530361.0,2,Normal/Others|Repair and Renovation,0.21951219512195122,0.754601226993865,MAVELIKKARA,Kerala,MAVELIKKARA,SC,KODIKUNNIL SURESH,M,INC,440415.0,971035.0,1308102.0,74.23,45.36,61138.0,6.3,2.63,National Party,7.0,True,True,Post Graduate,Social Work,KERALA,Close (5-10%),National,UPA
Kerala,PALAKKAD,3018377,Vellalath Kochukrishnan Nair Sreekandan,53,206,150,54,159614886.0,13582981.0,2,Normal/Others|Repair and Renovation,0.36,0.7281553398058253,PALAKKAD,Kerala,PALAKKAD,GEN,V K SREEKANDAN,M,INC,399274.0,1028249.0,1323010.0,77.72,38.83,11637.0,1.13,2.94,National Party,1.0,False,False,Graduate,Politics,KERALA,Very Close (<5%),National,UPA
Kerala,PATHANAMTHITTA,3019048,Anto Antony,50,267,162,51,154032108.0,12219660.0,3,Normal/Others|Bar and Associations|Repair and Renovation,0.3148148148148148,0.6067415730337079,PATHANAMTHITTA,Kerala,PATHANAMTHITTA,GEN,ANTO ANTONY,M,INC,380927.0,1026553.0,1382741.0,74.24,37.11,44243.0,4.31,3.03,National Party,3.0,True,True,Graduate,Politics,KERALA,Very Close (<5%),National,UPA
Kerala,PONNANI,3042790,DR. M.P ABDUSSAMAD SAMADANI,7,241,114,8,154525056.0,1315528.0,1,Normal/Others,0.07017543859649122,0.4730290456431535,PONNANI,Kerala,PONNANI,GEN,E. T. Mohammed Basheer,M,IUML,521824.0,1017265.0,1356803.0,74.98,51.3,193273.0,19.0,2.7,State-based Party,3.0,True,True,10th Pass,Politics,KERALA,Safe (10-20%),Regional,UPA
Kerala,THIRUVANANTHAPURAM,3017408,Dr Shashi Tharoor,33,115,114,34,187016972.0,29983016.0,1,Normal/Others,0.2982456140350877,0.991304347826087,THIRUVANANTHAPURAM,Kerala,THIRUVANANTHAPURAM,GEN,Dr. SHASHI THAROOR,M,INC,416131.0,1010180.0,1371427.0,73.66,41.19,99989.0,9.9,2.94,National Party,3.0,True,True,Doctorate,Social Work,KERALA,Close (5-10%),National,UPA
Kerala,THRISSUR,3042379,SURESH GOPI,12,71,53,13,153645582.0,10327272.0,2,Normal/Others|Repair and Renovation,0.24528301886792453,0.7464788732394366,THRISSUR,Kerala,THRISSUR,GEN,T. N. PRATHAPAN,M,INC,415089.0,1041869.0,1337110.0,77.92,39.84,93633.0,8.99,2.94,National Party,1.0,False,False,12th Pass,Social Work,KERALA,Close (5-10%),National,UPA
Kerala,VADAKARA,3042380,SHAFI PARAMBIL,15,219,81,16,119059000.0,1512000.0,2,Normal/Others|Repair and Renovation,0.19753086419753085,0.3698630136986301,VADAKARA,Kerala,VADAKARA,GEN,K. MURALEEDHARAN,M,INC,526755.0,1065619.0,1288926.0,82.67,49.43,84663.0,7.94,2.38,National Party,4.0,False,False,Graduate,Politics,KERALA,Close (5-10%),National,UPA
Kerala,WAYANAD,3049648,Priyanka Gandhi Vadra,2,63,38,3,124941940.0,2920970.0,2,Normal/Others|Repair and Renovation,0.07894736842105263,0.6031746031746031,WAYANAD,Kerala,WAYANAD,GEN,Rahul Gandhi,M,INC,706367.0,1092197.0,1359679.0,80.33,64.67,431770.0,39.53,2.04,National Party,4.0,True,True,Post Graduate,Politics,KERALA,Very Safe (>20%),National,UPA
Ladakh,LADAKH,3043914,Mohamed Haneefa,0,15,12,1,20516000.0,0.0,2,Normal/Others|Repair and Renovation,0.08333333333333333,0.8,LADAKH,Jammu_&_Kashmir,LADAKH,GEN,Jamyang Tsering Namgyal,M,BJP,42914.0,126426.0,179232.0,70.54,33.94,10930.0,8.65,3.85,National Party,1.0,False,False,Graduate,Business,JAMMU & KASHMIR,Close (5-10%),National,NDA
Lakshadweep,LAKSHADWEEP(ST),3042791,MUHAMMED HAMDULLAH SAYEED,1,28,25,2,147654523.0,193606.0,1,Normal/Others,0.08,0.8928571428571429,LAKSHADWEEP,Lakshadweep,LAKSHADWEEP,ST,MOHAMMED FAIZAL PP,M,NCP,22851.0,47009.0,55189.0,85.18,48.61,823.0,1.75,2.17,State-based Party (Other State),2.0,True,True,Post Graduate,Politics,LAKSHADWEEP,Very Close (<5%),Regional,UPA
Madhya Pradesh,BALAGHAT,3042381,BHARTI PARDHI,74,161,158,75,196472886.0,38587823.0,2,Normal/Others|Trust and Society,0.47468354430379744,0.9813664596273292,BALAGHAT,Madhya_Pradesh,BALAGHAT,GEN,DR DHAL SINGH BISEN,M,BJP,696102.0,1372018.0,1767725.0,77.61,50.74,242066.0,17.64,2.7,National Party,1.0,False,False,Others,Small Business or Self-employed,MADHYA PRADESH,Safe (10-20%),National,NDA
Madhya Pradesh,BETUL(ST),3018381,Durga Das Uikey,281,463,334,282,220597704.0,65545317.0,2,Normal/Others|Repair and Renovation,0.844311377245509,0.7213822894168467,BETUL,Madhya_Pradesh,BETUL,ST,DURGA DAS (D.D.) UIKEY,M,BJP,811248.0,1357857.0,1737437.0,78.15,59.74,360241.0,26.53,2.13,National Party,1.0,False,False,Post Graduate,Retired or Pension,MADHYA PRADESH,Very Safe (>20%),National,NDA
Madhya Pradesh,BHIND(SC),3019070,Smt Sandhya Ray,48,128,98,49,106520452.0,9580992.0,2,Trust and Society|Normal/Others,0.5,0.765625,BHIND,Madhya_Pradesh,BHIND,SC,SANDHYA RAY,F,BJP,527694.0,960687.0,1765334.0,54.42,54.93,199885.0,20.81,2.38,National Party,1.0,False,False,Post Graduate,Salaried Work or Employed,MADHYA PRADESH,Very Safe (>20%),National,NDA
Madhya Pradesh,BHOPAL,3042382,ALOK SHARMA,0,63,52,1,156314000.0,0.0,2,Normal/Others|Trust and Society,0.019230769230769232,0.8253968253968254,BHOPAL,Madhya_Pradesh,BHOPAL,GEN,SADHVI PRAGYA SINGH THAKUR,F,BJP,866482.0,1407954.0,2142861.0,65.7,61.54,364822.0,25.91,1.96,National Party,1.0,False,False,Post Graduate,Unemployed,MADHYA PRADESH,Very Safe (>20%),National,NDA
Madhya Pradesh,CHHINDWARA,3042383,BUNTY VIVEK SAHU,73,473,333,74,169484260.0,14084130.0,2,Normal/Others|Trust and Society,0.2222222222222222,0.7040169133192389,CHHINDWARA,Madhya_Pradesh,CHHINDWARA,GEN,NAKUL KAMAL NATH,M,INC,587305.0,1248031.0,1514783.0,82.39,47.06,37536.0,3.01,2.44,National Party,1.0,False,False,Graduate,Salaried Work or Employed,MADHYA PRADESH,Very Close (<5%),National,UPA
Madhya Pradesh,DAMOH,3042384,RAHUL SINGH LODHI,32,271,248,33,151182528.0,8262092.0,2,Normal/Others|Trust and Society,0.13306451612903225,0.915129151291513,DAMOH,Madhya_Pradesh,DAMOH,GEN,PRAHALAD SINGH PATEL,M,BJP,704524.0,1164226.0,1768777.0,65.82,60.51,353411.0,30.36,2.17,National Party,5.0,True,True,Graduate Professional,Politics,MADHYA PRADESH,Very Safe (>20%),National,NDA
Madhya Pradesh,DEWAS(SC),3019068,Mahendra Singh Solanky,3,117,74,4,143527970.0,2000000.0,2,Normal/Others|Trust and Society,0.05405405405405406,0.6324786324786325,DEWAS,Madhya_Pradesh,DEWAS,SC,MAHENDRA SINGH SOLANKY,M,BJP,862429.0,1398946.0,1760503.0,79.46,61.65,372249.0,26.61,2.0,National Party,1.0,False,False,Graduate Professional,Former Government,MADHYA PRADESH,Very Safe (>20%),National,NDA
Madhya Pradesh,DHAR(ST),3042385,SAVITRI THAKUR,178,238,225,179,180673206.0,58412391.0,2,Normal/Others|Trust and Society,0.7955555555555556,0.9453781512605042,DHAR,Madhya_Pradesh,DHAR,ST,CHATTARSINGH DARBAR,M,BJP,722147.0,1344132.0,1786151.0,75.25,53.73,156029.0,11.61,2.13,National Party,3.0,False,False,Post Graduate,Politics,MADHYA PRADESH,Safe (10-20%),National,NDA
Madhya Pradesh,GUNA,3043718,JYOTIRADITYA M. SCINDIA,18,64,62,19,151730164.0,15093876.0,2,Normal/Others|Repair and Renovation,0.3064516129032258,0.96875,GUNA,Madhya_Pradesh,GUNA,GEN,KRISHNA PAL SINGH (Dr. K. P. YADAV),M,BJP,614049.0,1178423.0,1675724.0,70.32,52.11,125549.0,10.65,2.27,National Party,1.0,False,False,Graduate Professional,Business,MADHYA PRADESH,Safe (10-20%),National,NDA
Madhya Pradesh,GWALIOR,3042386,BHARAT SINGH KUSHWAH,0,23,17,1,42550826.0,0.0,2,Normal/Others|Trust and Society,0.058823529411764705,0.7391304347826086,GWALIOR,Madhya_Pradesh,GWALIOR,GEN,VIVEK NARAYAN SHEJWALKAR,M,BJP,627250.0,1196096.0,2000744.0,59.78,52.44,146842.0,12.28,2.33,National Party,1.0,False,False,Graduate Professional,Social Work,MADHYA PRADESH,Safe (10-20%),National,NDA
Madhya Pradesh,HOSHANGABAD,3042387,DARSHAN SINGH CHOUDHARY,48,355,263,49,94585544.0,5186873.0,2,Normal/Others|Trust and Society,0.18631178707224336,0.7408450704225352,HOSHANGABAD,Madhya_Pradesh,HOSHANGABAD,GEN,UDAY PRATAP SINGH,M,BJP,877927.0,1265869.0,1706141.0,74.19,69.35,553682.0,43.74,1.82,National Party,3.0,True,True,Graduate,Agriculture,MADHYA PRADESH,Very Safe (>20%),National,NDA
Madhya Pradesh,INDORE,3019065,Shankar Lalwani,145,239,239,146,190166942.0,55202558.0,1,Normal/Others,0.6108786610878661,1.0,INDORE,Madhya_Pradesh,INDORE,GEN,SHANKAR LALWANI,M,BJP,1068569.0,1629108.0,2350580.0,69.31,65.59,547754.0,33.62,1.89,National Party,1.0,False,False,Graduate Professional,Salaried Work or Employed,MADHYA PRADESH,Very Safe (>20%),National,NDA
Madhya Pradesh,JABALPUR,3042388,ASHISH DUBEY,15,196,156,16,84689616.0,4832336.0,1,Normal/Others,0.10256410256410256,0.7959183673469388,JABALPUR,Madhya_Pradesh,JABALPUR,GEN,RAKESH SINGH,M,BJP,826454.0,1263573.0,1819893.0,69.43,65.41,454744.0,35.99,1.92,National Party,4.0,True,True,Graduate,Politics,MADHYA PRADESH,Very Safe (>20%),National,NDA
Madhya Pradesh,KHAJURAHO,3018383,Vishnu Dutt Sharma,3,11,7,4,25899894.0,4909947.0,3,Normal/Others|Trust and Society|Repair and Renovation,0.5714285714285714,0.6363636363636364,KHAJURAHO,Madhya_Pradesh,KHAJURAHO,GEN,V.D. SHARMA (VISHNU DATT SHARMA),M,BJP,811135.0,1257783.0,1842095.0,68.28,64.49,492382.0,39.15,2.08,National Party,1.0,False,False,Post Graduate,Agriculture,MADHYA PRADESH,Very Safe (>20%),National,NDA
Madhya Pradesh,KHANDWA,3019058,Gyaneshwar Patil,147,299,289,148,200771474.0,47276123.0,1,Normal/Others,0.5121107266435986,0.9665551839464883,KHANDWA,Madhya_Pradesh,KHANDWA,GEN,NANDKUMAR SINGH CHOUHAN (NANDU BHAIYA),M,BJP,838909.0,1468138.0,1909055.0,76.9,57.14,273343.0,18.62,2.08,National Party,6.0,True,True,Post Graduate,Agriculture,MADHYA PRADESH,Safe (10-20%),National,NDA
Madhya Pradesh,KHARGONE(ST),3019056,Gajendra Singh Patel,81,279,246,82,174674406.0,14552245.0,1,Normal/Others,0.3333333333333333,0.8817204301075269,KHARGONE,Madhya_Pradesh,KHARGONE,ST,GAJENDRA UMRAO SINGH PATEL,M,BJP,773550.0,1427607.0,1834385.0,77.82,54.19,202510.0,14.19,2.22,National Party,1.0,False,False,Graduate Professional,Business,MADHYA PRADESH,Safe (10-20%),National,NDA
Madhya Pradesh,MANDLA(ST),3019055,Faggan Singh Kulaste,19,307,169,20,154752449.0,9698306.0,1,Normal/Others,0.11834319526627218,0.5504885993485342,MANDLA,Madhya_Pradesh,MANDLA,ST,FAGGAN SINGH KULASTE,M,BJP,737266.0,1517255.0,1951267.0,77.76,48.59,97674.0,6.44,2.38,National Party,6.0,True,True,Post Graduate,Agriculture,MADHYA PRADESH,Close (5-10%),National,NDA
Madhya Pradesh,MANDSOUR,3017421,Shri Sudheer Gupta,55,181,112,56,54363184.0,6894846.0,2,Normal/Others|Trust and Society,0.5,0.6187845303867403,MANDSOUR,Madhya_Pradesh,MANDSOUR,GEN,Sudheer Gupta,M,BJP,847786.0,1370667.0,1760875.0,77.84,61.85,376734.0,27.49,2.0,National Party,2.0,True,True,Post Graduate,Salaried Work or Employed,MADHYA PRADESH,Very Safe (>20%),National,NDA
Madhya Pradesh,MORENA,3042389,SHIVMANGAL SINGH TOMAR,0,71,53,1,67140588.0,0.0,1,Normal/Others,0.018867924528301886,0.7464788732394366,MORENA,Madhya_Pradesh,MORENA,GEN,NARENDRA SINGH TOMAR,M,BJP,541689.0,1137290.0,1837723.0,61.89,47.63,113341.0,9.97,2.63,National Party,3.0,True,True,Graduate,Social Work,MADHYA PRADESH,Close (5-10%),National,NDA
Madhya Pradesh,RAJGARH,3018380,Rodmal Nagar,0,267,219,1,193171453.0,0.0,1,Normal/Others,0.0045662100456621,0.8202247191011236,RAJGARH,Madhya_Pradesh,RAJGARH,GEN,RODMAL NAGAR,M,BJP,823824.0,1260329.0,1694329.0,74.39,65.37,431019.0,34.2,1.89,National Party,2.0,True,True,Graduate,Business,MADHYA PRADESH,Very Safe (>20%),National,NDA
Madhya Pradesh,RATLAM(ST),3042390,ANITA NAGARSINGH CHOUHAN,19,204,200,20,176199381.0,6584120.0,2,Normal/Others|Trust and Society,0.1,0.9803921568627451,RATLAM,Madhya_Pradesh,RATLAM,ST,GUMAN SINGH DAMOR,M,BJP,696103.0,1400509.0,1851112.0,75.66,49.7,90636.0,6.47,2.27,National Party,1.0,False,False,Graduate Professional,Retired or Pension,MADHYA PRADESH,Close (5-10%),National,NDA
Madhya Pradesh,REWA,3019059,Janardan Mishra,0,90,82,1,191153728.0,0.0,1,Normal/Others,0.012195121951219513,0.9111111111111111,REWA,Madhya_Pradesh,REWA,GEN,JANARDAN MISHRA,M,BJP,583769.0,1013251.0,1679534.0,60.33,57.61,312808.0,30.87,2.44,National Party,2.0,True,True,Graduate Professional,Politics,MADHYA PRADESH,Very Safe (>20%),National,NDA
Madhya Pradesh,SAGAR,3042391,DR. LATA WANKHEDE,76,146,136,77,195670768.0,70792630.0,2,Normal/Others|Trust and Society,0.5661764705882353,0.9315068493150684,SAGAR,Madhya_Pradesh,SAGAR,GEN,RAJBAHADUR SINGH,M,BJP,646231.0,1037175.0,1583129.0,65.51,62.31,305542.0,29.46,2.0,National Party,1.0,False,False,Post Graduate,Business,MADHYA PRADESH,Very Safe (>20%),National,NDA
Madhya Pradesh,SATNA,3019057,Ganesh Singh,68,312,180,69,113961708.0,16867886.0,2,Normal/Others|Trust and Society,0.38333333333333336,0.5769230769230769,SATNA,Madhya_Pradesh,SATNA,GEN,GANESH SINGH,M,BJP,588753.0,1113656.0,1575064.0,70.71,52.87,231473.0,20.78,2.56,National Party,4.0,True,True,Post Graduate,Politics,MADHYA PRADESH,Very Safe (>20%),National,NDA
Madhya Pradesh,SHAHDOL (ST),3019069,Smt Himadri Singh,39,133,96,40,150020546.0,18400712.0,2,Normal/Others|Trust and Society,0.4166666666666667,0.7218045112781954,SHAHDOL,Madhya_Pradesh,SHAHDOL,ST,HIMADRI SINGH,F,BJP,747977.0,1237858.0,1656474.0,74.73,60.43,403333.0,32.58,2.22,National Party,1.0,False,False,Graduate,Agriculture,MADHYA PRADESH,Very Safe (>20%),National,NDA
Madhya Pradesh,SIDHI,3042392,DR. RAJESH MISHRA,134,281,253,135,407492496.0,82574525.0,2,Normal/Others|Repair and Renovation,0.5335968379446641,0.900355871886121,SIDHI,Madhya_Pradesh,SIDHI,GEN,Riti Pathak,F,BJP,698342.0,1282705.0,1845547.0,69.5,54.44,286524.0,22.34,2.5,National Party,2.0,True,True,,Other,MADHYA PRADESH,Very Safe (>20%),National,NDA
Madhya Pradesh,TIKAMGARH(SC),3019053,Virendra Kumar,6,248,198,7,182858130.0,2784039.0,2,Normal/Others|Trust and Society,0.03535353535353535,0.7983870967741935,TIKAMGARH,Madhya_Pradesh,TIKAMGARH,SC,Dr Virendra Kumar,M,BJP,672248.0,1096712.0,1647399.0,66.57,61.3,348059.0,31.74,2.13,National Party,1.0,False,False,Doctorate,Politics,MADHYA PRADESH,Very Safe (>20%),National,NDA
Madhya Pradesh,UJJAIN(SC),3017425,Shri Anil Firojiya,88,247,240,89,187402992.0,15385686.0,2,Normal/Others|Trust and Society,0.37083333333333335,0.97165991902834,UJJAIN,Madhya_Pradesh,UJJAIN,SC,ANIL FIROJIYA,M,BJP,791663.0,1252511.0,1661229.0,75.4,63.21,365637.0,29.19,1.92,National Party,1.0,False,False,12th Pass,Business,MADHYA PRADESH,Very Safe (>20%),National,NDA
Madhya Pradesh,VIDISHA,3044395,SHIVRAJ SINGH CHOUHAN,8,80,77,9,96786250.0,3943125.0,1,Normal/Others,0.11688311688311688,0.9625,VIDISHA,Madhya_Pradesh,VIDISHA,GEN,Ramakant Bhargava,M,BJP,853022.0,1250244.0,1741604.0,71.79,68.23,503084.0,40.24,1.82,National Party,1.0,False,False,12th Pass,Agriculture,MADHYA PRADESH,Very Safe (>20%),National,NDA
Maharashtra,AHMEDNAGAR,3042393,NILESH DNYANDEV LANKE,0,75,22,1,125954000.0,0.0,2,Normal/Others|Trust and Society,0.045454545454545456,0.29333333333333333,AHMEDNAGAR,,,,,,,,,,,,,,,,,,,,,,,,
Maharashtra,AKOLA,3042394,ANUP SANJAY DHOTRE,36,100,63,37,156043498.0,33971749.0,1,Normal/Others,0.5873015873015873,0.63,AKOLA,Maharashtra,AKOLA,GEN,Dhotre Sanjay Shamrao,M,BJP,554444.0,1119440.0,1865169.0,60.02,49.53,275596.0,24.62,2.78,National Party,4.0,True,True,Graduate Professional,Business,MAHARASHTRA,Very Safe (>20%),National,NDA
Maharashtra,AMRAVATI(SC),3042395,BALWANT BASWANT WANKHADE,0,169,131,1,268674000.0,0.0,2,Normal/Others|Trust and Society,0.007633587786259542,0.7751479289940828,AMRAVATI,Maharashtra,AMRAVATI,SC,Navnit Ravi Rana,F,IND,510947.0,1112385.0,1833091.0,60.68,45.93,36951.0,3.32,2.56,Independents,1.0,False,True,10th Pass,Agriculture,MAHARASHTRA,Very Close (<5%),Independent,Other
Maharashtra,AURANGABAD_MH,3042396,BHUMARE SANDIPANRAO ASARAM,18,77,34,19,144373634.0,26879317.0,1,Normal/Others,0.5588235294117647,0.44155844155844154,AURANGABAD MH,,,,,,,,,,,,,,,,,,,,,,,,
Maharashtra,BARAMATI,3019106,Smt Supriya Sadanand Sule,4,86,17,5,69223892.0,3461946.0,2,Repair and Renovation|Normal/Others,0.29411764705882354,0.19767441860465115,BARAMATI,Maharashtra,BARAMATI,GEN,Supriya Sule,F,NCP,686714.0,1304728.0,2114663.0,61.7,52.63,155774.0,11.94,2.22,State-based Party,3.0,True,True,Graduate,Business,MAHARASHTRA,Safe (10-20%),Regional,UPA
Maharashtra,BEED,3042397,BAJRANG MANOHAR SONWANE,10,101,29,11,126533280.0,9466640.0,1,Normal/Others,0.3793103448275862,0.2871287128712871,BEED,Maharashtra,BEED,GEN,Pritam Gopinathrao Munde,F,BJP,678175.0,1352399.0,2045405.0,66.12,50.15,168368.0,12.45,2.56,National Party,2.0,True,True,Post Graduate,Agriculture,MAHARASHTRA,Safe (10-20%),National,NDA
Maharashtra,BHANDARA-GONDIYA,3042398,DR. PRASHANT YADAORAO PADOLE,6,128,29,7,131674834.0,4277417.0,1,Normal/Others,0.2413793103448276,0.2265625,BHANDARA GONDIYA,,,,,,,,,,,,,,,,,,,,,,,,
Maharashtra,BHIWANDI,3042399,BALYA MAMA SURESH GOPINATH MHATRE,4,117,91,5,184489012.0,3496237.0,2,Repair and Renovation|Normal/Others,0.054945054945054944,0.7777777777777778,BHIWANDI,Maharashtra,BHIWANDI,GEN,KAPIL MORESHWAR PATIL,M,BJP,523583.0,1005172.0,1890100.0,53.18,52.09,156329.0,15.55,2.5,National Party,2.0,True,True,Graduate,Business,MAHARASHTRA,Safe (10-20%),National,NDA
Maharashtra,BULDHANA,3019090,Prataprao Jadhav,0,107,3,1,78150000.0,0.0,1,Normal/Others,0.3333333333333333,0.028037383177570093,BULDHANA,Maharashtra,BULDHANA,GEN,Jadhav Prataprao Ganpatrao,M,SHS,521977.0,1120359.0,1762918.0,63.55,46.59,133287.0,11.9,2.78,State-based Party,3.0,True,True,12th Pass,Agriculture,MAHARASHTRA,Safe (10-20%),Regional,Other
Maharashtra,CHANDRAPUR,3042400,DHANORKAR PRATIBHA SURESH ALIAS BALUBHAU,1,71,8,2,102630320.0,1966157.0,1,Normal/Others,0.25,0.11267605633802817,CHANDRAPUR,Maharashtra,CHANDRAPUR,GEN,Balubhau alias Suresh Narayan Dhanorkar,M,INC,559507.0,1238474.0,1910188.0,64.84,45.18,44763.0,3.61,2.63,National Party,1.0,False,False,12th Pass,Business,MAHARASHTRA,Very Close (<5%),National,UPA
Maharashtra,DHULE,3042401,BACHHAV SHOBHA DINESH,6,88,43,7,140813444.0,5356722.0,2,Normal/Others|Trust and Society,0.16279069767441862,0.48863636363636365,DHULE,Maharashtra,DHULE,GEN,Bhamre Subhash Ramrao,M,BJP,613533.0,1085038.0,1908173.0,56.86,56.54,229243.0,21.13,2.22,National Party,2.0,True,True,Post Graduate,Business,MAHARASHTRA,Very Safe (>20%),National,NDA
Maharashtra,DINDORI(ST),3042402,BHASKAR MURLIDHAR BHAGARE,7,107,87,8,167242346.0,5676373.0,3,Normal/Others|Repair and Renovation|Trust and Society,0.09195402298850575,0.8130841121495327,DINDORI,Maharashtra,DINDORI,ST,Dr. Bharati Pravin Pawar,F,BJP,567470.0,1137631.0,1732936.0,65.65,49.88,198779.0,17.47,2.7,National Party,1.0,False,True,Graduate Professional,Business,MAHARASHTRA,Safe (10-20%),National,NDA
Maharashtra,GADCHIROLI-CHIMUR(ST),3042403,DR. KIRSAN NAMDEO,6,121,57,7,140924566.0,3487283.0,3,Normal/Others|Repair and Renovation|Trust and Society,0.12280701754385964,0.47107438016528924,GADCHIROLI CHIMUR,Maharashtra,GADCHIROLI-CHIMUR,ST,ASHOK MAHADEORAO NETE,M,BJP,519968.0,1142698.0,1581366.0,72.26,45.5,77526.0,6.78,2.7,National Party,2.0,True,True,12th Pass,Small Business or Self-employed,MAHARASHTRA,Close (5-10%),National,NDA
Maharashtra,HATKANANGLE,3019082,Dhairyasheel Sambhajirao Mane,2,14,10,3,29937934.0,2000000.0,2,Trust and Society|Normal/Others,0.3,0.7142857142857143,HATKANANGLE,Maharashtra,HATKANANGLE,GEN,Dhairyasheel Sambhajirao Mane,M,SHS,585776.0,1252211.0,1776555.0,70.49,46.78,96039.0,7.67,2.63,State-based Party,1.0,False,False,Graduate,Business,MAHARASHTRA,Close (5-10%),Regional,Other
Maharashtra,HINGOLI,3042404,AASHTIKAR PATIL NAGESH BAPURAO,28,95,43,29,169983426.0,40755038.0,1,Normal/Others,0.6744186046511628,0.45263157894736844,HINGOLI,Maharashtra,HINGOLI,GEN,Hemant Patil,M,SHS,586312.0,1157516.0,1733729.0,66.76,50.65,277856.0,24.0,2.86,State-based Party,1.0,False,False,Graduate,Business,MAHARASHTRA,Very Safe (>20%),Regional,Other
Maharashtra,JALGAON,3042405,SMITA UDAY WAGH,7,11,11,8,32062532.0,11831266.0,1,Normal/Others,0.7272727272727273,1.0,JALGAON,Maharashtra,JALGAON,GEN,Unmesh Bhaiyyasaheb Patil,M,BJP,713874.0,1088277.0,1931400.0,56.35,65.6,411617.0,37.82,1.96,National Party,1.0,False,False,Graduate Professional,Business,MAHARASHTRA,Very Safe (>20%),National,NDA
Maharashtra,JALNA,3042406,KALYAN VAIJINATHRAO KALE,7,61,40,8,96852850.0,6951425.0,3,Normal/Others|Repair and Renovation|Trust and Society,0.2,0.6557377049180327,JALNA,Maharashtra,JALNA,GEN,Danve Raosaheb Dadarao,M,BJP,698019.0,1208139.0,1867220.0,64.7,57.78,332815.0,27.55,2.38,National Party,5.0,True,True,Graduate,Agriculture,MAHARASHTRA,Very Safe (>20%),National,NDA
Maharashtra,KALYAN,3019077,Shrikant Eknath Shinde,0,2,1,1,325000.0,0.0,1,Normal/Others,1.0,0.5,KALYAN,Maharashtra,KALYAN,GEN,Dr. SHRIKANT EKNATH SHINDE,M,SHS,559723.0,890313.0,1965676.0,45.29,62.87,344343.0,38.68,2.13,State-based Party,2.0,True,True,Post Graduate,Business,MAHARASHTRA,Very Safe (>20%),Regional,Other
Maharashtra,KOLHAPUR,3042407,CHHATRAPATI SHAHU SHAHAJI,19,102,29,20,126034582.0,19624291.0,3,Normal/Others|Trust and Society|Repair and Renovation,0.6896551724137931,0.28431372549019607,KOLHAPUR,Maharashtra,KOLHAPUR,GEN,Sanjay Sadashivrao Mandlik,M,SHS,749085.0,1330852.0,1880496.0,70.77,56.29,270568.0,20.33,2.22,State-based Party,1.0,False,False,Post Graduate,Agriculture,MAHARASHTRA,Very Safe (>20%),Regional,Other
Maharashtra,LATUR(SC),3043224,DR KALGE SHIVAJI BANDAPPA,18,116,31,19,117193988.0,15271890.0,2,Normal/Others|Repair and Renovation,0.6129032258064516,0.2672413793103448,LATUR,Maharashtra,LATUR,SC,Sudhakar Tukaram Shrangare,M,BJP,661495.0,1176542.0,1886657.0,62.36,56.22,289111.0,24.57,2.33,National Party,1.0,False,False,10th Pass,Business,MAHARASHTRA,Very Safe (>20%),National,NDA
Maharashtra,MADHA,3042408,MOHITE PATIL DHAIRYASHEEL RAJSINH,0,172,66,1,87160000.0,0.0,1,Normal/Others,0.015151515151515152,0.38372093023255816,MADHA,Maharashtra,MADHA,GEN,Ranjeetsinha Hindurao Naik- Nimbalkar,M,BJP,586314.0,1216319.0,1909574.0,63.7,48.2,85764.0,7.05,2.5,National Party,1.0,False,False,12th Pass,Business,MAHARASHTRA,Close (5-10%),National,NDA
Maharashtra,MAVAL,3019099,Shrirang Appa Barne,2,91,46,3,124794438.0,1997219.0,1,Normal/Others,0.06521739130434782,0.5054945054945055,MAVAL,Maharashtra,MAVAL,GEN,SHRIRANG APPA CHANDU BARNE,M,SHS,720663.0,1368872.0,2298080.0,59.57,52.65,215913.0,15.77,2.38,State-based Party,2.0,True,True,8th Pass,Business,MAHARASHTRA,Safe (10-20%),Regional,Other
Maharashtra,MUMBAI NORTH,3042792,Piyush Vedprakash Goyal,0,50,50,1,196000000.0,0.0,2,Normal/Others|Repair and Renovation,0.02,1.0,MUMBAI NORTH,Maharashtra,MUMBAI NORTH,GEN,Gopal Shetty,M,BJP,706678.0,989759.0,1647350.0,60.08,71.4,465247.0,47.01,1.75,National Party,2.0,True,True,5th Pass,Small Business or Self-employed,MAHARASHTRA,Very Safe (>20%),National,NDA
Maharashtra,MUMBAI NORTH EAST,3043915,SANJAY DINA PATIL,0,41,26,1,136100000.0,0.0,1,Normal/Others,0.038461538461538464,0.6341463414634146,MUMBAI NORTH EAST,Maharashtra,MUMBAI NORTH EAST,GEN,Manoj Kotak,M,BJP,514599.0,908993.0,1588693.0,57.22,56.61,226486.0,24.92,2.33,National Party,1.0,False,False,10th Pass,Business,MAHARASHTRA,Very Safe (>20%),National,NDA
Maharashtra,MUMBAI NORTH WEST,3042793,RAVINDRA DATTARAM WAIKAR,0,47,47,1,196000000.0,0.0,2,Normal/Others|Repair and Renovation,0.02127659574468085,1.0,MUMBAI NORTH WEST,Maharashtra,MUMBAI NORTH WEST,GEN,Gajanan Kirtikar,M,SHS,570063.0,941497.0,1732263.0,54.35,60.55,260328.0,27.65,2.08,State-based Party,2.0,True,True,Graduate,Salaried Work or Employed,MAHARASHTRA,Very Safe (>20%),Regional,Other
Maharashtra,MUMBAI NORTH-CENTRAL,3042409,GAIKWAD VARSHA EKNATH,0,58,58,1,196000000.0,0.0,1,Normal/Others,0.017241379310344827,1.0,MUMBAI NORTH CENTRAL,Maharashtra,MUMBAI NORTH CENTRAL,GEN,POONAM MAHAJAN,F,BJP,486672.0,901784.0,1679891.0,53.68,53.97,130005.0,14.42,2.22,National Party,2.0,True,True,Others,Politics,MAHARASHTRA,Safe (10-20%),National,NDA
Maharashtra,MUMBAI SOUTH,3019079,Arvind Ganpat Sawant,13,52,19,14,118549478.0,18374739.0,1,Normal/Others,0.7368421052631579,0.36538461538461536,MUMBAI SOUTH,Maharashtra,MUMBAI   SOUTH,GEN,Arvind Ganpat Sawant,M,SHS,421937.0,801611.0,1554176.0,51.58,52.64,100067.0,12.48,2.27,State-based Party,2.0,True,True,Graduate,Politics,MAHARASHTRA,Safe (10-20%),Regional,Other
Maharashtra,MUMBAI SOUTH CENTRAL,3044396,ANIL YESHWANT DESAI,0,35,5,1,90600000.0,0.0,1,Normal/Others,0.2,0.14285714285714285,MUMBAI SOUTH CENTRAL,Maharashtra,MUMBAI SOUTH CENTRAL,GEN,Rahul Ramesh Shewale,M,SHS,424913.0,797250.0,1440380.0,55.35,53.3,152139.0,19.08,2.44,State-based Party,2.0,True,True,Others,Politics,MAHARASHTRA,Safe (10-20%),Regional,Other
Maharashtra,NAGPUR,3019087,Nitin Jairam Gadkari,1,54,25,2,143709686.0,9998850.0,2,Normal/Others|Repair and Renovation,0.08,0.46296296296296297,NAGPUR,Maharashtra,NAGPUR,GEN,NITIN JAIRAM GADKARI,M,BJP,660221.0,1186051.0,2161096.0,54.88,55.67,216009.0,18.21,2.22,National Party,2.0,True,True,Graduate Professional,Agriculture,MAHARASHTRA,Safe (10-20%),National,NDA
Maharashtra,NANDED,3042410,CHAVAN VASANTRAO BALWANTRAO,0,1,1,1,0.0,0.0,0,,1.0,1.0,NANDED,Maharashtra,NANDED,GEN,Prataprao Patil Chikhalikar,M,BJP,486806.0,1129350.0,1719322.0,65.69,43.1,40148.0,3.55,2.7,National Party,1.0,False,False,12th Pass,Agriculture,MAHARASHTRA,Very Close (<5%),National,NDA
Maharashtra,NANDED,3052343,Ravindra Vasantrao Chavan,2,125,22,3,115452951.0,1492360.0,2,Normal/Others|Trust and Society,0.13636363636363635,0.176,NANDED,Maharashtra,NANDED,GEN,Prataprao Patil Chikhalikar,M,BJP,486806.0,1129350.0,1719322.0,65.69,43.1,40148.0,3.55,2.7,National Party,1.0,False,False,12th Pass,Agriculture,MAHARASHTRA,Very Close (<5%),National,NDA
Maharashtra,NANDURBAR(ST),3042411,ADV GOWAAL KAGADA PADAVI,0,280,229,1,149362060.0,0.0,2,Normal/Others|Repair and Renovation,0.004366812227074236,0.8178571428571428,NANDURBAR,Maharashtra,NANDURBAR,ST,Dr. Heena Vijaykumar Gavit,F,BJP,639136.0,1281738.0,1871099.0,68.5,49.86,95629.0,7.46,2.33,National Party,2.0,True,True,Post Graduate,Agriculture,MAHARASHTRA,Close (5-10%),National,NDA
Maharashtra,NASHIK,3042412,RAJABHAU,12,96,78,13,164602728.0,10428864.0,2,Normal/Others|Repair and Renovation,0.16666666666666666,0.8125,NASHIK,Maharashtra,NASHIK,GEN,Godse Hemant Tukaram,M,SHS,563599.0,1121232.0,1885064.0,59.48,50.27,292204.0,26.06,3.03,State-based Party,2.0,True,True,Others,Business,MAHARASHTRA,Very Safe (>20%),Regional,Other
Maharashtra,OSMANABAD,3019088,Omprakash Bhupalsinh Alias Pawan Rajenimbalkar,21,152,32,22,126072496.0,12512149.0,1,Normal/Others,0.6875,0.21052631578947367,OSMANABAD,Maharashtra,OSMANABAD,GEN,Omprakash Bhupalsinh Alias Pawan Rajenimbalkar,M,SHS,596640.0,1204730.0,1889740.0,63.75,49.52,127566.0,10.59,2.44,State-based Party,1.0,False,False,12th Pass,Agriculture,MAHARASHTRA,Safe (10-20%),Regional,Other
Maharashtra,PALGHAR(ST),3042413,DR. HEMANT VISHNU SAVARA,0,81,8,1,81998000.0,0.0,1,Normal/Others,0.125,0.09876543209876543,PALGHAR,Maharashtra,PALGHAR,ST,Rajendra Dhedya Gavit,M,SHS,580479.0,1201941.0,1885600.0,63.74,48.3,88883.0,7.39,2.5,State-based Party,2.0,True,True,Graduate,Business,MAHARASHTRA,Close (5-10%),Regional,Other
Maharashtra,PARBHANI,3019095,Sanjay Haribhau Jadhav,23,82,62,24,132417954.0,19470808.0,1,Normal/Others,0.3870967741935484,0.7560975609756098,PARBHANI,Maharashtra,PARBHANI,GEN,JADHAV SANJAY (BANDU) HARIBHAU,M,SHS,538941.0,1252782.0,1985228.0,63.11,43.02,42199.0,3.37,2.78,State-based Party,2.0,True,True,10th Pass,Business,MAHARASHTRA,Very Close (<5%),Regional,Other
Maharashtra,PUNE,3042414,MURLIDHAR MOHOL,0,75,13,1,109500000.0,0.0,2,Repair and Renovation|Normal/Others,0.07692307692307693,0.17333333333333334,PUNE,Maharashtra,PUNE,GEN,Girish Bhalchandra Bapat,M,BJP,632835.0,1035236.0,2075824.0,49.87,61.13,324628.0,31.36,2.17,National Party,1.0,False,False,Graduate,Retired or Pension,MAHARASHTRA,Very Safe (>20%),National,NDA
Maharashtra,RAIGAD,3019101,Sunil Dattatray Tatkare,13,56,45,14,162417654.0,16608827.0,2,Normal/Others|Trust and Society,0.3111111111111111,0.8035714285714286,RAIGAD,Maharashtra,RAIGAD,GEN,Tatkare Sunil Dattatray,M,NCP,486968.0,1025467.0,1652965.0,62.04,47.49,31438.0,3.07,2.33,State-based Party,1.0,False,True,Others,Agriculture,MAHARASHTRA,Very Close (<5%),Regional,UPA
Maharashtra,RAMTEK(SC),3042415,Shyamkumar,0,56,4,1,58600000.0,0.0,2,Repair and Renovation|Normal/Others,0.25,0.07142857142857142,RAMTEK,Maharashtra,RAMTEK,SC,Krupal Balaji Tumane,M,SHS,597126.0,1196744.0,1922764.0,62.24,49.9,126783.0,10.59,2.5,State-based Party,2.0,True,True,Graduate,Business,MAHARASHTRA,Safe (10-20%),Regional,Other
Maharashtra,RATNAGIRI-SINDHUDURG,3042416,NARAYAN TATU RANE,11,92,56,12,137349494.0,7524747.0,2,Normal/Others|Trust and Society,0.21428571428571427,0.6086956521739131,RATNAGIRI SINDHUDURG,,,,,,,,,,,,,,,,,,,,,,,,
Maharashtra,RAVER,3019105,Smt Raksha Nikhil Khadse,1,10,8,2,30089328.0,914736.0,2,Normal/Others|Trust and Society,0.25,0.8,RAVER,Maharashtra,RAVER,GEN,Khadse Raksha Nikhil,F,BJP,655386.0,1092971.0,1775051.0,61.57,59.96,335882.0,30.73,2.17,National Party,2.0,True,True,Graduate,Business,MAHARASHTRA,Very Safe (>20%),National,NDA
Maharashtra,SANGLI,3042417,VISHAL,2,87,78,3,173098790.0,1984821.0,3,Normal/Others|Repair and Renovation|Trust and Society,0.038461538461538464,0.896551724137931,SANGLI,Maharashtra,SANGLI,GEN,Sanjaykaka Patil,M,BJP,508995.0,1189958.0,1809109.0,65.78,42.77,164352.0,13.81,3.12,National Party,2.0,True,True,10th Pass,Business,MAHARASHTRA,Safe (10-20%),National,NDA
Maharashtra,SATARA,3042418,SHRIMANT CHH UDAYANRAJE PRATAPSINHAMAHARAJ BHONSLE,3,135,120,4,183197354.0,2998677.0,2,Normal/Others|Repair and Renovation,0.03333333333333333,0.8888888888888888,SATARA,Maharashtra,SATARA,GEN,SHRIMANT CHH. UDAYANRAJE PRATAPSINHMAHARAJ BHONSLE,M,NCP,579026.0,1115434.0,1848489.0,60.34,51.91,126528.0,11.34,2.33,State-based Party,3.0,True,True,12th Pass,Traditional Occupation,MAHARASHTRA,Safe (10-20%),Regional,UPA
Maharashtra,SATARA,3042418,SHRIMANT CHH UDAYANRAJE PRATAPSINHAMAHARAJ BHONSLE,3,135,120,4,183197354.0,2998677.0,2,Normal/Others|Repair and Renovation,0.03333333333333333,0.8888888888888888,SATARA,Maharashtra,SATARA,GEN,Shriniwas Dadasaheb Patil,MALE,NCP,641177.0,1254637.0,1850393.0,67.8,51.1,89503.0,7.13,2.22,,1.0,False,False,,,MAHARASHTRA,Close (5-10%),Other,UPA
Maharashtra,SHIRDI(SC),3042419,BHAUSAHEB RAJARAM WAKCHAURE,2,137,85,3,153034518.0,1192259.0,2,Normal/Others|Trust and Society,0.03529411764705882,0.6204379562043796,SHIRDI,Maharashtra,SHIRDI,SC,SADASHIV KISAN LOKHANDE,M,SHS,486820.0,1029362.0,1587079.0,64.86,47.29,120195.0,11.68,2.86,State-based Party,2.0,True,True,10th Pass,Politics,MAHARASHTRA,Safe (10-20%),Regional,Other
Maharashtra,SHIRUR,3019076,Amol Ramsing Kolhe,8,103,28,9,120270911.0,7985748.0,2,Normal/Others|Trust and Society,0.32142857142857145,0.27184466019417475,SHIRUR,Maharashtra,SHIRUR,GEN,Dr. Amol Ramsing Kolhe,M,NCP,635830.0,1293117.0,2175529.0,59.44,49.17,58483.0,4.52,2.27,State-based Party,1.0,False,False,Graduate Professional,Business,MAHARASHTRA,Very Close (<5%),Regional,UPA
Maharashtra,SOLAPUR(SC),3043228,PRANITI SUSHILKUMAR SHINDE,0,122,6,1,112192949.0,0.0,2,Normal/Others|Repair and Renovation,0.16666666666666666,0.04918032786885246,SOLAPUR,Maharashtra,SOLAPUR,SC,SHRI. SHA. BRA. DR. JAI SIDHESHWAR SHIVACHARY MAHASWAMIJI,M,BJP,524985.0,1084514.0,1851654.0,58.57,48.41,158608.0,14.62,2.78,National Party,1.0,False,False,Graduate,Other,MAHARASHTRA,Safe (10-20%),National,NDA
Maharashtra,THANE,3042420,NARESH GANPAT MHASKE,0,1,1,1,0.0,0.0,0,,1.0,1.0,THANE,Maharashtra,THANE,GEN,RAJAN BABURAO VICHARE,M,SHS,740969.0,1170518.0,2370903.0,49.37,63.3,412145.0,35.21,2.08,State-based Party,2.0,True,True,12th Pass,Business,MAHARASHTRA,Very Safe (>20%),Regional,Other
Maharashtra,WARDHA,3042421,AMAR SHARADRAO KALE,0,97,41,1,92150310.0,0.0,1,Normal/Others,0.024390243902439025,0.422680412371134,WARDHA,Maharashtra,WARDHA,GEN,Ramdas Chandrabhanji Tadas,M,BJP,578364.0,1072570.0,1743283.0,61.53,53.92,187191.0,17.45,2.38,National Party,2.0,True,True,10th Pass,Business,MAHARASHTRA,Safe (10-20%),National,NDA
Maharashtra,YAVATMAL-WASHIM,3044176,Sanjay Uttamrao Deshmukh,7,114,26,8,92760230.0,4800434.0,3,Normal/Others|Repair and Renovation|Trust and Society,0.3076923076923077,0.22807017543859648,YAVATMAL WASHIM,Maharashtra,YAVATMAL-WASHIM,GEN,Bhavana Pundlikrao Gawali,F,SHS,542098.0,1174220.0,1916185.0,61.28,46.17,117939.0,10.04,2.86,State-based Party,5.0,True,True,Graduate,Business,MAHARASHTRA,Safe (10-20%),Regional,Other
Manipur,INNER MANIPUR,3044252,ANGOMCHA BIMOL AKOIJAM,2,38,36,3,177472992.0,2300989.0,1,Normal/Others,0.08333333333333333,0.9473684210526315,INNER MANIPUR,Manipur,INNER MANIPUR,GEN,DR RAJKUMAR RANJAN SINGH,M,BJP,263632.0,759301.0,937464.0,81.0,34.72,17755.0,2.34,3.85,National Party,1.0,False,True,Doctorate,Business,MANIPUR,Very Close (<5%),National,NDA
Manipur,OUTER MANIPUR(ST),3044251,ALFRED KANNGAM S ARTHUR,13,34,32,14,190303926.0,24751963.0,2,Repair and Renovation|Normal/Others,0.4375,0.9411764705882353,OUTER MANIPUR,Manipur,OUTER MANIPUR,ST,Lorho S. Pfoze,M,NPF,363527.0,858029.0,1022099.0,83.95,42.37,73782.0,8.6,3.12,State-based Party,1.0,False,False,Graduate Professional,Small Business or Self-employed,MANIPUR,Close (5-10%),Regional,NDA
Meghalaya,SHILLONG,3042422,ANDREW J. SYNGKON,62,242,226,63,188750000.0,22649000.0,3,Normal/Others|Trust and Society|Repair and Renovation,0.27876106194690264,0.9338842975206612,SHILLONG,Meghalaya,SHILLONG,ST,VINCENT H. PALA,M,INC,419689.0,784190.0,1197806.0,65.47,53.52,152433.0,19.44,2.38,National Party,3.0,True,True,Graduate Professional,Politics,MEGHALAYA,Safe (10-20%),National,UPA
Meghalaya,TURA,3042794,SALENG A SANGMA,49,217,212,50,191750000.0,27450000.0,2,Normal/Others|Repair and Renovation,0.2358490566037736,0.9769585253456221,TURA,Meghalaya,TURA,ST,AGATHA K. SANGMA,F,NPEP,304455.0,583041.0,716990.0,81.32,52.22,64030.0,10.98,2.27,State-based Party,2.0,False,False,Post Graduate,Politics,MEGHALAYA,Safe (10-20%),Regional,Other
Mizoram,MIZORAM (ST),3042423,RICHARD VANLALHMANGAIHA,24,175,170,25,197448458.0,14100000.0,4,Normal/Others|Bar and Associations|Repair and Renovation|Trust and Society,0.14705882352941177,0.9714285714285714,MIZORAM,Mizoram,MIZORAM,ST,C LALROSANGA,M,MNF,224286.0,499621.0,792464.0,63.05,44.89,8140.0,1.63,2.56,State-based Party,1.0,False,False,Graduate,Retired or Pension,MIZORAM,Very Close (<5%),Regional,Other
Nagaland,NAGALAND,3045278,S SUPONGMEREN JAMIR,37,40,40,38,196000000.0,88300000.0,1,Normal/Others,0.95,1.0,NAGALAND,Nagaland,NAGALAND,GEN,Tokheho Yepthomi,M,NDPP,500510.0,1006357.0,1213777.0,82.91,49.73,16344.0,1.62,2.08,Local Party,2.0,True,True,Graduate,Politics,NAGALAND,Very Close (<5%),Regional,NDA
Odisha,ASKA,3043719,ANITA SUBHADARSHINI,13,141,141,14,99400000.0,5200000.0,2,Normal/Others|Repair and Renovation,0.09929078014184398,1.0,ASKA,Odisha,ASKA,GEN,Pramila Bisoyi,F,BJD,552749.0,1013862.0,1541145.0,65.79,54.52,204707.0,20.19,2.38,State-based Party,1.0,False,False,5th Pass,Agriculture,ODISHA,Very Safe (>20%),Regional,Other
Odisha,BALASORE,3018389,Pratap Chandra Sarangi,0,51,12,1,19191000.0,0.0,3,Normal/Others|Trust and Society|Repair and Renovation,0.08333333333333333,0.23529411764705882,BALASORE,Odisha,BALASORE,GEN,PRATAP CHANDRA SARANGI,M,BJP,483858.0,1157871.0,1531781.0,75.59,41.79,12956.0,1.12,2.78,National Party,1.0,False,True,Graduate,Social Work,ODISHA,Very Close (<5%),National,NDA
Odisha,BARGARH,3042424,PRADEEP PUROHIT,29,232,188,30,168642200.0,10021100.0,2,Repair and Renovation|Normal/Others,0.1595744680851064,0.8103448275862069,BARGARH,Odisha,BARGARH,GEN,Suresh Pujari,M,BJP,581245.0,1247912.0,1596290.0,78.18,46.58,63939.0,5.12,2.5,National Party,1.0,False,True,Post Graduate,Liberal Profession or Professional,ODISHA,Close (5-10%),National,NDA
Odisha,BERHAMPUR,3042425,DR. PRADEEP KUMAR PANIGRAHY,0,70,1,1,28150000.0,0.0,2,Normal/Others|Repair and Renovation,1.0,0.014285714285714285,BERHAMPUR,Odisha,BERHAMPUR,GEN,CHANDRA SEKHAR SAHU,M,BJD,443843.0,989910.0,1502455.0,65.89,44.84,94844.0,9.58,2.94,State-based Party,2.0,False,True,10th Pass,Social Work,ODISHA,Close (5-10%),Regional,Other
Odisha,BHADRAK(SC),3042795,AVIMANYU SETHI,12,272,205,13,144707000.0,4800000.0,3,Normal/Others|Repair and Renovation|Trust and Society,0.06341463414634146,0.7536764705882353,BHADRAK,Odisha,BHADRAK,SC,MANJULATA MANDAL,F,BJD,513045.0,1225156.0,1661661.0,73.73,41.88,28791.0,2.35,2.7,State-based Party,1.0,False,False,Graduate,Business,ODISHA,Very Close (<5%),Regional,Other
Odisha,BHUBANESWAR,3017373,Smt Aparajita Sarangi,19,275,199,20,167250000.0,3000000.0,1,Normal/Others,0.10050251256281408,0.7236363636363636,BHUBANESWAR,Odisha,BHUBANESWAR,GEN,APARAJITA SARANGI,F,BJP,486991.0,1005215.0,1699678.0,59.14,48.45,23839.0,2.37,2.27,National Party,1.0,False,False,Graduate,Former Government,ODISHA,Very Close (<5%),National,NDA
Odisha,BOLANGIR,3017438,Smt Sangeeta Kumari Singh Deo,0,229,174,1,139000000.0,0.0,3,Trust and Society|Normal/Others|Repair and Renovation,0.005747126436781609,0.759825327510917,BOLANGIR,Odisha,BOLANGIR,GEN,Sangeeta Kumari Singh Deo,F,BJP,498086.0,1306705.0,1744446.0,74.91,38.12,19516.0,1.49,3.12,National Party,4.0,False,True,Graduate,Business,ODISHA,Very Close (<5%),National,NDA
Odisha,CUTTACK,3017437,Shri Bhartruhari Mahtab,58,303,263,59,183076000.0,13175000.0,2,Normal/Others|Repair and Renovation,0.22433460076045628,0.8679867986798679,CUTTACK,Odisha,CUTTACK,GEN,BHARTRUHARI MAHTAB,M,BJD,524592.0,1059490.0,1518996.0,69.75,49.51,121201.0,11.44,2.5,State-based Party,6.0,True,True,Post Graduate,Liberal Profession or Professional,ODISHA,Safe (10-20%),Regional,Other
Odisha,DHENKANAL,3042426,RUDRA NARAYAN PANY,0,74,21,1,73219000.0,0.0,2,Normal/Others|Repair and Renovation,0.047619047619047616,0.28378378378378377,DHENKANAL,Odisha,DHENKANAL,GEN,MAHESH SAHOO,M,BJD,522884.0,1131522.0,1504403.0,75.21,46.21,35412.0,3.13,2.44,State-based Party,1.0,False,False,12th Pass,Liberal Profession or Professional,ODISHA,Very Close (<5%),Regional,Other
Odisha,JAGATSINGHPUR(SC),3042427,BIBHU PRASAD TARAI,1,240,162,2,156069176.0,199588.0,1,Normal/Others,0.012345679012345678,0.675,JAGATSINGHPUR,Odisha,JAGATSINGHPUR,SC,RAJASHREE MALLICK,F,BJD,619985.0,1229190.0,1643595.0,74.79,50.44,271655.0,22.1,2.7,State-based Party,1.0,False,False,Graduate Professional,Liberal Profession or Professional,ODISHA,Very Safe (>20%),Regional,Other
Odisha,JAJPUR(SC),3042428,RABINDRA NARAYAN BEHERA,0,141,51,1,89030000.0,0.0,4,Normal/Others|Trust and Society|Bar and Associations|Repair and Renovation,0.0196078431372549,0.3617021276595745,JAJPUR,Odisha,JAJPUR,SC,SARMISTHA SETHI,F,BJD,544020.0,1092084.0,1475007.0,74.04,49.81,101693.0,9.31,2.38,State-based Party,1.0,False,False,Post Graduate,Former Government,ODISHA,Close (5-10%),Regional,Other
Odisha,KALAHANDI,3042429,MALVIKA DEVI,93,321,215,94,159233000.0,36698000.0,1,Normal/Others,0.4372093023255814,0.6697819314641744,KALAHANDI,Odisha,KALAHANDI,GEN,BASANTA KUMAR PANDA,M,BJP,433074.0,1228292.0,1611056.0,76.24,35.26,26814.0,2.18,3.33,National Party,1.0,False,False,12th Pass,Politics,ODISHA,Very Close (<5%),National,NDA
Odisha,KANDHAMAL,3043546,SUKANTA KUMAR PANIGRAHI,47,290,257,48,163687062.0,16298531.0,2,Repair and Renovation|Normal/Others,0.1867704280155642,0.8862068965517241,KANDHAMAL,Odisha,KANDHAMAL,GEN,ACHYUTANANDA SAMANTA,M,BJD,461679.0,941985.0,1288666.0,73.1,49.01,149216.0,15.84,2.7,State-based Party,1.0,False,False,Doctorate,Politics,ODISHA,Safe (10-20%),Regional,Other
Odisha,KENDRAPARA,3042430,BAIJAYANT PANDA,7,57,38,8,135770000.0,5800000.0,1,Normal/Others,0.21052631578947367,0.6666666666666666,KENDRAPARA,Odisha,KENDRAPARA,GEN,Anubhav Mohanty,M,BJD,630179.0,1238214.0,1710916.0,72.37,50.89,153581.0,12.4,2.38,State-based Party,1.0,False,False,Graduate,Business,ODISHA,Safe (10-20%),Regional,Other
Odisha,KEONJHAR(ST),3042431,ANANTA NAYAK,4,265,167,5,159035000.0,1300000.0,2,Normal/Others|Repair and Renovation,0.029940119760479042,0.630188679245283,KEONJHAR,Odisha,KEONJHAR,ST,Chandrani Murmu,F,BJD,526359.0,1176292.0,1516688.0,77.56,44.75,66203.0,5.63,2.78,State-based Party,1.0,False,False,Graduate Professional,Social Work,ODISHA,Close (5-10%),Regional,Other
Odisha,KORAPUT(ST),3018390,Saptagiri Sankar Ulaka,103,546,248,104,251179658.0,32559829.0,1,Normal/Others,0.41935483870967744,0.4542124542124542,KORAPUT,Odisha,KORAPUT,ST,SAPTAGIRI SANKAR ULAKA,M,INC,371129.0,1080161.0,1434384.0,75.3,34.36,3613.0,0.33,3.57,National Party,1.0,False,False,Graduate Professional,Salaried Work or Employed,ODISHA,Very Close (<5%),National,UPA
Odisha,MAYURBHANJ (ST),3042432,NABA CHARAN MAJHI,18,155,99,19,154300000.0,9300000.0,2,Normal/Others|Repair and Renovation,0.1919191919191919,0.6387096774193548,MAYURBHANJ,Odisha,MAYURBHANJ,ST,BISHWESWAR TUDU,M,BJP,483812.0,1150357.0,1493205.0,77.04,42.06,25256.0,2.2,2.86,National Party,1.0,False,False,10th Pass,Social Work,ODISHA,Very Close (<5%),National,NDA
Odisha,NABARANGPUR(ST),3042433,BALABHADRA MAJHI,2,221,180,3,170500000.0,1000000.0,3,Trust and Society|Normal/Others|Repair and Renovation,0.016666666666666666,0.8144796380090498,NABARANGPUR,Odisha,NABARANGPUR,ST,RAMESH CHANDRA MAJHI,M,BJD,392504.0,1159700.0,1461004.0,79.38,33.85,41634.0,3.59,3.45,State-based Party,1.0,False,False,Graduate,Business,ODISHA,Very Close (<5%),Regional,Other
Odisha,PURI,3042434,SAMBIT PATRA,456,671,619,457,147197050.0,22638525.0,2,Normal/Others|Repair and Renovation,0.7382875605815832,0.9225037257824144,PURI,Odisha,PURI,GEN,PINAKI MISRA,M,BJD,538321.0,1135620.0,1562331.0,72.69,47.4,11714.0,1.03,2.27,State-based Party,4.0,True,True,Graduate Professional,Liberal Profession or Professional,ODISHA,Very Close (<5%),Regional,Other
Odisha,SAMBALPUR,3042435,DHARMENDRA PRADHAN,0,123,83,0,161306000.0,0.0,2,Normal/Others|Repair and Renovation,0.0,0.6747967479674797,SAMBALPUR,Odisha,SAMBALPUR,GEN,NITESH GANGA DEB,M,BJP,473770.0,1124455.0,1468530.0,76.57,42.13,9162.0,0.81,2.78,National Party,1.0,False,False,12th Pass,Politics,ODISHA,Very Close (<5%),National,NDA
Odisha,SUNDARGARH (ST),3017435,Shri Jual Oram,8,195,177,9,213266512.0,4960000.0,1,Normal/Others,0.05084745762711865,0.9076923076923077,SUNDARGARH,Odisha,SUNDARGARH,ST,Jual Oram,M,BJP,500056.0,1100129.0,1531525.0,71.83,45.45,223065.0,20.28,3.03,National Party,5.0,True,True,Others,Agriculture,ODISHA,Very Safe (>20%),National,NDA
Puducherry,Puducherry,3019122,Vaithilingam Ve,3,69,21,4,163747084.0,2724542.0,1,Normal/Others,0.19047619047619047,0.30434782608695654,PUDUCHERRY,Puducherry,PUDUCHERRY,GEN,Ve. VAITHILINGAM,M,INC,444981.0,790760.0,973410.0,81.24,56.27,197025.0,24.92,2.38,National Party,1.0,False,False,Graduate,Agriculture,PUDUCHERRY,Very Safe (>20%),National,UPA
Punjab,AMRITSAR,3017446,Shri Gurjeet Singh Aujla,74,226,208,75,169002027.0,30816662.0,2,Normal/Others|Repair and Renovation,0.3605769230769231,0.9203539823008849,AMRITSAR,Punjab,AMRITSAR,GEN,GURJEET SINGH AUJLA,M,INC,445032.0,859513.0,1507875.0,57.0,51.78,99626.0,11.59,2.33,National Party,1.0,False,False,12th Pass,Small Business or Self-employed,PUNJAB,Safe (10-20%),National,UPA
Punjab,ANANDPUR SAHIB,3042796,MALVINDER SINGH KANG,96,317,260,97,209158746.0,34511555.0,3,Normal/Others|Repair and Renovation|Trust and Society,0.3730769230769231,0.8201892744479495,ANANDPUR SAHIB,Punjab,ANANDPUR SAHIB,GEN,Manish Tewari,M,INC,428045.0,1081727.0,1698876.0,63.67,39.57,46884.0,4.33,3.33,National Party,2.0,False,False,Graduate Professional,Liberal Profession or Professional,PUNJAB,Very Close (<5%),National,UPA
Punjab,BHATINDA,3019127,Smt Harsimrat Kaur Badal,114,316,311,115,220510008.0,36428704.0,2,Normal/Others|Repair and Renovation,0.36977491961414793,0.9841772151898734,BHATINDA,,,,,,,,,,,,,,,,,,,,,,,,
Punjab,BHATINDA,3042436,HARSIMRAT KAUR BADAL,0,1,1,1,0.0,0.0,0,,1.0,1.0,BHATINDA,,,,,,,,,,,,,,,,,,,,,,,,
Punjab,FARIDKOT(SC),3042437,SARABJEET SINGH KHALSA,225,433,427,226,200939900.0,49255480.0,1,Normal/Others,0.5292740046838408,0.9861431870669746,FARIDKOT,Punjab,FARIDKOT,SC,Mohammad Sadique,M,INC,419065.0,974947.0,1541971.0,63.23,42.98,83256.0,8.54,3.23,National Party,1.0,False,False,5th Pass,Liberal Profession or Professional,PUNJAB,Close (5-10%),National,UPA
Punjab,FATEHGARH SAHIB(SC),3017445,Shri Amar Singh,47,229,205,48,151539248.0,15814427.0,3,Normal/Others|Trust and Society|Repair and Renovation,0.23414634146341465,0.8951965065502183,FATEHGARH SAHIB,Punjab,FATEHGARH SAHIB,SC,AMAR SINGH,M,INC,411651.0,985948.0,1502861.0,65.6,41.75,93898.0,9.52,3.45,National Party,1.0,False,False,Post Graduate,Former Government,PUNJAB,Close (5-10%),National,UPA
Punjab,FIROZPUR,3042438,SHER SINGH GHUBAYA,290,395,395,291,195816102.0,69204051.0,1,Normal/Others,0.7367088607594937,1.0,FIROZPUR,Punjab,FIROZPUR,GEN,SUKHBIR SINGH BADAL,M,SAD,633427.0,1172033.0,1618419.0,72.42,54.05,198850.0,16.97,2.33,State-based Party,4.0,False,False,Post Graduate,Politics,PUNJAB,Safe (10-20%),Regional,NDA
Punjab,GURDASPUR,3042439,SUKHJINDER SINGH RANDHAWA,56,282,263,57,182530394.0,8561447.0,2,Normal/Others|Trust and Society,0.21673003802281368,0.9326241134751773,GURDASPUR,Punjab,GURDASPUR,GEN,SUNNY DEOL,M,BJP,558719.0,1103887.0,1595284.0,69.2,50.61,82459.0,7.47,2.22,National Party,1.0,False,False,Others,Business,PUNJAB,Close (5-10%),National,NDA
Punjab,HOSHIARPUR(SC),3042440,DR. RAJ KUMAR CHABBEWAL,88,251,248,89,192213114.0,32310975.0,3,Normal/Others|Repair and Renovation|Trust and Society,0.3588709677419355,0.9880478087649402,HOSHIARPUR,Punjab,HOSHIARPUR,SC,SOM PARKASH,M,BJP,421320.0,990791.0,1597500.0,62.02,42.52,48530.0,4.9,2.94,National Party,1.0,False,False,Post Graduate,Former Government,PUNJAB,Very Close (<5%),National,NDA
Punjab,JALANDHAR(SC),3042441,CHARANJIT SINGH CHANNI,49,153,153,50,77648672.0,14424628.0,3,Normal/Others|Repair and Renovation|Trust and Society,0.32679738562091504,1.0,JALANDHAR,Punjab,JALANDHAR,SC,Santokh Singh Chaudhary,M,INC,385712.0,1018998.0,1617018.0,63.02,37.85,19491.0,1.91,3.23,National Party,2.0,True,True,Graduate Professional,Business,PUNJAB,Very Close (<5%),National,UPA
Punjab,LUDHIANA,3042442,AMRINDER SINGH RAJA WARRING,46,242,196,47,170139136.0,13604132.0,3,Normal/Others|Repair and Renovation|Trust and Society,0.23979591836734693,0.8099173553719008,LUDHIANA,Punjab,LUDHIANA,GEN,RAVNEET SINGH BITTU,M,INC,383795.0,1046955.0,1683325.0,62.2,36.66,76372.0,7.29,3.33,National Party,3.0,True,True,12th Pass,Agriculture,PUNJAB,Close (5-10%),National,UPA
Punjab,PATIALA,3043498,DR DHARAMVIRA GANDHI,22,329,272,23,169203144.0,5489572.0,3,Normal/Others|Repair and Renovation|Trust and Society,0.08455882352941177,0.8267477203647416,PATIALA,Punjab,PATIALA,GEN,Preneet Kaur,F,INC,532027.0,1177903.0,1739600.0,67.71,45.17,162718.0,13.81,3.12,National Party,4.0,False,True,Graduate,Business,PUNJAB,Safe (10-20%),National,UPA
Punjab,SANGRUR,3042913,GURMEET SINGH MEET HAYER,117,320,312,118,160671614.0,25583307.0,3,Repair and Renovation|Normal/Others|Trust and Society,0.3782051282051282,0.975,SANGRUR,Punjab,SANGRUR,GEN,BHAGWANT MANN,M,AAAP,413561.0,1105888.0,1529431.0,72.31,37.4,110211.0,9.97,3.57,State-based Party,2.0,True,True,12th Pass,Liberal Profession or Professional,PUNJAB,Close (5-10%),Regional,Other
Rajasthan,AJMER,3019130,Bhagirath Chaudhary,35,148,110,36,169031968.0,21701591.0,2,Normal/Others|Trust and Society,0.32727272727272727,0.7432432432432432,AJMER,Rajasthan,AJMER,GEN,Bhagirath Chaudhary,M,BJP,815076.0,1262214.0,1876346.0,67.27,64.58,416424.0,32.99,1.92,National Party,1.0,False,False,12th Pass,Business,RAJASTHAN,Very Safe (>20%),National,NDA
Rajasthan,ALWAR,3042444,BHUPENDER YADAV,15,68,61,16,178580234.0,14969724.0,3,Normal/Others|Trust and Society|Repair and Renovation,0.26229508196721313,0.8970588235294118,ALWAR,Rajasthan,ALWAR,GEN,Balak Nath,M,BJP,760201.0,1265674.0,1888524.0,67.02,60.06,329971.0,26.07,2.08,National Party,1.0,False,False,10th Pass,Other,RAJASTHAN,Very Safe (>20%),National,NDA
Rajasthan,BANSWARA(ST),3042914,RAJ KUMAR ROAT,16,89,82,17,186517784.0,14463892.0,1,Normal/Others,0.2073170731707317,0.9213483146067416,BANSWARA,Rajasthan,BANSWARA,ST,KANAKMAL KATARA,M,BJP,711709.0,1439671.0,1975368.0,72.88,49.44,305464.0,21.22,2.86,National Party,1.0,False,False,Graduate Professional,Business,RAJASTHAN,Very Safe (>20%),National,NDA
Rajasthan,BARMER,3042445,UMMEDA RAM BENIWAL,71,167,162,72,186673390.0,20148535.0,2,Normal/Others|Repair and Renovation,0.4444444444444444,0.9700598802395209,BARMER,Rajasthan,BARMER,GEN,KAILASH CHOUDHARY,M,BJP,846526.0,1422271.0,1941231.0,73.27,59.52,323808.0,22.77,2.04,National Party,1.0,False,False,Graduate,Politics,RAJASTHAN,Very Safe (>20%),National,NDA
Rajasthan,BHARATPUR(SC),3042446,SANJNA JATAV,41,200,145,42,174829016.2,21154478.0,2,Normal/Others|Trust and Society,0.2896551724137931,0.725,BHARATPUR,Rajasthan,BHARATPUR,SC,RANJEETA KOLI,F,BJP,707992.0,1146797.0,1943794.0,59.0,61.74,318399.0,27.76,2.0,National Party,1.0,False,False,8th Pass,Other,RAJASTHAN,Very Safe (>20%),National,NDA
Rajasthan,BHILWARA,3042447,DAMODAR AGARWAL,44,223,200,45,179054476.0,16472743.0,3,Normal/Others|Repair and Renovation|Trust and Society,0.225,0.8968609865470852,BHILWARA,Rajasthan,BHILWARA,GEN,SUBHASH CHANDRA BAHERIA,M,BJP,938160.0,1310513.0,1997328.0,65.61,71.59,612000.0,46.7,1.75,National Party,3.0,True,True,Graduate,Small Business or Self-employed,RAJASTHAN,Very Safe (>20%),National,NDA
Rajasthan,BIKANER(SC),3017449,Shri Arjun Ram Meghwal,7,59,52,8,138079672.0,8616246.0,2,Normal/Others|Trust and Society,0.15384615384615385,0.8813559322033898,BIKANER,Rajasthan,BIKANER (SC),SC,ARJUN RAM MEGHWAL,M,BJP,657743.0,1099598.0,1851628.0,59.39,59.82,264081.0,24.02,2.04,National Party,3.0,True,True,Post Graduate,Business,RAJASTHAN,Very Safe (>20%),National,NDA
Rajasthan,CHITTORGARH,3019131,Chandra Prakash Joshi,8,19,16,9,16937246.0,2191123.0,1,Normal/Others,0.5625,0.8421052631578947,CHITTORGARH,Rajasthan,CHITTORGARH,GEN,Chandra Prakash Joshi,M,BJP,982942.0,1458760.0,2015911.0,72.36,67.38,576247.0,39.5,1.89,National Party,2.0,True,True,Graduate,Politics,RAJASTHAN,Very Safe (>20%),National,NDA
Rajasthan,CHURU,3019139,Rahul Kaswan,14,118,110,15,188964504.0,7989975.0,1,Normal/Others,0.13636363636363635,0.9322033898305084,CHURU,Rajasthan,CHURU,GEN,RAHUL KASWAN,M,BJP,792999.0,1328422.0,2019104.0,65.79,59.69,334402.0,25.17,2.08,National Party,2.0,True,True,Graduate,Agriculture,RAJASTHAN,Very Safe (>20%),National,NDA
Rajasthan,DAUSA(ST),3042448,MURARI LAL MEENA,3,79,48,4,89799530.0,2935564.0,2,Normal/Others|Trust and Society,0.08333333333333333,0.6075949367088608,DAUSA,Rajasthan,DAUSA,ST,Jaskaur Meena,F,BJP,548733.0,1062834.0,1730289.0,61.43,51.63,78444.0,7.38,2.13,National Party,2.0,False,False,Post Graduate,Business,RAJASTHAN,Close (5-10%),National,NDA
Rajasthan,GANGANAGAR(SC),3042449,KULDEEP INDORA,1,64,51,2,86712752.0,599294.0,2,Normal/Others|Repair and Renovation,0.0392156862745098,0.796875,GANGANAGAR,Rajasthan,GANGANAGAR,SC,NIHAL CHAND,M,BJP,897177.0,1451765.0,1943486.0,74.7,61.8,406978.0,28.03,2.04,National Party,5.0,True,True,Graduate,Politics,RAJASTHAN,Very Safe (>20%),National,NDA
Rajasthan,JAIPUR,3042450,MANJU SHARMA,4,56,33,5,119830538.0,3337573.0,3,Normal/Others|Trust and Society|Repair and Renovation,0.15151515151515152,0.5892857142857143,JAIPUR,Rajasthan,JAIPUR,GEN,Ramcharan Bohra,M,BJP,924065.0,1456404.0,2127021.0,68.47,63.45,430626.0,29.57,1.96,National Party,2.0,True,True,12th Pass,Business,RAJASTHAN,Very Safe (>20%),National,NDA
Rajasthan,JAIPUR RURAL,3044260,Rao Rajendra Singh,8,75,24,9,65170428.0,5180214.0,1,Normal/Others,0.375,0.32,JAIPUR RURAL,Rajasthan,JAIPUR RURAL,GEN,COL. RAJYAVARDHAN RATHORE,M,BJP,820132.0,1276693.0,1952542.0,65.39,64.24,393171.0,30.8,1.92,National Party,2.0,True,True,Graduate,Liberal Profession or Professional,RAJASTHAN,Very Safe (>20%),National,NDA
Rajasthan,JALORE,3042451,LUMBARAM,50,160,139,51,148356232.0,24155939.0,2,Normal/Others|Repair and Renovation,0.3669064748201439,0.86875,JALORE,Rajasthan,JALORE,GEN,Devaji Patel,M,BJP,772833.0,1361619.0,2071244.0,65.74,56.76,261110.0,19.18,2.17,National Party,3.0,True,True,10th Pass,Politics,RAJASTHAN,Safe (10-20%),National,NDA
Rajasthan,JHALAWAR-BARAN,3019133,Dushyant Singh,0,6,5,1,14899866.0,0.0,1,Normal/Others,0.2,0.8333333333333334,JHALAWAR BARAN,Rajasthan,JHALAWAR-BARAN,GEN,DUSHYANT SINGH,M,BJP,887400.0,1369868.0,1903870.0,71.95,64.78,453928.0,33.14,1.92,National Party,4.0,True,True,Post Graduate,Business,RAJASTHAN,Very Safe (>20%),National,NDA
Rajasthan,JHUNJHUNU,3042452,BRIJENDRA SINGH OLA,73,156,144,74,149900960.0,34974765.0,2,Normal/Others|Repair and Renovation,0.5138888888888888,0.9230769230769231,JHUNJHUNU,Rajasthan,JHUNJHUNU,GEN,NARENDRA KUMAR,M,BJP,738163.0,1198927.0,1937882.0,61.87,61.57,302547.0,25.23,1.96,National Party,1.0,False,False,Graduate,Politics,RAJASTHAN,Very Safe (>20%),National,NDA
Rajasthan,JODHPUR,3019134,Gajendra Singh Shekhawat,0,5,4,1,13880000.0,0.0,1,Normal/Others,0.25,0.8,JODHPUR,Rajasthan,JODHPUR,GEN,Gajendra Singh Shekhawat,M,BJP,788888.0,1346243.0,1956755.0,68.8,58.6,274440.0,20.39,2.04,National Party,2.0,True,True,Post Graduate,Politics,RAJASTHAN,Very Safe (>20%),National,NDA
Rajasthan,KARAULI-DHOLPUR(SC),3042453,BHAJAN LAL JATAV,5,43,27,6,48542684.0,3496948.0,2,Normal/Others|Repair and Renovation,0.2222222222222222,0.627906976744186,KARAULI DHOLPUR,Rajasthan,KARAULI-DHOLPUR,SC,MANOJ RAJORIA,M,BJP,526443.0,998044.0,1810574.0,55.12,52.75,97682.0,9.79,2.17,National Party,2.0,True,True,Post Graduate,Business,RAJASTHAN,Close (5-10%),National,NDA
Rajasthan,KOTA,3019138,Om Birla,9,53,45,10,81348986.0,8173714.0,2,Normal/Others|Repair and Renovation,0.2222222222222222,0.8490566037735849,KOTA,Rajasthan,KOTA,GEN,OM BIRLA,M,BJP,800051.0,1367034.0,1948010.0,70.18,58.52,279677.0,20.46,2.08,National Party,2.0,True,True,Post Graduate,Politics,RAJASTHAN,Very Safe (>20%),National,NDA
Rajasthan,NAGAUR,3017451,Shri Hanuman Beniwal,156,251,217,157,171633264.0,35900632.0,2,Normal/Others|Repair and Renovation,0.7235023041474654,0.8645418326693227,NAGAUR,Rajasthan,NAGAUR,GEN,HANUMAN BENIWAL,M,RLTP,660051.0,1203124.0,1933169.0,62.24,54.86,181260.0,15.07,2.17,Local Party,1.0,False,True,Graduate Professional,Politics,RAJASTHAN,Safe (10-20%),Regional,NDA
Rajasthan,PALI,3017454,Shri PP Chaudhary,5,35,33,6,51009348.0,2897674.0,1,Normal/Others,0.18181818181818182,0.9428571428571428,PALI,Rajasthan,PALI,GEN,P. P. CHAUDHARY,M,BJP,900149.0,1359799.0,2161663.0,62.91,66.2,481597.0,35.42,1.89,National Party,2.0,True,True,Graduate Professional,Politics,RAJASTHAN,Very Safe (>20%),National,NDA
Rajasthan,RAJSAMAND,3042454,MAHIMA KUMARI MEWAR,9,107,73,10,151445360.0,7472680.0,3,Normal/Others|Repair and Renovation|Trust and Society,0.136986301369863,0.6822429906542056,RAJSAMAND,Rajasthan,RAJSAMAND,GEN,Diya Kumari,F,BJP,863039.0,1239845.0,1912911.0,64.81,69.61,551916.0,44.51,1.85,National Party,1.0,False,False,Others,Business,RAJASTHAN,Very Safe (>20%),National,NDA
Rajasthan,SIKAR,3042455,AMRARAM,32,142,127,33,137125568.0,16782532.0,2,Normal/Others|Repair and Renovation,0.25984251968503935,0.8943661971830986,SIKAR,Rajasthan,SIKAR,GEN,Sumedhanand Saraswati,M,BJP,772104.0,1326969.0,2041612.0,65.0,58.19,297156.0,22.39,2.13,National Party,2.0,True,True,Post Graduate,Business,RAJASTHAN,Very Safe (>20%),National,NDA
Rajasthan,TONK-SAWAI MADHOPUR,3042456,HARISH CHANDRA MEENA,0,1,1,1,0.0,0.0,0,,1.0,1.0,TONK SAWAI MADHOPUR,Rajasthan,TONK-SAWAI MADHOPUR,GEN,Sukhbir Singh Jaunapuria,M,BJP,644319.0,1233458.0,1945992.0,63.38,52.24,111291.0,9.02,2.17,National Party,2.0,True,True,12th Pass,Business,RAJASTHAN,Close (5-10%),National,NDA
Rajasthan,UDAIPUR(ST),3042457,MANNA LAL RAWAT,19,176,117,20,113870982.0,19350193.0,2,Normal/Others|Trust and Society,0.17094017094017094,0.6647727272727273,UDAIPUR,Rajasthan,UDAIPUR,ST,ARJUNLAL MEENA,M,BJP,871548.0,1454518.0,2069559.0,70.28,59.92,437914.0,30.11,2.22,National Party,2.0,True,True,Post Graduate,Former Government,RAJASTHAN,Very Safe (>20%),National,NDA
Sikkim,SIKKIM,3017174,Indra Hang Subba,10,69,62,11,203609852.0,24376926.0,2,Normal/Others|Repair and Renovation,0.1774193548387097,0.8985507246376812,SIKKIM,Sikkim,SIKKIM,GEN,INDRA HANG SUBBA,M,SKM,166922.0,351746.0,434128.0,81.02,47.46,12433.0,3.53,2.38,Local Party,1.0,False,False,Post Graduate,Social Work,SIKKIM,Very Close (<5%),Regional,NDA
Tamil Nadu,ARAKKONAM,3017175,S. Jagathrakshakan,11,149,44,12,166724348.0,10446924.0,1,Normal/Others,0.2727272727272727,0.2953020134228188,ARAKKONAM,Tamil_Nadu,ARAKKONAM,GEN,S. JAGATHRAKSHAKAN,M,DMK,672190.0,1178060.0,1500016.0,78.54,57.06,328956.0,27.92,2.44,State-based Party,4.0,False,True,10th Pass,Business,TAMIL NADU,Very Safe (>20%),Regional,UPA
Tamil Nadu,ARANI,3042458,THARANIVENTHAN M S,159,224,210,160,232259316.0,79154658.0,1,Normal/Others,0.7619047619047619,0.9375,ARANI,Tamil_Nadu,ARANI,GEN,VISHNU PRASAD M K,M,INC,617760.0,1143907.0,1449150.0,78.94,54.0,230806.0,20.18,2.5,National Party,1.0,False,True,Graduate Professional,Business,TAMIL NADU,Very Safe (>20%),National,UPA
Tamil Nadu,CHENNAI CENTRAL,3017455,Thiru Dayanidhi Maran,0,12,5,1,107000000.0,0.0,1,Normal/Others,0.2,0.4166666666666667,CHENNAI CENTRAL,Tamil_Nadu,CHENNAI CENTRAL,GEN,DAYANIDHI MARAN,M,DMK,448911.0,785450.0,1332300.0,58.95,57.15,301520.0,38.39,2.63,State-based Party,3.0,False,True,Graduate,Salaried Work or Employed,TAMIL NADU,Very Safe (>20%),Regional,UPA
Tamil Nadu,CHENNAI NORTH,3019643,Kalanidhi Veeraswamy,7,75,61,8,221865088.0,6899544.0,1,Normal/Others,0.13114754098360656,0.8133333333333334,CHENNAI NORTH,Tamil_Nadu,CHENNAI NORTH,GEN,Dr. KALANIDHI VEERASWAMY,M,DMK,590986.0,955545.0,1487681.0,64.23,61.85,461518.0,48.3,2.44,State-based Party,1.0,False,False,Post Graduate,Liberal Profession or Professional,TAMIL NADU,Very Safe (>20%),Regional,UPA
Tamil Nadu,CHENNAI SOUTH,3018396,T Sumathy (A) Thamizhachi Thangapandian,1,29,24,2,158206232.0,1295616.0,2,Normal/Others|Repair and Renovation,0.08333333333333333,0.8275862068965517,CHENNAI SOUTH,Tamil_Nadu,CHENNAI SOUTH,GEN,T.SUMATHY (A) THAMIZHACHI THANGAPANDIAN,F,DMK,564872.0,1125857.0,1973533.0,57.05,50.17,262223.0,23.29,3.03,State-based Party,1.0,False,False,Doctorate,Liberal Profession or Professional,TAMIL NADU,Very Safe (>20%),Regional,UPA
Tamil Nadu,CHIDAMBARAM(SC),3019167,Thirumaa Valavan Thol,20,82,62,21,168690014.0,17794007.0,2,Normal/Others|Repair and Renovation,0.3387096774193548,0.7560975609756098,CHIDAMBARAM,Tamil_Nadu,CHIDAMBARAM,SC,THIRUMAAVALAVAN THOL,M,VCK,500229.0,1153192.0,1480222.0,77.91,43.38,3219.0,0.28,2.63,Local Party,2.0,False,True,Doctorate,Politics,TAMIL NADU,Very Close (<5%),Regional,UPA
Tamil Nadu,COIMBATORE,3042459,GANAPATHY RAJKUMAR P,3,68,36,4,132743323.0,2499965.0,1,Normal/Others,0.1111111111111111,0.5294117647058824,COIMBATORE,Tamil_Nadu,COIMBATORE,GEN,NATARAJAN. P.R,M,CPM,571150.0,1250885.0,1958904.0,63.86,45.66,179143.0,14.32,3.12,National Party,2.0,False,True,12th Pass,Social Work,TAMIL NADU,Safe (10-20%),National,Other
Tamil Nadu,CUDDALORE,3042460,M.K. VISHNUPRASAD,57,107,101,58,181913916.0,48191958.0,1,Normal/Others,0.5742574257425742,0.9439252336448598,CUDDALORE,Tamil_Nadu,CUDDALORE,GEN,T. R. V .S. RAMESH,M,DMK,522160.0,1043202.0,1364038.0,76.48,50.05,143983.0,13.8,2.63,State-based Party,1.0,False,False,Graduate Professional,Business,TAMIL NADU,Safe (10-20%),Regional,UPA
Tamil Nadu,DHARAMAPURI,3042461,MANI. A.,43,199,197,44,229438256.0,24195908.0,1,Normal/Others,0.2233502538071066,0.9899497487437185,DHARAMAPURI,,,,,,,,,,,,,,,,,,,,,,,,
Tamil Nadu,DINDIGUL,3042462,SACHITHANANTHAM R,27,81,79,28,191496678.0,32758339.0,1,Normal/Others,0.35443037974683544,0.9753086419753086,DINDIGUL,Tamil_Nadu,DINDIGUL,GEN,"VELUSAMY, P.",M,DMK,746523.0,1160046.0,1541881.0,75.24,64.35,538972.0,46.46,2.27,State-based Party,1.0,False,False,Illiterate,Business,TAMIL NADU,Very Safe (>20%),Regional,UPA
Tamil Nadu,ERODE,3042463,K E PRAKASH,125,157,150,126,183338448.0,64264224.0,2,Normal/Others|Repair and Renovation,0.84,0.9554140127388535,ERODE,Tamil_Nadu,ERODE,GEN,GANESHAMURTHI A,M,DMK,563591.0,1067863.0,1462246.0,73.03,52.78,210618.0,19.72,2.56,State-based Party,3.0,False,True,Graduate,Agriculture,TAMIL NADU,Safe (10-20%),Regional,UPA
Tamil Nadu,KALLAKURICHI,3042464,MALAIYARASAN D,187,210,198,188,247046510.0,114273255.0,2,Normal/Others|Repair and Renovation,0.9494949494949495,0.9428571428571428,KALLAKURICHI,Tamil_Nadu,KALLAKURICHI,GEN,Gautham Sigamani Pon,M,DMK,721713.0,1204375.0,1528938.0,78.77,59.92,399919.0,33.21,2.33,State-based Party,1.0,False,False,Post Graduate,Liberal Profession or Professional,TAMIL NADU,Very Safe (>20%),Regional,UPA
Tamil Nadu,KANCHEEPURAM(SC),3019154,Ganesan Selvam,78,303,279,79,239329920.0,36952960.0,2,Normal/Others|Bar and Associations,0.2831541218637993,0.9207920792079208,KANCHEEPURAM,Tamil_Nadu,KANCHEEPURAM,SC,Selvam.G,M,DMK,684004.0,1237612.0,1643992.0,75.28,55.27,286632.0,23.16,2.44,State-based Party,1.0,False,True,Post Graduate,Agriculture,TAMIL NADU,Very Safe (>20%),Regional,UPA
Tamil Nadu,KANNIYAKUMARI,3017458,Shri vijayakumar Vasanth,24,104,56,25,182852879.0,17995461.0,1,Normal/Others,0.44642857142857145,0.5384615384615384,KANNIYAKUMARI,Tamil_Nadu,KANNIYAKUMARI,GEN,Vasanthakumar. H,M,INC,627235.0,1048377.0,1501250.0,69.83,59.83,259933.0,24.79,2.08,National Party,1.0,False,True,Post Graduate,Business,TAMIL NADU,Very Safe (>20%),National,UPA
Tamil Nadu,KANNIYAKUMARI,3042465,VIJAYAKUMAR,0,1,1,1,0.0,0.0,0,,1.0,1.0,KANNIYAKUMARI,Tamil_Nadu,KANNIYAKUMARI,GEN,Vasanthakumar. H,M,INC,627235.0,1048377.0,1501250.0,69.83,59.83,259933.0,24.79,2.08,National Party,1.0,False,True,Post Graduate,Business,TAMIL NADU,Very Safe (>20%),National,UPA
Tamil Nadu,KARUR,3019169,Smt S Jothimani,53,145,115,54,174343670.0,21508675.0,1,Normal/Others,0.46956521739130436,0.7931034482758621,KARUR,Tamil_Nadu,KARUR,GEN,Jothimani S,F,INC,695697.0,1103165.0,1387286.0,79.52,63.06,420546.0,38.12,2.17,National Party,1.0,False,True,Post Graduate,Liberal Profession or Professional,TAMIL NADU,Very Safe (>20%),National,UPA
Tamil Nadu,KRISHNAGIRI,3042466,GOPINATH K,5,119,51,6,151346260.0,4403630.0,1,Normal/Others,0.11764705882352941,0.42857142857142855,KRISHNAGIRI,Tamil_Nadu,KRISHNAGIRI,GEN,Dr.A.CHELLAKUMAR,M,INC,611298.0,1161369.0,1530404.0,75.89,52.64,156765.0,13.5,2.33,National Party,1.0,False,True,Post Graduate,Business,TAMIL NADU,Safe (10-20%),National,UPA
Tamil Nadu,MADURAI,3019162,S Venkatesan,26,125,101,27,144746880.0,15340490.0,1,Normal/Others,0.26732673267326734,0.808,MADURAI,Tamil_Nadu,MADURAI,GEN,VENKATESAN S,M,CPM,447075.0,1016026.0,1539026.0,66.02,44.0,139395.0,13.72,3.33,National Party,1.0,False,False,12th Pass,Liberal Profession or Professional,TAMIL NADU,Safe (10-20%),National,Other
Tamil Nadu,MAYILADUTHURAI,3044147,SUDHA R,7,151,72,8,146652000.0,4898000.0,1,Normal/Others,0.1111111111111111,0.4768211920529801,MAYILADUTHURAI,Tamil_Nadu,MAYILADUTHURAI,GEN,RAMALINGAM. S,M,DMK,599292.0,1097243.0,1484842.0,73.9,54.62,261314.0,23.82,2.56,State-based Party,1.0,False,False,Graduate,Agriculture,TAMIL NADU,Very Safe (>20%),Regional,UPA
Tamil Nadu,NAGAPATTINAM(SC),3044992,SELVARAJ V,24,74,56,25,148941726.0,15365363.0,1,Normal/Others,0.44642857142857145,0.7567567567567568,NAGAPATTINAM,Tamil_Nadu,NAGAPATTINAM,SC,SELVARAJ M,M,CPI,522892.0,1002208.0,1303649.0,76.88,52.17,211353.0,21.09,2.7,State-based Party (Other State),1.0,False,False,12th Pass,Social Work,TAMIL NADU,Very Safe (>20%),Regional,Other
Tamil Nadu,NAMAKKAL,3045569,V S Matheswaran,96,176,169,97,220986324.0,65707162.0,1,Normal/Others,0.5739644970414202,0.9602272727272727,NAMAKKAL,Tamil_Nadu,NAMAKKAL,GEN,CHINRAJ A.K.P,M,DMK,626293.0,1133774.0,1413599.0,80.2,55.24,265151.0,23.39,2.44,State-based Party,1.0,False,False,Graduate,Business,TAMIL NADU,Very Safe (>20%),Regional,UPA
Tamil Nadu,NILGIRIS(SC),3019151,Andimuthu Raja,43,116,79,44,159290546.0,30902773.0,1,Normal/Others,0.5569620253164557,0.6810344827586207,NILGIRIS,Tamil_Nadu,NILGIRIS,SC,"RAJA, A.",M,DMK,547832.0,1010719.0,1366060.0,73.99,54.2,205823.0,20.36,2.5,State-based Party,5.0,False,True,Graduate Professional,Liberal Profession or Professional,TAMIL NADU,Very Safe (>20%),Regional,UPA
Tamil Nadu,PERAMBALUR,3042467,ARUN NEHRU,18,72,60,19,174849934.0,31446467.0,1,Normal/Others,0.31666666666666665,0.8333333333333334,PERAMBALUR,Tamil_Nadu,PERAMBALUR,GEN,"Dr.PAARIVENDHAR, T. R",M,DMK,683697.0,1102767.0,1391853.0,79.23,62.0,403518.0,36.59,2.27,State-based Party,1.0,False,True,Post Graduate,Education,TAMIL NADU,Very Safe (>20%),Regional,UPA
Tamil Nadu,POLLACHI,3042468,ESWARASAMY K,16,81,51,17,148693742.0,12871871.0,1,Normal/Others,0.3333333333333333,0.6296296296296297,POLLACHI,Tamil_Nadu,POLLACHI,GEN,SHANMUGA SUNDARAM. K,M,DMK,554230.0,1081875.0,1520504.0,71.15,51.23,175883.0,16.26,2.63,State-based Party,1.0,False,False,Graduate Professional,Business,TAMIL NADU,Safe (10-20%),Regional,UPA
Tamil Nadu,RAMANATHAPURAM,3019157,Kani K Navas,19,102,71,20,109220100.0,11110050.0,1,Normal/Others,0.28169014084507044,0.696078431372549,RAMANATHAPURAM,Tamil_Nadu,RAMANATHAPURAM,GEN,K. NAVASKANI,M,IUML,469943.0,1066146.0,1559740.0,68.35,44.08,127122.0,11.92,3.23,State-based Party (Other State),1.0,False,False,,Other,TAMIL NADU,Safe (10-20%),Regional,UPA
Tamil Nadu,RAMANATHAPURAM,3042469,NAVASKANI K,0,1,1,1,0.0,0.0,0,,1.0,1.0,RAMANATHAPURAM,Tamil_Nadu,RAMANATHAPURAM,GEN,K. NAVASKANI,M,IUML,469943.0,1066146.0,1559740.0,68.35,44.08,127122.0,11.92,3.23,State-based Party (Other State),1.0,False,False,,Other,TAMIL NADU,Safe (10-20%),Regional,UPA
Tamil Nadu,SALEM,3042470,SELVAGANAPATHI T M,0,18,1,1,35380025.5,0.0,1,Normal/Others,1.0,0.05555555555555555,SALEM,Tamil_Nadu,SALEM,GEN,PARTHIBAN.S.R,M,DMK,606302.0,1255459.0,1612512.0,77.86,48.29,146926.0,11.7,2.78,State-based Party,1.0,False,False,Graduate Professional,Liberal Profession or Professional,TAMIL NADU,Safe (10-20%),Regional,UPA
Tamil Nadu,SIVAGANGA,3017457,Shri Karti P Chidambaram,92,151,132,93,203956698.0,58288349.0,1,Normal/Others,0.7045454545454546,0.8741721854304636,SIVAGANGA,Tamil_Nadu,SIVAGANGA,GEN,KARTI P CHIDAMBARAM,M,INC,566104.0,1084468.0,1552019.0,69.87,52.2,332244.0,30.64,3.03,National Party,1.0,False,True,Graduate Professional,Business,TAMIL NADU,Very Safe (>20%),National,UPA
Tamil Nadu,SRIPERUMBUDUR,3019166,Thalikkottai Rajuthevar Baalu,20,128,85,21,235312162.0,24541181.0,1,Normal/Others,0.24705882352941178,0.6640625,SRIPERUMBUDUR,Tamil_Nadu,SRIPERUMBUDUR,GEN,Baalu.T.R.,M,DMK,793281.0,1406782.0,2253448.0,62.43,56.39,507955.0,36.11,2.7,State-based Party,6.0,False,True,Graduate,Social Work,TAMIL NADU,Very Safe (>20%),Regional,UPA
Tamil Nadu,TENKASI(SC),3042471,DR RANI SRI KUMAR,91,128,110,92,193701522.0,81543261.0,1,Normal/Others,0.8363636363636363,0.859375,TENKASI,Tamil_Nadu,TENKASI,SC,DHANUSH.M.KUMAR,M,DMK,476156.0,1065088.0,1492317.0,71.37,44.71,120767.0,11.34,3.12,State-based Party,1.0,False,False,Post Graduate,Agriculture,TAMIL NADU,Safe (10-20%),Regional,UPA
Tamil Nadu,THANJAVUR,3042472,MURASOLI S,27,67,67,28,194922224.0,40997512.0,1,Normal/Others,0.417910447761194,1.0,THANJAVUR,Tamil_Nadu,THANJAVUR,GEN,"PALANIMANICKAM,S.S.",M,DMK,588978.0,1059223.0,1461052.0,72.5,55.6,368129.0,34.75,2.78,State-based Party,6.0,False,False,Graduate Professional,Agriculture,TAMIL NADU,Very Safe (>20%),Regional,UPA
Tamil Nadu,THENI,3042473,THANGA TAMILSELVAN,1,86,33,2,128822782.0,998891.0,2,Normal/Others|Repair and Renovation,0.06060606060606061,0.38372093023255816,THENI,Tamil_Nadu,THENI,GEN,"RAVEENDRANATH KUMAR, P",M,ADMK,504813.0,1173489.0,1561040.0,75.17,43.02,76693.0,6.54,2.94,State-based Party,1.0,False,False,Post Graduate,Business,TAMIL NADU,Close (5-10%),Regional,Other
Tamil Nadu,THOOTHUKKUDI,3018395,Kanimozhi Karunanidhi,2,42,22,3,153497568.0,2698784.0,1,Normal/Others,0.13636363636363635,0.5238095238095238,THOOTHUKKUDI,Tamil_Nadu,THOOTHUKKUDI,GEN,KANIMOZHI KARUNANIDHI,F,DMK,563143.0,991263.0,1427783.0,69.43,56.81,347209.0,35.03,2.63,State-based Party,1.0,False,False,Graduate Professional,Social Work,TAMIL NADU,Very Safe (>20%),Regional,UPA
Tamil Nadu,TIRUCHIRAPPALLI,3042797,DURAI VAIKO,39,79,58,40,154038686.0,36996843.0,1,Normal/Others,0.6896551724137931,0.7341772151898734,TIRUCHIRAPPALLI,Tamil_Nadu,TIRUCHIRAPPALLI,GEN,Thirunavukkarasar. SU,M,INC,621285.0,1048062.0,1508963.0,69.46,59.28,459286.0,43.82,2.63,National Party,2.0,False,True,Post Graduate,Liberal Profession or Professional,TAMIL NADU,Very Safe (>20%),National,UPA
Tamil Nadu,TIRUNELVELI,3042474,ROBERT BRUCE C,14,109,65,15,144978626.0,17318285.0,1,Normal/Others,0.23076923076923078,0.5963302752293578,TIRUNELVELI,Tamil_Nadu,TIRUNELVELI,GEN,GNANATHIRAVIAM S,M,DMK,522993.0,1040350.0,1547800.0,67.21,50.27,185720.0,17.85,2.78,State-based Party,1.0,False,False,10th Pass,Business,TAMIL NADU,Safe (10-20%),Regional,UPA
Tamil Nadu,TIRUPPUR,3019156,K Subbarayan,50,113,73,51,214979152.0,51319576.0,1,Normal/Others,0.6986301369863014,0.6460176991150443,TIRUPPUR,Tamil_Nadu,TIRUPPUR,GEN,"SUBBARAYAN, K.",M,CPI,508725.0,1119584.0,1530014.0,73.17,45.44,93368.0,8.34,2.86,State-based Party (Other State),2.0,False,True,10th Pass,Politics,TAMIL NADU,Close (5-10%),Regional,Other
Tamil Nadu,TIRUVALLUR(SC),3042475,Sasikanth Senthil,70,188,132,71,196958438.0,40819219.0,1,Normal/Others,0.5378787878787878,0.7021276595744681,TIRUVALLUR,,,,,,,,,,,,,,,,,,,,,,,,
Tamil Nadu,TIRUVANNAMALAI,3019242,CN Annadurai,124,196,184,125,190056952.0,50965976.0,1,Normal/Others,0.6793478260869565,0.9387755102040817,TIRUVANNAMALAI,Tamil_Nadu,TIRUVANNAMALAI,GEN,ANNADURAI C N,M,DMK,666272.0,1151729.0,1473862.0,78.14,57.85,304187.0,26.41,2.33,State-based Party,1.0,False,True,Graduate,Business,TAMIL NADU,Very Safe (>20%),Regional,UPA
Tamil Nadu,VELLORE,3019994,D M Kathir Anand,1,87,72,2,172558954.0,1097477.0,1,Normal/Others,0.027777777777777776,0.8275862068965517,VELLORE,Tamil_Nadu,VELLORE,GEN,D.M.KATHIR ANAND,M,DMK,485340.0,1016638.0,1438643.0,70.67,47.74,8141.0,0.8,2.22,State-based Party,1.0,False,False,,,TAMIL NADU,Very Close (<5%),Regional,UPA
Tamil Nadu,VILUPPURAM(SC),3018394,D Ravikumar,214,254,253,215,241771840.0,88845920.0,1,Normal/Others,0.849802371541502,0.9960629921259843,VILUPPURAM,Tamil_Nadu,VILUPPURAM,SC,RAVIKUMAR D,M,DMK,559585.0,1135540.0,1444335.0,78.62,49.28,128068.0,11.28,2.63,State-based Party,1.0,False,True,Doctorate,Liberal Profession or Professional,TAMIL NADU,Safe (10-20%),Regional,UPA
Tamil Nadu,VIRUDHUNAGAR,3019158,Manickam Tagore B,10,87,69,11,174165976.0,13022988.0,1,Normal/Others,0.15942028985507245,0.7931034482758621,VIRUDHUNAGAR,Tamil_Nadu,VIRUDHUNAGAR,GEN,"MANICKAM TAGORE, B.",M,INC,470883.0,1074735.0,1484256.0,72.41,43.81,154554.0,14.38,3.45,National Party,2.0,False,True,,Other,TAMIL NADU,Safe (10-20%),National,UPA
Telangana,ADILABAD(ST),3042476,GODAM NAGESH,1,237,170,2,124214980.0,499990.0,2,Normal/Others|Repair and Renovation,0.011764705882352941,0.7172995780590717,ADILABAD,Telangana,ADILABAD,ST,SOYAM BAPU RAO,M,BJP,377374.0,1063730.0,1489790.0,71.4,35.48,58560.0,5.51,3.23,National Party,1.0,False,False,12th Pass,Politics,TELANGANA,Close (5-10%),National,NDA
Telangana,BHONGIR,3043394,CHAMALA KIRAN KUMAR REDDY,153,472,454,154,153414706.0,27814853.0,2,Normal/Others|Repair and Renovation,0.3392070484581498,0.961864406779661,BHONGIR,Telangana,BHONGIR,GEN,Komati Reddy Venkat Reddy,M,INC,532795.0,1212631.0,1628033.0,74.48,43.94,5219.0,0.43,2.63,National Party,1.0,False,False,12th Pass,Politics,TELANGANA,Very Close (<5%),National,UPA
Telangana,CHELVELLA,3042477,KONDA VISHWESHWAR REDDY,92,390,319,93,200933772.0,24422886.0,3,Normal/Others|Repair and Renovation|Trust and Society,0.29153605015673983,0.8179487179487179,CHELVELLA,,,,,,,,,,,,,,,,,,,,,,,,
Telangana,HYDERABAD,3019173,Asaduddin Owaisi,1,18,7,2,55910467.0,5656600.0,1,Normal/Others,0.2857142857142857,0.3888888888888889,HYDERABAD,Telangana,HYDERABAD,GEN,ASADUDDIN OWAISI,M,AIMIM,517471.0,877872.0,1957931.0,44.84,58.95,282186.0,32.14,2.33,State-based Party,4.0,True,True,Graduate Professional,Politics,TELANGANA,Very Safe (>20%),Regional,Other
Telangana,KARIMNAGAR,3019181,Sanjay Kumar Bandi,25,471,344,26,210292792.0,4680844.0,2,Normal/Others|Repair and Renovation,0.0755813953488372,0.7303609341825902,KARIMNAGAR,Telangana,KARIMNAGAR,GEN,BANDI SANJAY KUMAR,M,BJP,498276.0,1147697.0,1651543.0,69.49,43.42,89508.0,7.8,2.94,National Party,1.0,False,False,Post Graduate,Business,TELANGANA,Close (5-10%),National,NDA
Telangana,KHAMMAM,3042478,RAMASAHAYAM RAGHURAM REDDY,3,275,60,4,108898292.0,1899146.0,1,Normal/Others,0.06666666666666667,0.21818181818181817,KHAMMAM,Telangana,KHAMMAM,GEN,NAMA NAGESWR RAO,M,TRS,567459.0,1139831.0,1513809.0,75.3,49.78,168062.0,14.74,2.7,State-based Party,1.0,False,False,12th Pass,Agriculture,TELANGANA,Safe (10-20%),Regional,Other
Telangana,MAHABUBABAD,3042479,BALRAM NAIK PORIKA,28,359,281,29,167974550.0,2580077.0,1,Normal/Others,0.10320284697508897,0.7827298050139275,MAHABUBABAD,Telangana,MAHABUBABAD,ST,Kavitha Malothu,F,TRS,462109.0,983535.0,1424385.0,69.05,46.98,146663.0,14.91,3.12,State-based Party,1.0,False,False,Graduate,Other,TELANGANA,Safe (10-20%),Regional,Other
Telangana,MAHABUBNAGAR,3042480,ARUNA. D. K,57,269,246,58,180717814.0,16058907.0,1,Normal/Others,0.23577235772357724,0.9144981412639405,MAHABUBNAGAR,,,,,,,,,,,,,,,,,,,,,,,,
Telangana,MALKAJGIRI,3042481,EATALA RAJENDER,12,220,139,13,308492342.0,8596171.0,2,Normal/Others|Repair and Renovation,0.09352517985611511,0.6318181818181818,MALKAJGIRI,Telangana,MALKAJGIRI,GEN,ANUMULA REVANTH REDDY,M,INC,603748.0,1563063.0,3150313.0,49.62,38.63,10919.0,0.7,3.03,National Party,1.0,False,False,Graduate,Politics,TELANGANA,Very Close (<5%),National,UPA
Telangana,MEDAK,3045387,MADHAVANENI RAGHUNANDAN RAO,9,147,59,10,133687058.0,2993619.0,2,Repair and Renovation|Normal/Others,0.1694915254237288,0.4013605442176871,MEDAK,Telangana,MEDAK,GEN,Kotha Prabhakar Reddy,M,TRS,596048.0,1150223.0,1603318.0,71.74,51.82,316427.0,27.51,2.78,State-based Party,2.0,True,True,Graduate,Politics,TELANGANA,Very Safe (>20%),Regional,Other
Telangana,NAGARKURNOOL(SC),3043284,DR.MALLU RAVI,109,194,172,110,179995836.0,24317918.0,1,Normal/Others,0.6395348837209303,0.8865979381443299,NAGARKURNOOL,Telangana,NAGARKURNOOL,SC,POTHUGANTI RAMULU,M,TRS,499672.0,989847.0,1588111.0,62.33,50.48,189748.0,19.17,2.7,State-based Party,1.0,False,False,Graduate,Agriculture,TELANGANA,Safe (10-20%),Regional,Other
Telangana,NALGONDA,3045216,KUNDURU RAGHUVEER,4,23,16,5,27336802.0,5268401.0,3,Trust and Society|Normal/Others|Repair and Renovation,0.3125,0.6956521739130435,NALGONDA,Telangana,NALGONDA,GEN,UTTAM KUMAR REDDY NALAMADA,M,INC,526028.0,1175703.0,1585980.0,74.13,44.74,25682.0,2.18,2.63,National Party,1.0,False,False,Graduate,Politics,TELANGANA,Very Close (<5%),National,UPA
Telangana,NIZAMABAD,3019172,Arvind Dharmapuri,302,696,502,303,384687132.0,89285566.0,1,Normal/Others,0.603585657370518,0.7212643678160919,NIZAMABAD,Telangana,NIZAMABAD,GEN,ARVIND DHARMAPURI,M,BJP,480584.0,1062768.0,1553385.0,68.42,45.22,70875.0,6.67,2.86,National Party,1.0,False,False,Post Graduate,Business,TELANGANA,Close (5-10%),National,NDA
Telangana,PEDDAPALLE,3045227,VAMSI KRISHNA GADDAM,0,71,27,1,66624776.0,0.0,2,Normal/Others|Repair and Renovation,0.037037037037037035,0.38028169014084506,PEDDAPALLE,Telangana,PEDDAPALLE,SC,Venkatesh Netha Borlakunta,M,TRS,441321.0,970051.0,1479091.0,65.58,45.49,95180.0,9.81,2.86,State-based Party,1.0,False,False,Doctorate,Former Government,TELANGANA,Close (5-10%),Regional,Other
Telangana,SECUNDERABAD,3019176,Kishan Reddy Gangapuram,0,36,17,1,87711676.0,0.0,1,Normal/Others,0.058823529411764705,0.4722222222222222,SECUNDERABAD,,,,,,,,,,,,,,,,,,,,,,,,
Telangana,WARANGEL(SC),3045246,KADIYAM KAVYA,24,213,156,25,150339067.0,9056593.0,3,Normal/Others|Repair and Renovation|Trust and Society,0.16025641025641027,0.7323943661971831,WARANGEL,,,,,,,,,,,,,,,,,,,,,,,,
Telangana,ZAHIRABAD,3042482,SURESH KUMAR SHETKAR,27,337,125,28,121488336.0,4254690.0,2,Normal/Others|Repair and Renovation,0.224,0.37091988130563797,ZAHIRABAD,Telangana,ZAHIRABAD,GEN,B.B.PATIL,M,TRS,434244.0,1044365.0,1498666.0,69.69,41.58,6229.0,0.6,2.78,State-based Party,2.0,True,True,Graduate,Politics,TELANGANA,Very Close (<5%),Regional,Other
The Dadra And Nagar Haveli And Daman And Diu,DADRA & NAGAR HAVELI (ST),3041086,Kalaben Mohanbhai Delkar,0,40,1,1,25649745.0,0.0,1,Normal/Others,1.0,0.025,DADRA AND NAGAR HAVELI,Dadra_&_Nagar_Haveli,DADRA AND NAGAR HAVELI,ST,DELKAR MOHANBHAI SANJIBHAI,M,IND,90421.0,198983.0,250029.0,79.58,45.44,9001.0,4.52,2.63,Independents,7.0,False,True,Graduate,Politics,DADRA & NAGAR HAVELI,Very Close (<5%),Independent,Other
The Dadra And Nagar Haveli And Daman And Diu,DAMAN and DIU,3042483,PATEL UMESHBHAI BABUBHAI,0,66,1,1,143900000.0,0.0,1,Normal/Others,1.0,0.015151515151515152,DAMAN AND DIU,Daman_&_Diu,DAMAN & DIU,GEN,LALUBHAI BABUBHAI PATEL,M,BJP,37597.0,87469.0,121740.0,71.85,42.98,9942.0,11.37,3.03,National Party,3.0,True,True,8th Pass,Agriculture,DAMAN & DIU,Safe (10-20%),National,NDA
Tripura,TRIPURA EAST(ST),3042484,KRITI DEVI DEBBARMAN,0,52,24,1,135572620.0,0.0,1,Normal/Others,0.041666666666666664,0.46153846153846156,TRIPURA EAST,Tripura,TRIPURA EAST,ST,Rebati Tripura,M,BJP,482126.0,1045417.0,1261861.0,82.85,46.12,204290.0,19.54,3.12,National Party,1.0,False,False,Post Graduate,Education,TRIPURA,Safe (10-20%),National,NDA
Tripura,TRIPURA WEST,3042485,BIPLAB KUMAR DEB,0,27,16,1,171581247.0,0.0,1,Normal/Others,0.0625,0.5925925925925926,TRIPURA WEST,Tripura,TRIPURA WEST,GEN,Pratima Bhoumik,F,BJP,573532.0,1107755.0,1352857.0,81.88,51.77,305689.0,27.6,2.86,National Party,1.0,False,False,Graduate,Social Work,TRIPURA,Very Safe (>20%),National,NDA
Uttar Pradesh,AGRA(SC),3017473,Prof SP Singh Baghel,55,75,73,56,192050876.0,75214638.0,1,Normal/Others,0.7671232876712328,0.9733333333333334,AGRA,Uttar_Pradesh,AGRA,SC,Satyapal Singh Baghel,M,BJP,646875.0,1145323.0,1937690.0,59.11,56.48,211546.0,18.47,2.17,National Party,4.0,False,True,Doctorate,Politics,UTTAR PRADESH,Safe (10-20%),National,NDA
Uttar Pradesh,AKBARPUR,3019196,Devendra Alias Bhole Singh,62,137,137,63,174904290.0,42373895.0,2,Normal/Others|Trust and Society,0.45985401459854014,1.0,AKBARPUR,Uttar_Pradesh,AKBARPUR,GEN,Devendra Singh 'Bhole',M,BJP,581282.0,1025314.0,1766121.0,58.05,56.69,275142.0,26.83,2.38,National Party,2.0,True,True,,Other,UTTAR PRADESH,Very Safe (>20%),National,NDA
Uttar Pradesh,ALIGARH,3017466,Shri Satish Kumar Gautam,21,77,77,22,195633538.0,24736769.0,1,Normal/Others,0.2857142857142857,1.0,ALIGARH,Uttar_Pradesh,ALIGARH,GEN,SATISH KUMAR GAUTAM,M,BJP,656215.0,1163184.0,1887127.0,61.64,56.42,229261.0,19.71,2.22,National Party,2.0,True,True,10th Pass,Business,UTTAR PRADESH,Safe (10-20%),National,NDA
Uttar Pradesh,ALLAHABAD,3042486,UJJWAL RAMAN SINGH,0,32,31,1,191359326.0,0.0,2,Repair and Renovation|Normal/Others,0.03225806451612903,0.96875,ALLAHABAD,Uttar_Pradesh,ALLAHABAD,GEN,Rita Bahuguna Joshi,F,BJP,494454.0,889056.0,1716160.0,51.8,55.62,184275.0,20.73,2.33,National Party,1.0,False,True,Doctorate,Retired or Pension,UTTAR PRADESH,Very Safe (>20%),National,NDA
Uttar Pradesh,AMBEDKAR NAGAR,3042487,LALJI VERMA,59,202,201,60,194130688.0,44623544.0,2,Normal/Others|Trust and Society,0.29850746268656714,0.995049504950495,AMBEDKAR NAGAR,Uttar_Pradesh,AMBEDKAR NAGAR,GEN,Ritesh Pandey,M,BSP,564118.0,1090152.0,1785657.0,61.05,51.75,95880.0,8.8,2.22,State-based Party,1.0,False,False,Graduate,Business,UTTAR PRADESH,Close (5-10%),Regional,Other
Uttar Pradesh,AMETHI,3042488,KISHORI LAL,4,53,45,5,175464978.0,6295400.0,1,Normal/Others,0.1111111111111111,0.8490566037735849,AMETHI,Uttar_Pradesh,AMETHI,GEN,Smriti Irani,F,BJP,468514.0,942453.0,1743515.0,54.05,49.71,55120.0,5.85,2.27,National Party,1.0,False,True,12th Pass,Politics,UTTAR PRADESH,Close (5-10%),National,NDA
Uttar Pradesh,AMROHA,3043720,KANWAR SINGH TANWAR,47,94,85,48,204681802.0,49949601.0,1,Normal/Others,0.5647058823529412,0.9042553191489362,AMROHA,Uttar_Pradesh,AMROHA,GEN,KUNWAR DANISH ALI,M,BSP,601082.0,1169182.0,1646435.0,71.01,51.41,63248.0,5.41,2.13,State-based Party,1.0,False,False,Graduate,Agriculture,UTTAR PRADESH,Close (5-10%),Regional,Other
Uttar Pradesh,AONLA,3042489,NEERAJ MAURYA,14,20,20,15,195866462.0,93026771.0,1,Normal/Others,0.75,1.0,AONLA,Uttar_Pradesh,AONLA,GEN,DHARMENDRA KASHYAP,M,BJP,537675.0,1052795.0,1785605.0,58.96,51.07,113743.0,10.8,2.38,National Party,2.0,True,True,10th Pass,Social Work,UTTAR PRADESH,Safe (10-20%),National,NDA
Uttar Pradesh,AZAMGARH,3042490,DHARMENDRA YADAV,11,69,60,12,181612394.0,20481137.0,2,Normal/Others|Repair and Renovation,0.2,0.8695652173913043,AZAMGARH,Uttar_Pradesh,AZAMGARH,GEN,Akhilesh Yadav,M,SP,621578.0,1029112.0,1789168.0,57.52,60.4,259874.0,25.25,2.08,State-based Party,5.0,False,False,Graduate Professional,Agriculture,UTTAR PRADESH,Very Safe (>20%),Regional,Other
Uttar Pradesh,BADAUN,3042491,ADITYA YADAV,35,105,100,36,199779779.0,25366273.0,1,Normal/Others,0.36,0.9523809523809523,BADAUN,Uttar_Pradesh,BADAUN,GEN,Dr. Sanghmitra Maurya,F,BJP,511352.0,1081111.0,1891576.0,57.15,47.3,18454.0,1.71,2.33,National Party,1.0,False,False,Graduate Professional,Politics,UTTAR PRADESH,Very Close (<5%),National,NDA
Uttar Pradesh,BAGHPAT,3042492,DR RAJKUMAR SANGWAN,15,118,56,16,128685798.0,10012352.0,2,Normal/Others|Repair and Renovation,0.2857142857142857,0.4745762711864407,BAGHPAT,Uttar_Pradesh,BAGHPAT,GEN,Dr. SATYAPAL SINGH,M,BJP,525789.0,1044894.0,1616476.0,64.64,50.32,23502.0,2.25,2.08,National Party,2.0,True,True,Post Graduate,Former Government,UTTAR PRADESH,Very Close (<5%),National,NDA
Uttar Pradesh,BAHRAICH(SC),3042493,ANAND KUMAR,32,74,71,33,168722356.0,38304273.0,2,Normal/Others|Repair and Renovation,0.4647887323943662,0.9594594594594594,BAHRAICH,Uttar_Pradesh,BAHRAICH,SC,AKSHAIBAR LAL,M,BJP,525982.0,989848.0,1729908.0,57.22,53.14,128752.0,13.01,2.27,National Party,1.0,False,False,10th Pass,Business,UTTAR PRADESH,Safe (10-20%),National,NDA
Uttar Pradesh,BALLIA,3042494,SANATAN PANDEY,20,360,177,21,211977984.0,14313352.0,1,Normal/Others,0.11864406779661017,0.49166666666666664,BALLIA,Uttar_Pradesh,BALLIA,GEN,Virendra Singh,M,BJP,469114.0,989732.0,1822625.0,54.3,47.4,15519.0,1.57,2.33,National Party,4.0,True,True,Graduate,Agriculture,UTTAR PRADESH,Very Close (<5%),National,NDA
Uttar Pradesh,BANDA,3042495,KRISHNA DEVI SHIVSHANKER PATEL,158,326,303,159,181424033.24,36571427.0,2,Normal/Others|Trust and Society,0.5247524752475248,0.9294478527607362,BANDA,Uttar_Pradesh,BANDA,GEN,R.K. SINGH PATEL,M,BJP,477926.0,1034549.0,1702024.0,60.78,46.2,58938.0,5.7,2.63,National Party,2.0,False,True,Graduate,Politics,UTTAR PRADESH,Close (5-10%),National,NDA
Uttar Pradesh,BANSGAON(SC),3019202,Kamlesh Paswan,0,122,84,1,182914200.0,0.0,1,Normal/Others,0.011904761904761904,0.6885245901639344,BANSGAON,Uttar_Pradesh,BANSGAON,SC,Kamlesh Paswan,M,BJP,546673.0,969136.0,1751258.0,55.34,56.41,153468.0,15.84,2.08,National Party,3.0,True,True,Graduate,Business,UTTAR PRADESH,Safe (10-20%),National,NDA
Uttar Pradesh,BARABANKI(SC),3042496,TANUJ PUNIA,8,31,22,9,172867922.0,29011568.0,1,Normal/Others,0.4090909090909091,0.7096774193548387,BARABANKI,Uttar_Pradesh,BARABANKI,SC,Upendra Singh Rawat,M,BJP,535917.0,1155341.0,1816830.0,63.59,46.39,110140.0,9.53,2.63,National Party,1.0,False,False,Post Graduate,Business,UTTAR PRADESH,Close (5-10%),National,NDA
Uttar Pradesh,BAREILLY,3044397,CHHATRA PAL SINGH GANGWAR,129,146,146,130,195721426.0,86556229.0,1,Normal/Others,0.8904109589041096,1.0,BAREILLY,Uttar_Pradesh,BAREILLY,GEN,SANTOSH KUMAR GANGWAR,M,BJP,565270.0,1068342.0,1797655.0,59.43,52.91,167282.0,15.66,2.38,National Party,8.0,True,True,Graduate Professional,Business,UTTAR PRADESH,Safe (10-20%),National,NDA
Uttar Pradesh,BASTI,3044187,RAM PRASAD CHAUDHARY,74,312,310,76,620051800.0,127828480.0,2,Normal/Others|Repair and Renovation,0.24516129032258063,0.9935897435897436,BASTI,Uttar_Pradesh,BASTI,GEN,HARISH CHANDRA ALIAS HARISH DWIVEDI,M,BJP,471162.0,1054539.0,1845223.0,57.15,44.68,30354.0,2.88,2.63,National Party,2.0,True,True,Post Graduate,Agriculture,UTTAR PRADESH,Very Close (<5%),National,NDA
Uttar Pradesh,BHADOHI,3044716,VINOD KUMAR BIND,269,544,543,270,173367626.0,31220512.0,1,Normal/Others,0.4972375690607735,0.9981617647058824,BHADOHI,Uttar_Pradesh,BHADOHI,GEN,RAMESH CHAND,M,BJP,510029.0,1039390.0,1942514.0,53.51,49.07,43615.0,4.2,2.27,National Party,1.0,False,False,10th Pass,Business,UTTAR PRADESH,Very Close (<5%),National,NDA
Uttar Pradesh,BIJNOR,3042498,CHANDAN CHAUHAN,0,118,107,1,185631099.0,0.0,1,Normal/Others,0.009345794392523364,0.9067796610169492,BIJNOR,Uttar_Pradesh,BIJNOR,GEN,MALOOK NAGAR,M,BSP,561045.0,1100763.0,1664125.0,66.15,50.97,69941.0,6.35,2.17,State-based Party,1.0,False,True,Graduate,Business,UTTAR PRADESH,Close (5-10%),Regional,Other
Uttar Pradesh,BULANDSHAHR(SC),3019222,Bhola Singh,142,162,162,143,195380432.0,70121237.0,1,Normal/Others,0.8827160493827161,1.0,BULANDSHAHR,Uttar_Pradesh,BULANDSHAHR,SC,BHOLA SINGH,M,BJP,681321.0,1123629.0,1787925.0,62.85,60.64,290057.0,25.81,2.04,National Party,2.0,True,True,Graduate,Business,UTTAR PRADESH,Very Safe (>20%),National,NDA
Uttar Pradesh,CHANDAULI,3042499,VIRENDRA SINGH,9,28,26,10,169948628.0,58578039.0,1,Normal/Others,0.38461538461538464,0.9285714285714286,CHANDAULI,Uttar_Pradesh,CHANDAULI,GEN,Dr. Mahendra Nath Pandey,M,BJP,510733.0,1084961.0,1756837.0,61.76,47.07,13959.0,1.29,2.33,National Party,2.0,True,True,Doctorate,Business,UTTAR PRADESH,Very Close (<5%),National,NDA
Uttar Pradesh,DEORIA,3042500,SHASHANK MANI,20,97,74,21,180980508.0,21011554.0,3,Normal/Others|Repair and Renovation|Trust and Society,0.28378378378378377,0.7628865979381443,DEORIA,Uttar_Pradesh,DEORIA,GEN,RAMAPATI RAM TRIPATHI,M,BJP,580644.0,1015363.0,1754195.0,57.88,57.19,249931.0,24.61,2.27,National Party,1.0,False,False,Graduate Professional,Liberal Profession or Professional,UTTAR PRADESH,Very Safe (>20%),National,NDA
Uttar Pradesh,DHAURAHRA,3042501,ANAND BHADAURIYA,130,178,171,131,192096168.66,36934855.0,2,Trust and Society|Normal/Others,0.7660818713450293,0.9606741573033708,DHAURAHRA,Uttar_Pradesh,DHAURAHRA,GEN,REKHA VERMA,F,BJP,512905.0,1063840.0,1644674.0,64.68,48.21,160611.0,15.1,2.78,National Party,2.0,True,True,12th Pass,Business,UTTAR PRADESH,Safe (10-20%),National,NDA
Uttar Pradesh,DOMARIYAGANJ,3019200,Jagdambika Pal,0,76,65,1,188693682.0,0.0,2,Repair and Renovation|Normal/Others,0.015384615384615385,0.8552631578947368,DOMARIYAGANJ,Uttar_Pradesh,DOMARIYAGANJ,GEN,JAGDAMBIKA PAL,M,BJP,492253.0,985269.0,1885433.0,52.26,49.96,105321.0,10.69,2.5,National Party,3.0,True,True,Post Graduate,Politics,UTTAR PRADESH,Safe (10-20%),National,NDA
Uttar Pradesh,ETAH,3042502,DEVESH SHAKYA,136,308,303,137,175642810.0,33503905.0,1,Normal/Others,0.4521452145214521,0.9837662337662337,ETAH,Uttar_Pradesh,ETAH,GEN,Rajveer Singh (Raju Bhaiya),M,BJP,545348.0,999607.0,1621295.0,61.65,54.56,122670.0,12.27,2.08,National Party,2.0,True,True,Graduate Professional,Business,UTTAR PRADESH,Safe (10-20%),National,NDA
Uttar Pradesh,ETAWAH(SC),3042503,JITENDRA KUMAR DOHARE,184,413,397,185,270904706.0,50042352.0,1,Normal/Others,0.4659949622166247,0.9612590799031477,ETAWAH,Uttar_Pradesh,ETAWAH,SC,Dr RAM SHANKAR KATHERIA,M,BJP,522119.0,1027815.0,1757984.0,58.47,50.8,64437.0,6.27,2.17,National Party,3.0,True,True,Doctorate,Education,UTTAR PRADESH,Close (5-10%),National,NDA
Uttar Pradesh,FAIZABAD,3042504,AWADHESH PRASAD,87,164,151,88,205626075.0,65828033.0,1,Normal/Others,0.5827814569536424,0.9207317073170732,FAIZABAD,Uttar_Pradesh,FAIZABAD,GEN,LALLU SINGH,M,BJP,529021.0,1087121.0,1821785.0,59.67,48.66,65477.0,6.02,2.38,National Party,2.0,True,True,Post Graduate,Former Government,UTTAR PRADESH,Close (5-10%),National,NDA
Uttar Pradesh,FARRUKHABAD,3019205,Mukesh Rajput,200,296,250,201,234012480.0,81152917.0,2,Normal/Others|Repair and Renovation,0.804,0.8445945945945946,FARRUKHABAD,Uttar_Pradesh,FARRUKHABAD,GEN,Mukesh Rajput,M,BJP,569880.0,1002953.0,1708585.0,58.7,56.82,221702.0,22.1,2.27,National Party,2.0,True,True,Graduate,Agriculture,UTTAR PRADESH,Very Safe (>20%),National,NDA
Uttar Pradesh,FATEHPUR,3042505,NARESH CHANDRA UTTAM PATEL,0,82,69,1,144574000.0,0.0,2,Normal/Others|Trust and Society,0.014492753623188406,0.8414634146341463,FATEHPUR,Uttar_Pradesh,FATEHPUR,GEN,NIRANJAN JYOTI,F,BJP,566040.0,1043655.0,1839312.0,56.74,54.24,198205.0,18.99,2.44,National Party,2.0,True,True,12th Pass,Liberal Profession or Professional,UTTAR PRADESH,Safe (10-20%),National,NDA
Uttar Pradesh,FATEHPUR SIKRI,3019530,Rajkumar Chahar,45,48,46,46,192018184.0,95259092.0,1,Normal/Others,1.0,0.9583333333333334,FATEHPUR SIKRI,Uttar_Pradesh,FATEHPUR SIKRI,GEN,RAJKUMAR CHAHAR,M,BJP,667147.0,1037151.0,1718837.0,60.34,64.32,495065.0,47.73,2.13,National Party,1.0,False,False,Graduate,Liberal Profession or Professional,UTTAR PRADESH,Very Safe (>20%),National,NDA
Uttar Pradesh,FIROZABAD,3042506,AKSHAYA YADAV,19,44,43,20,193808316.0,47546158.0,1,Normal/Others,0.46511627906976744,0.9772727272727273,FIROZABAD,Uttar_Pradesh,FIROZABAD,GEN,Dr. Chandra Sen Jadon,M,BJP,495819.0,1075866.0,1790510.0,60.09,46.09,28781.0,2.68,2.44,National Party,1.0,False,False,Graduate Professional,Liberal Profession or Professional,UTTAR PRADESH,Very Close (<5%),National,NDA
Uttar Pradesh,GAUTAM BUDDHA NAGAR,3019187,Mahesh Sharma,68,113,113,69,195081366.56,57908132.0,1,Normal/Others,0.6106194690265486,1.0,GAUTAM BUDDHA NAGAR,Uttar_Pradesh,GAUTAM BUDDHA NAGAR,GEN,Dr. MAHESH SHARMA,M,BJP,830812.0,1392952.0,2302960.0,60.49,59.64,336922.0,24.19,2.04,National Party,2.0,True,True,Graduate Professional,Politics,UTTAR PRADESH,Very Safe (>20%),National,NDA
Uttar Pradesh,GHAZIABAD,3042507,ATUL GARG,24,71,67,25,130304320.0,21296861.0,1,Normal/Others,0.373134328358209,0.9436619718309859,GHAZIABAD,Uttar_Pradesh,GHAZIABAD,GEN,Vijay Kumar Singh,M,BJP,944503.0,1524456.0,2728978.0,55.86,61.96,501500.0,32.9,2.13,National Party,2.0,True,True,Doctorate,Retired or Pension,UTTAR PRADESH,Very Safe (>20%),National,NDA
Uttar Pradesh,GHAZIPUR,3045253,AFZAL ANSARI,21,280,142,22,267212922.0,20797441.0,1,Normal/Others,0.15492957746478872,0.5071428571428571,GHAZIPUR,Uttar_Pradesh,GHAZIPUR,GEN,AFZAL ANSARI,M,BSP,566082.0,1105627.0,1881077.0,58.78,51.2,119392.0,10.8,2.38,State-based Party,2.0,False,True,Post Graduate,Retired or Pension,UTTAR PRADESH,Safe (10-20%),Regional,Other
Uttar Pradesh,GHOSI,3043598,RAJEEV RAI,84,246,194,85,163992266.0,27897604.0,1,Normal/Others,0.4381443298969072,0.7886178861788617,GHOSI,Uttar_Pradesh,GHOSI,GEN,ATUL KUMAR SINGH,M,BSP,573829.0,1140781.0,1991651.0,57.28,50.3,122568.0,10.74,2.44,State-based Party,1.0,False,False,Graduate,Business,UTTAR PRADESH,Safe (10-20%),Regional,Other
Uttar Pradesh,GONDA,3019203,Kirti Vardhan Singh,34,140,140,35,189912354.0,29870477.0,1,Normal/Others,0.25,1.0,GONDA,Uttar_Pradesh,GONDA,GEN,KIRTI VARDHAN SINGH ALIAS RAJA BHAIYA,M,BJP,508190.0,923816.0,1770248.0,52.19,55.01,166360.0,18.01,2.27,National Party,4.0,True,True,Post Graduate,Politics,UTTAR PRADESH,Safe (10-20%),National,NDA
Uttar Pradesh,GORAKHPUR,3019214,Ravindra Shyamnarayan Alias Ravi Kishan Shukla,0,10,10,1,42637000.0,0.0,1,Normal/Others,0.1,1.0,GORAKHPUR,Uttar_Pradesh,GORAKHPUR,GEN,Ravindra Shyamnarayan Shukla alias Ravi Kishan,M,BJP,717122.0,1184635.0,1981197.0,59.79,60.54,301664.0,25.46,2.04,National Party,1.0,False,False,12th Pass,Liberal Profession or Professional,UTTAR PRADESH,Very Safe (>20%),National,NDA
Uttar Pradesh,HAMIRPUR_UP,3042508,AJENDRA SINGH LODHI,1,122,94,2,158434500.0,2000000.0,3,Normal/Others|Trust and Society|Repair and Renovation,0.02127659574468085,0.7704918032786885,HAMIRPUR UP,,,,,,,,,,,,,,,,,,,,,,,,
Uttar Pradesh,HARDOI (SC),3019201,Jai Prakash,1,25,24,2,193190220.0,9227740.0,1,Normal/Others,0.08333333333333333,0.96,HARDOI,Uttar_Pradesh,HARDOI,SC,Jai Prakash,M,BJP,568143.0,1057558.0,1807119.0,58.52,53.72,132474.0,12.53,2.17,National Party,5.0,False,True,Graduate,Business,UTTAR PRADESH,Safe (10-20%),National,NDA
Uttar Pradesh,HATHRAS (SC),3042509,ANOOP PRADHAN BALMIKI,68,75,75,69,195998210.0,92574105.0,2,Normal/Others|Repair and Renovation,0.92,1.0,HATHRAS,Uttar_Pradesh,HATHRAS,SC,RAJVIR DILER,M,BJP,684299.0,1150294.0,1864320.0,61.7,59.49,260208.0,22.62,2.04,National Party,1.0,False,False,12th Pass,Politics,UTTAR PRADESH,Very Safe (>20%),National,NDA
Uttar Pradesh,JALAUN(SC),3042510,NARAYAN DAS AHIRWAR,36,191,176,37,130930633.6,8158224.0,1,Normal/Others,0.21022727272727273,0.9214659685863874,JALAUN,Uttar_Pradesh,JALAUN,SC,BHANU PRATAP SINGH VERMA,M,BJP,581763.0,1129955.0,1933358.0,58.45,51.49,158377.0,14.02,2.38,National Party,5.0,True,True,Post Graduate,Politics,UTTAR PRADESH,Safe (10-20%),National,NDA
Uttar Pradesh,JAUNPUR,3042511,BABU SINGH KUSHWAHA,17,685,661,18,169968358.0,11639029.0,3,Normal/Others|Trust and Society|Repair and Renovation,0.02723146747352496,0.964963503649635,JAUNPUR,Uttar_Pradesh,JAUNPUR,GEN,SHYAM SINGH YADAV,M,BSP,521128.0,1040652.0,1867976.0,55.71,50.08,80936.0,7.78,2.33,State-based Party,1.0,False,False,Post Graduate,Liberal Profession or Professional,UTTAR PRADESH,Close (5-10%),Regional,Other
Uttar Pradesh,JHANSI,3018405,Anurag Sharma,78,172,155,79,185311616.0,39169926.0,1,Normal/Others,0.5096774193548387,0.9011627906976745,JHANSI,Uttar_Pradesh,JHANSI,GEN,Anurag Sharma,M,BJP,809272.0,1380890.0,2040739.0,67.67,58.61,365683.0,26.48,2.27,National Party,1.0,False,False,Post Graduate,Business,UTTAR PRADESH,Very Safe (>20%),National,NDA
Uttar Pradesh,KAIRANA,3042512,IQRA CHOUDHARY,23,66,64,24,105047066.0,24364982.0,1,Normal/Others,0.375,0.9696969696969697,KAIRANA,Uttar_Pradesh,KAIRANA,GEN,Pradeep Kumar,M,BJP,566961.0,1124047.0,1666703.0,67.44,50.44,92160.0,8.2,2.33,National Party,1.0,False,False,Post Graduate,Politics,UTTAR PRADESH,Close (5-10%),National,NDA
Uttar Pradesh,KAISERGANJ,3043395,KARAN BHUSHAN SINGH,30,74,74,31,192215372.0,42302858.0,2,Normal/Others|Trust and Society,0.4189189189189189,1.0,KAISERGANJ,Uttar_Pradesh,KAISERGANJ,GEN,Brijbhusan Sharan Singh,M,BJP,581358.0,981400.0,1805946.0,54.34,59.24,261601.0,26.66,2.17,National Party,6.0,True,True,Graduate Professional,Agriculture,UTTAR PRADESH,Very Safe (>20%),National,NDA
Uttar Pradesh,KANNAUJ,3043488,AKHILESH YADAV,6,215,79,7,159379844.0,1789578.0,2,Repair and Renovation|Normal/Others,0.08860759493670886,0.3674418604651163,KANNAUJ,Uttar_Pradesh,KANNAUJ,GEN,SUBRAT PATHAK,M,BJP,563087.0,1140496.0,1874824.0,60.83,49.37,12353.0,1.08,2.13,National Party,1.0,False,True,Graduate,Business,UTTAR PRADESH,Very Close (<5%),National,NDA
Uttar Pradesh,KANPUR,3042513,RAMESH AWASTHI,47,94,94,48,174386838.0,47899419.0,1,Normal/Others,0.5106382978723404,1.0,KANPUR,Uttar_Pradesh,KANPUR,GEN,Satyadev Pachauri,M,BJP,468937.0,842994.0,1632983.0,51.62,55.63,155934.0,18.5,2.22,National Party,1.0,False,False,Post Graduate,Business,UTTAR PRADESH,Safe (10-20%),National,NDA
Uttar Pradesh,KAUSHAMBI(SC),3042514,PUSHPENDRA SAROJ,392,754,720,393,149279114.0,27265396.0,1,Normal/Others,0.5458333333333333,0.9549071618037135,KAUSHAMBI,Uttar_Pradesh,KAUSHAMBI,SC,VINOD KUMAR SONKAR,M,BJP,383009.0,974438.0,1787120.0,54.53,39.31,38722.0,3.97,3.33,National Party,2.0,True,True,Graduate,Business,UTTAR PRADESH,Very Close (<5%),National,NDA
Uttar Pradesh,KHERI,3042515,UTKARSH VERMA MADHUR,197,350,350,198,150173464.0,40958382.0,1,Normal/Others,0.5657142857142857,1.0,KHERI,Uttar_Pradesh,KHERI,GEN,Ajay Kumar,M,BJP,609589.0,1136660.0,1770699.0,64.19,53.63,218807.0,19.25,2.38,National Party,2.0,True,True,Graduate Professional,Business,UTTAR PRADESH,Safe (10-20%),National,NDA
Uttar Pradesh,KUSHI NAGAR,3019220,Vijay Kumar Dubey,104,197,168,105,179965925.0,40257687.0,2,Normal/Others|Trust and Society,0.625,0.8527918781725888,KUSHI NAGAR,Uttar_Pradesh,KUSHI NAGAR,GEN,VIJAY KUMAR DUBEY,M,BJP,597039.0,1053117.0,1761564.0,59.78,56.69,337560.0,32.05,2.5,National Party,1.0,False,False,12th Pass,Retired or Pension,UTTAR PRADESH,Very Safe (>20%),National,NDA
Uttar Pradesh,LALGANJ (SC),3042516,DAROGA PRASAD SAROJ,58,296,255,59,180702756.0,21279304.0,1,Normal/Others,0.23137254901960785,0.8614864864864865,LALGANJ,Uttar_Pradesh,LALGANJ,SC,Sangeeta Azad,F,BSP,518820.0,960568.0,1751980.0,54.83,54.01,161597.0,16.82,2.33,State-based Party,1.0,False,False,Graduate Professional,Business,UTTAR PRADESH,Safe (10-20%),Regional,Other
Uttar Pradesh,LUCKNOW,3019311,Rajnath Singh,28,103,93,29,199959952.0,24421976.0,2,Normal/Others|Trust and Society,0.3118279569892473,0.9029126213592233,LUCKNOW,Uttar_Pradesh,LUCKNOW,GEN,Rajnath Singh,M,BJP,633026.0,1116445.0,2040367.0,54.72,56.7,347302.0,31.11,2.38,National Party,3.0,True,True,Post Graduate,Retired or Pension,UTTAR PRADESH,Very Safe (>20%),National,NDA
Uttar Pradesh,MACHHLISHAHR(SC),3042517,PRIYA SAROJ,725,1359,1354,726,192638822.0,34383272.0,1,Normal/Others,0.5361890694239291,0.9963208241353937,MACHHLISHAHR,Uttar_Pradesh,MACHHLISHAHR,SC,Bholanath (B.P. Saroj),M,BJP,488397.0,1034925.0,1848306.0,55.99,47.19,181.0,0.02,2.27,National Party,1.0,False,True,Graduate,Business,UTTAR PRADESH,Very Close (<5%),National,NDA
Uttar Pradesh,MAHARAJGANJ_UP,3019207,Pankaj Chowdhary,19,50,50,20,195120568.0,41543552.0,1,Normal/Others,0.4,1.0,MAHARAJGANJ UP,,,,,,,,,,,,,,,,,,,,,,,,
Uttar Pradesh,MAINPURI,3019226,Smt Dimple Yadav,16,163,124,17,223124114.0,14327061.0,1,Normal/Others,0.13709677419354838,0.7607361963190185,MAINPURI,Uttar_Pradesh,MAINPURI,GEN,MULAYAM SINGH YADAV,M,SP,524926.0,976518.0,1723236.0,56.67,53.75,94389.0,9.67,2.08,State-based Party,9.0,True,True,Post Graduate,Politics,UTTAR PRADESH,Close (5-10%),Regional,Other
Uttar Pradesh,MATHURA,3019227,Smt Hema Malini,22,60,45,23,92305008.0,24995988.0,1,Normal/Others,0.5111111111111111,0.75,MATHURA,Uttar_Pradesh,MATHURA,GEN,HEMA MALINI,F,BJP,671293.0,1102731.0,1807893.0,61.0,60.88,293471.0,26.61,2.04,National Party,2.0,True,True,Doctorate,Liberal Profession or Professional,UTTAR PRADESH,Very Safe (>20%),National,NDA
Uttar Pradesh,MEERUT,3042518,ARUN GOVIL,36,133,112,37,176700150.0,26677116.0,1,Normal/Others,0.33035714285714285,0.8421052631578947,MEERUT,Uttar_Pradesh,MEERUT,GEN,RAJENDRA AGARWAL,M,BJP,586184.0,1216413.0,1892931.0,64.26,48.19,4729.0,0.39,2.17,National Party,3.0,True,True,Post Graduate,Politics,UTTAR PRADESH,Very Close (<5%),National,NDA
Uttar Pradesh,MIRZAPUR,3019225,Smt Anupriya Patel,0,11,11,1,142456000.0,0.0,1,Normal/Others,0.09090909090909091,1.0,MIRZAPUR,Uttar_Pradesh,MIRZAPUR,GEN,Anupriya Singh Patel,F,ADAL,591564.0,1108965.0,1845150.0,60.1,53.34,232008.0,20.92,2.5,Local Party,2.0,True,True,Post Graduate,Politics,UTTAR PRADESH,Very Safe (>20%),Regional,Other
Uttar Pradesh,MISRIKH(SC),3019244,Ashok Kumar Rawat,2,5,4,3,193123410.0,48614657.0,2,Normal/Others|Trust and Society,0.75,0.8,MISRIKH,Uttar_Pradesh,MISRIKH,SC,Ashok Kumar Rawat,M,BJP,534429.0,1026668.0,1796932.0,57.13,52.05,100672.0,9.81,2.22,National Party,3.0,False,True,Post Graduate,Business,UTTAR PRADESH,Close (5-10%),National,NDA
Uttar Pradesh,MOHANLALGANJ(SC),3042816,R.K. CHAUDHARY,0,90,75,1,117839737.0,0.0,2,Normal/Others|Repair and Renovation,0.013333333333333334,0.8333333333333334,MOHANLALGANJ,Uttar_Pradesh,MOHANLALGANJ,SC,Kaushal Kishore,M,BJP,629999.0,1269594.0,2023431.0,62.74,49.62,90204.0,7.1,2.33,National Party,2.0,True,True,Graduate,Politics,UTTAR PRADESH,Close (5-10%),National,NDA
Uttar Pradesh,MORADABAD,3042519,RUCHI VIRA,165,274,213,166,111361550.0,33266575.0,1,Normal/Others,0.7793427230046949,0.7773722627737226,MORADABAD,Uttar_Pradesh,MORADABAD,GEN,Dr. S.T. HASAN,M,SP,649416.0,1282206.0,1958939.0,65.45,50.65,97878.0,7.63,2.27,State-based Party,1.0,False,True,Post Graduate,Liberal Profession or Professional,UTTAR PRADESH,Close (5-10%),Regional,Other
Uttar Pradesh,MUZAFFARNAGAR,3042520,HARENDRA SINGH MALIK,0,184,108,1,167932122.0,0.0,3,Normal/Others|Trust and Society|Repair and Renovation,0.009259259259259259,0.5869565217391305,MUZAFFARNAGAR,Uttar_Pradesh,MUZAFFARNAGAR,GEN,Sanjeev Kumar Balyan,M,BJP,573780.0,1160071.0,1698003.0,68.32,49.46,6526.0,0.56,2.08,National Party,2.0,True,True,Doctorate,Agriculture,UTTAR PRADESH,Very Close (<5%),National,NDA
Uttar Pradesh,NAGINA(SC),3046000,CHANDRA SHEKHAR,276,513,505,277,188314540.0,61364493.0,1,Normal/Others,0.5485148514851486,0.9844054580896686,NAGINA,Uttar_Pradesh,NAGINA,SC,GIRISH CHANDRA,M,BSP,568378.0,1009456.0,1586117.0,63.64,56.31,166832.0,16.53,2.08,State-based Party,1.0,False,True,12th Pass,Business,UTTAR PRADESH,Safe (10-20%),Regional,Other
Uttar Pradesh,PHULPUR,3042521,PRAVEEN PATEL,13,25,25,14,196273066.0,46475456.0,1,Normal/Others,0.56,1.0,PHULPUR,Uttar_Pradesh,PHULPUR,GEN,Keshari Devi Patel,F,BJP,544701.0,978236.0,2010477.0,48.66,55.68,171968.0,17.58,2.17,National Party,1.0,False,False,Post Graduate,Salaried Work or Employed,UTTAR PRADESH,Safe (10-20%),National,NDA
Uttar Pradesh,PILIBHIT,3045351,JITIN PRASADA,22,45,42,23,100586328.0,7678364.0,1,Normal/Others,0.5476190476190477,0.9333333333333333,PILIBHIT,Uttar_Pradesh,PILIBHIT,GEN,Feroze Varun Gandhi,M,BJP,704549.0,1186589.0,1761207.0,67.37,59.38,255627.0,21.54,2.04,National Party,3.0,True,True,Post Graduate,Business,UTTAR PRADESH,Very Safe (>20%),National,NDA
Uttar Pradesh,PRATAPGARH,3042522,DR. S P SINGH,79,429,360,80,162804288.0,25826194.0,1,Normal/Others,0.2222222222222222,0.8391608391608392,PRATAPGARH,Uttar_Pradesh,PRATAPGARH,GEN,SANGAM LAL GUPTA,M,BJP,436291.0,914665.0,1708759.0,53.53,47.7,117752.0,12.87,2.78,National Party,1.0,False,False,8th Pass,Business,UTTAR PRADESH,Safe (10-20%),National,NDA
Uttar Pradesh,RAE BARELI,3043489,RAHUL GANDHI,72,171,145,73,99732843.0,2824729.0,2,Normal/Others|Repair and Renovation,0.503448275862069,0.847953216374269,RAE BARELI,Uttar_Pradesh,RAE BARELI,GEN,SONIA GANDHI,F,INC,534918.0,958556.0,1702248.0,56.31,55.8,167178.0,17.44,2.17,National Party,7.0,True,True,Others,Politics,UTTAR PRADESH,Safe (10-20%),National,UPA
Uttar Pradesh,RAMPUR,3042523,MOHIBBULLAH,95,336,233,96,136437644.0,34257822.0,1,Normal/Others,0.41201716738197425,0.6934523809523809,RAMPUR,Uttar_Pradesh,RAMPUR,GEN,Mohammad Azam Khan,M,SP,559177.0,1060921.0,1679506.0,63.17,52.71,109997.0,10.37,2.17,State-based Party,1.0,False,False,Graduate Professional,Business,UTTAR PRADESH,Safe (10-20%),Regional,Other
Uttar Pradesh,ROBERTSGANJ(SC),3042524,CHHOTELAL,85,401,400,86,190126262.0,24774783.0,1,Normal/Others,0.215,0.9975062344139651,ROBERTSGANJ,Uttar_Pradesh,ROBERTSGANJ,SC,PAKAURI LAL KOL,M,ADAL,447914.0,988287.0,1723538.0,57.34,45.32,54336.0,5.5,2.7,Local Party,2.0,False,True,Literate,Retired or Pension,UTTAR PRADESH,Close (5-10%),Regional,Other
Uttar Pradesh,SAHARANPUR,3042525,IMRAN MASOOD,43,106,106,44,176830204.0,37095305.0,1,Normal/Others,0.41509433962264153,1.0,SAHARANPUR,Uttar_Pradesh,SAHARANPUR,GEN,HAJI FAZLUR REHMAN,M,BSP,514139.0,1231746.0,1739082.0,70.83,41.74,22417.0,1.82,2.78,State-based Party,1.0,False,False,Graduate,Business,UTTAR PRADESH,Very Close (<5%),Regional,Other
Uttar Pradesh,SALEMPUR,3042526,RAMASHANKAR RAJBHAR,31,211,159,32,188714392.0,8911196.0,1,Normal/Others,0.20125786163522014,0.7535545023696683,SALEMPUR,Uttar_Pradesh,SALEMPUR,GEN,RAVINDER,M,BJP,467940.0,922518.0,1667282.0,55.33,50.72,112615.0,12.21,2.44,National Party,2.0,True,True,12th Pass,Agriculture,UTTAR PRADESH,Safe (10-20%),National,NDA
Uttar Pradesh,SAMBHAL,3042527,ZIA UR REHMAN,0,325,198,1,153110710.85,0.0,1,Normal/Others,0.005050505050505051,0.6092307692307692,SAMBHAL,Uttar_Pradesh,SAMBHAL,GEN,DR. SHAFIQUR REHMAN BARQ,M,SP,658006.0,1183469.0,1828764.0,64.71,55.6,174826.0,14.77,2.08,State-based Party,5.0,False,True,Graduate,Retired or Pension,UTTAR PRADESH,Safe (10-20%),Regional,Other
Uttar Pradesh,SANT KABIR NAGAR,3042528,LAXMIKANT PAPPU NISHAD,2,591,36,3,118450365.0,1998365.0,1,Normal/Others,0.08333333333333333,0.06091370558375635,SANT KABIR NAGAR,Uttar_Pradesh,SANT KABIR NAGAR,GEN,PRAVEEN KUMAR NISHAD,M,BJP,467543.0,1063390.0,1962903.0,54.17,43.97,35749.0,3.36,2.78,National Party,2.0,True,True,Graduate Professional,Agriculture,UTTAR PRADESH,Very Close (<5%),National,NDA
Uttar Pradesh,SHAHJAHANPUR(SC),3017471,Shri Arun Kumar Sagar,4,7,5,5,228486000.0,97143000.0,2,Normal/Others|Trust and Society,1.0,0.7142857142857143,SHAHJAHANPUR,Uttar_Pradesh,SHAHJAHANPUR,SC,Arun Kumar Sagar,M,BJP,688990.0,1186157.0,2114201.0,56.1,58.09,268418.0,22.63,2.13,National Party,1.0,False,False,12th Pass,Business,UTTAR PRADESH,Very Safe (>20%),National,NDA
Uttar Pradesh,SHRAWASTI,3019223,Ram Shiromani,0,1456,118,1,131253010.0,0.0,2,Normal/Others|Trust and Society,0.00847457627118644,0.08104395604395605,SHRAWASTI,Uttar_Pradesh,SHRAWASTI,GEN,RAM SHIROMANI,M,BSP,441771.0,997007.0,1914739.0,52.07,44.31,5320.0,0.53,2.56,State-based Party,1.0,False,False,Graduate Professional,Business,UTTAR PRADESH,Very Close (<5%),Regional,Other
Uttar Pradesh,SITAPUR,3042529,RAKESH RATHOR,20,57,48,21,214991629.0,30300799.0,1,Normal/Others,0.4375,0.8421052631578947,SITAPUR,Uttar_Pradesh,SITAPUR,GEN,Rajesh Verma,M,BJP,514528.0,1064521.0,1666126.0,63.89,48.33,100833.0,9.47,2.56,National Party,4.0,True,True,Post Graduate,Business,UTTAR PRADESH,Close (5-10%),National,NDA
Uttar Pradesh,SULTANPUR,3042530,RAMBHUAL NISHAD,0,37,33,1,194592398.0,0.0,1,Normal/Others,0.030303030303030304,0.8918918918918919,SULTANPUR,Uttar_Pradesh,SULTANPUR,GEN,MANEKA SANJAI GANDHI,F,BJP,459196.0,1000316.0,1775196.0,56.35,45.91,14526.0,1.45,2.44,National Party,8.0,True,True,12th Pass,Business,UTTAR PRADESH,Very Close (<5%),National,NDA
Uttar Pradesh,UNNAO,3018402,Swami Sachchidanandhari Sakshi ji Maharaj,11,85,62,12,173830074.0,14376437.0,2,Normal/Others|Trust and Society,0.1935483870967742,0.7294117647058823,UNNAO,Uttar_Pradesh,UNNAO,GEN,Swami Sakshi Ji Maharaj,M,BJP,703507.0,1237076.0,2191465.0,56.45,56.87,400956.0,32.41,2.5,National Party,5.0,True,True,Doctorate,Retired or Pension,UTTAR PRADESH,Very Safe (>20%),National,NDA
Uttar Pradesh,VARANASI,3017469,Shri Narendra Modi,95,218,218,96,206949988.0,42274994.0,1,Normal/Others,0.44036697247706424,1.0,VARANASI,Uttar_Pradesh,VARANASI,GEN,NARENDRA MODI,M,BJP,674664.0,1060476.0,1856791.0,57.11,63.62,479505.0,45.22,2.22,National Party,3.0,True,True,Post Graduate,Politics,UTTAR PRADESH,Very Safe (>20%),National,NDA
Uttarakhand,ALMORA(SC),3018414,Ajay Tamta,2,135,50,3,36633713.0,1200000.0,2,Repair and Renovation|Normal/Others,0.06,0.37037037037037035,ALMORA,Uttarakhand,ALMORA,SC,Ajay Tamta,M,BJP,444651.0,694472.0,1337808.0,51.91,64.03,232986.0,33.55,2.0,National Party,2.0,True,True,12th Pass,Business,UTTARAKHAND,Very Safe (>20%),National,NDA
Uttarakhand,GARHWAL,3047111,ANIL BALUNI,0,12,4,1,9990000.0,0.0,2,Normal/Others|Repair and Renovation,0.25,0.3333333333333333,GARHWAL,Uttarakhand,GARHWAL,GEN,Tirath Singh Rawat,M,BJP,506980.0,742784.0,1355796.0,54.79,68.25,302669.0,40.75,1.82,National Party,1.0,False,False,Post Graduate,Agriculture,UTTARAKHAND,Very Safe (>20%),National,NDA
Uttarakhand,HARDWAR,3047110,TRIVENDRA SINGH RAWAT,0,35,22,1,36208743.0,0.0,2,Normal/Others|Repair and Renovation,0.045454545454545456,0.6285714285714286,HARDWAR,Uttarakhand,HARDWAR,GEN,Ramesh Pokhriyal 'Nishank',M,BJP,665674.0,1271030.0,1840738.0,69.05,52.37,258729.0,20.36,2.56,National Party,2.0,True,True,Doctorate,Liberal Profession or Professional,UTTARAKHAND,Very Safe (>20%),National,NDA
Uttarakhand,NAINITAL UDHAM SINGH NAG.,3017176,Ajay Bhatt,60,386,313,61,179485590.0,14543687.0,2,Normal/Others|Repair and Renovation,0.19488817891373802,0.810880829015544,NAINITAL UDHAM SINGH NAG.,,,,,,,,,,,,,,,,,,,,,,,,
Uttarakhand,NAINITAL UDHAM SINGH NAG.,3042531,AJAY BHATT,0,1,1,1,0.0,0.0,0,,1.0,1.0,NAINITAL UDHAM SINGH NAG.,,,,,,,,,,,,,,,,,,,,,,,,
Uttarakhand,TEHRI GARHWAL,3018415,Mala Rajya Laxmi Shah,28,226,167,29,165912790.0,12178590.0,3,Normal/Others|Repair and Renovation|Trust and Society,0.17365269461077845,0.7389380530973452,TEHRI GARHWAL,Uttarakhand,TEHRI GARHWAL,GEN,MALA RAJYA LAXMI SHAH,F,BJP,565333.0,876069.0,1493543.0,58.66,64.53,300586.0,34.31,1.96,National Party,3.0,True,True,12th Pass,Business,UTTARAKHAND,Very Safe (>20%),National,NDA
West Bengal,ALIPURDUARS(ST),3042532,MANOJ TIGGA,0,60,51,1,123308280.4,0.0,1,Normal/Others,0.0196078431372549,0.85,ALIPURDUARS,West_Bengal,ALIPURDUARS,ST,JOHN BARLA,M,BJP,750804.0,1380217.0,1648383.0,83.73,54.4,243989.0,17.68,2.33,National Party,1.0,False,False,8th Pass,Agricultural Labour,WEST BENGAL,Safe (10-20%),National,NDA
West Bengal,ARAMBAG(SC),3042533,BAG MITALI,63,171,104,64,153880081.0,27834309.0,1,Normal/Others,0.6153846153846154,0.6081871345029239,ARAMBAG,,,,,,,,,,,,,,,,,,,,,,,,
West Bengal,ASANSOL,3019235,Shatrughan Sinha,0,28,28,1,193242136.0,0.0,2,Normal/Others|Repair and Renovation,0.03571428571428571,1.0,ASANSOL,West_Bengal,ASANSOL,GEN,BABUL SUPRIYO,M,BJP,633378.0,1238135.0,1615865.0,76.62,51.16,197637.0,15.96,2.56,National Party,2.0,True,True,Graduate,Politics,WEST BENGAL,Safe (10-20%),National,NDA
West Bengal,BAHARAMPUR,3042534,PATHAN YUSUF,0,179,128,1,157662877.0,0.0,1,Normal/Others,0.0078125,0.7150837988826816,BAHARAMPUR,West_Bengal,BAHARAMPUR,GEN,ADHIR RANJAN CHOWDHURY,M,INC,591106.0,1299997.0,1638378.0,79.35,45.47,80696.0,6.21,2.7,National Party,5.0,True,True,10th Pass,Politics,WEST BENGAL,Close (5-10%),National,UPA
West Bengal,BALURGHAT,3017477,Dr Sukanta Majumdar,2,182,179,3,156278737.6,1399058.0,2,Normal/Others|Trust and Society,0.01675977653631285,0.9835164835164835,BALURGHAT,West_Bengal,BALURGHAT,GEN,Sukanta Majumdar,M,BJP,539317.0,1197849.0,1431704.0,83.67,45.02,33293.0,2.78,2.63,National Party,1.0,False,False,Doctorate,Education,WEST BENGAL,Very Close (<5%),National,NDA
West Bengal,BANGAON(SC),3017479,Shri Shantanu Thakur,8,9,9,9,11987672.0,5993836.0,2,Repair and Renovation|Normal/Others,1.0,1.0,BANGAON,West_Bengal,BANGAON,SC,SHANTANU THAKUR,M,BJP,687622.0,1407758.0,1704632.0,82.58,48.85,111594.0,7.93,2.44,National Party,1.0,False,False,Graduate,Religious Occupation,WEST BENGAL,Close (5-10%),National,NDA
West Bengal,BANKURA,3042535,ARUP CHAKRABORTY,1,71,70,2,193966408.0,1682194.0,1,Normal/Others,0.02857142857142857,0.9859154929577465,BANKURA,West_Bengal,BANKURA,GEN,DR. SUBHAS SARKAR,M,BJP,675319.0,1371855.0,1648906.0,83.2,49.23,174333.0,12.71,2.63,National Party,1.0,False,True,Graduate Professional,Liberal Profession or Professional,WEST BENGAL,Safe (10-20%),National,NDA
West Bengal,BARASAT,3017485,Kakoli Ghosh Dastidar,17,157,95,18,165780078.0,14558945.0,2,Normal/Others|Repair and Renovation,0.18947368421052632,0.6050955414012739,BARASAT,West_Bengal,BARASAT,GEN,Dr. Kakoli Ghoshdastidar,F,AITC,648444.0,1395429.0,1718252.0,81.21,46.47,110169.0,7.89,2.63,State-based Party (Other State),3.0,True,True,Post Graduate,Liberal Profession or Professional,WEST BENGAL,Close (5-10%),Regional,Other
West Bengal,BARDHAMAN PURBA(SC),3042536,DR. SHARMILA SARKAR,5,115,55,6,140225490.0,3099103.0,2,Normal/Others|Repair and Renovation,0.10909090909090909,0.4782608695652174,BARDHAMAN PURBA,West_Bengal,BARDHAMAN PURBA,SC,SUNIL KUMAR MONDAL,M,AITC,640834.0,1439286.0,1698089.0,84.76,44.52,89311.0,6.21,2.78,State-based Party (Other State),2.0,True,True,Graduate Professional,Retired or Pension,WEST BENGAL,Close (5-10%),Regional,Other
West Bengal,BARDHAMAN-DURGAPUR,3042537,AZAD KIRTI JHA,2,113,83,3,167441970.0,1597346.0,2,Normal/Others|Repair and Renovation,0.03614457831325301,0.7345132743362832,BARDHAMAN DURGAPUR,West_Bengal,BARDHAMAN DURGAPUR,GEN,S.S AHLUWALIA,M,BJP,598376.0,1433007.0,1733578.0,82.66,41.76,2439.0,0.17,2.86,National Party,2.0,True,True,Graduate Professional,Former Government,WEST BENGAL,Very Close (<5%),National,NDA
West Bengal,BARRACKPUR,3042538,PARTHA BHOWMICK,0,34,9,1,152176855.0,0.0,1,Normal/Others,0.1111111111111111,0.2647058823529412,BARRACKPUR,,,,,,,,,,,,,,,,,,,,,,,,
West Bengal,BASIRHAT,3042539,SK NURUL ISLAM,1,33,16,2,79384296.0,439648.0,2,Normal/Others|Trust and Society,0.125,0.48484848484848486,BASIRHAT,West_Bengal,BASIRHAT,GEN,Nusrat Jahan Ruhi,F,AITC,782078.0,1433339.0,1678357.0,85.4,54.56,350369.0,24.44,2.5,State-based Party (Other State),1.0,False,False,12th Pass,Liberal Profession or Professional,WEST BENGAL,Very Safe (>20%),Regional,Other
West Bengal,BIRBHUM,3017478,Smt Satabdi Roy (Banerjee),31,127,92,32,155104201.2,32389101.0,1,Normal/Others,0.34782608695652173,0.7244094488188977,BIRBHUM,West_Bengal,BIRBHUM,GEN,SATABDI ROY,F,AITC,654077.0,1449423.0,1699219.0,85.3,45.13,88924.0,6.14,2.86,State-based Party (Other State),3.0,True,True,Graduate,Liberal Profession or Professional,WEST BENGAL,Close (5-10%),Regional,Other
West Bengal,BISHNUPUR(SC),3018416,Saumitra khan,0,82,81,1,191087000.0,0.0,2,Normal/Others|Repair and Renovation,0.012345679012345678,0.9878048780487805,BISHNUPUR,West_Bengal,BISHNUPUR,SC,KHAN SAUMITRA,M,BJP,657019.0,1420648.0,1627199.0,87.31,46.25,78047.0,5.49,2.56,National Party,2.0,True,True,12th Pass,Social Work,WEST BENGAL,Close (5-10%),National,NDA
West Bengal,BOLPUR(SC),3019335,Asit Kumar Mal,74,195,186,75,443197578.0,56633633.0,2,Normal/Others|Repair and Renovation,0.4032258064516129,0.9538461538461539,BOLPUR,West_Bengal,BOLPUR,SC,ASIT KUMAR MAL,M,AITC,699171.0,1461269.0,1705073.0,85.7,47.85,106402.0,7.28,2.56,State-based Party (Other State),1.0,False,False,10th Pass,Politics,WEST BENGAL,Close (5-10%),Regional,Other
West Bengal,COOCHBEHAR(SC),3042540,JAGADISH CHANDRA BARMA BASUNIA,0,97,42,1,161493583.0,0.0,2,Normal/Others|Repair and Renovation,0.023809523809523808,0.4329896907216495,COOCHBEHAR,,,,,,,,,,,,,,,,,,,,,,,,
West Bengal,DARJEELING,3019234,Raju Bista,19,161,101,20,150535754.0,8980082.0,2,Normal/Others|Repair and Renovation,0.19801980198019803,0.6273291925465838,DARJEELING,West_Bengal,DARJEELING,GEN,RAJU BISTA,M,BJP,750067.0,1267270.0,1611317.0,78.65,59.19,413443.0,32.62,2.38,National Party,1.0,False,False,Graduate,Salaried Work or Employed,WEST BENGAL,Very Safe (>20%),National,NDA
West Bengal,DIAMOND HARBOUR,3017487,Shri Abhishek Banerjee,182,321,315,183,188047932.0,46206831.0,2,Normal/Others|Repair and Renovation,0.580952380952381,0.9813084112149533,DIAMOND HARBOUR,West_Bengal,DIAMOND HARBOUR,GEN,ABHISHEK BANERJEE,M,AITC,791127.0,1409002.0,1719190.0,81.96,56.15,320594.0,22.75,2.33,State-based Party (Other State),2.0,True,True,Graduate,Salaried Work or Employed,WEST BENGAL,Very Safe (>20%),Regional,Other
West Bengal,DUM DUM,3017493,Prof Sougata Ray,0,59,18,1,85317844.0,0.0,2,Normal/Others|Repair and Renovation,0.05555555555555555,0.3050847457627119,DUM DUM,West_Bengal,DUM DUM,GEN,SOUGATA RAY,M,AITC,512062.0,1204660.0,1566196.0,76.92,42.51,53002.0,4.4,2.86,State-based Party (Other State),4.0,True,True,Post Graduate,Retired or Pension,WEST BENGAL,Very Close (<5%),Regional,Other
West Bengal,GHATAL,3017491,Shri Deepak (Dev) Adhikari,145,187,179,146,224111316.0,72981758.0,1,Normal/Others,0.8156424581005587,0.9572192513368984,GHATAL,West_Bengal,GHATAL,GEN,ADHIKARI DEEPAK (DEV),M,AITC,717959.0,1488818.0,1800002.0,82.71,48.22,107973.0,7.25,2.5,State-based Party (Other State),2.0,True,True,Others,Business,WEST BENGAL,Close (5-10%),Regional,Other
West Bengal,HOOGHLY,3043599,RACHNA BANERJEE,27,102,74,28,169345238.44,9028963.0,1,Normal/Others,0.3783783783783784,0.7254901960784313,HOOGHLY,West_Bengal,HOOGHLY,GEN,LOCKET CHATTERJEE,F,BJP,671448.0,1457842.0,1766601.0,82.52,46.06,73362.0,5.03,2.56,National Party,1.0,False,False,Graduate,Liberal Profession or Professional,WEST BENGAL,Close (5-10%),National,NDA
West Bengal,HOWRAH,3019233,Prasun Banerjee,30,218,214,31,194855002.0,24175501.0,2,Normal/Others|Repair and Renovation,0.14485981308411214,0.981651376146789,HOWRAH,West_Bengal,HOWRAH,GEN,Prasun Banerjee,M,AITC,576711.0,1222293.0,1633925.0,74.81,47.18,103695.0,8.48,2.63,State-based Party (Other State),3.0,True,True,Graduate,Social Work,WEST BENGAL,Close (5-10%),Regional,Other
West Bengal,JADAVPUR,3042541,SAYANI GHOSH,65,216,197,66,160259183.0,11034867.0,2,Normal/Others|Repair and Renovation,0.3350253807106599,0.9120370370370371,JADAVPUR,West_Bengal,JADAVPUR,GEN,MIMI CHAKRABORTY,F,AITC,688472.0,1436894.0,1816857.0,79.09,47.91,295239.0,20.55,2.94,State-based Party (Other State),1.0,False,False,Graduate,Liberal Profession or Professional,WEST BENGAL,Very Safe (>20%),Regional,Other
West Bengal,JALPAIGURI(SC),3017486,Dr Jayanta Kumar Roy,0,27,6,1,76684408.0,0.0,2,Normal/Others|Trust and Society,0.16666666666666666,0.2222222222222222,JALPAIGURI,West_Bengal,JALPAIGURI,SC,Dr. JAYANTA KUMAR ROY,M,BJP,760145.0,1500922.0,1735464.0,86.49,50.65,184004.0,12.26,2.44,National Party,1.0,False,False,Graduate Professional,Liberal Profession or Professional,WEST BENGAL,Safe (10-20%),National,NDA
West Bengal,JANGIPUR,3018418,Khalilur Rahaman,25,108,45,26,104361452.0,11964726.0,2,Normal/Others|Repair and Renovation,0.5777777777777777,0.4166666666666667,JANGIPUR,West_Bengal,JANGIPUR,GEN,KHALILUR RAHAMAN,M,AITC,562838.0,1304504.0,1616213.0,80.71,43.15,245782.0,18.84,3.33,State-based Party (Other State),1.0,False,False,Graduate,Other,WEST BENGAL,Safe (10-20%),Regional,Other
West Bengal,JHARGRAM(ST),3042542,KALIPADA SAREN,1,53,45,2,162633972.0,2999891.0,2,Normal/Others|Trust and Society,0.044444444444444446,0.8490566037735849,JHARGRAM,West_Bengal,JHARGRAM,ST,Kunar Hembram,M,BJP,626583.0,1406214.0,1641868.0,85.65,44.56,11767.0,0.84,2.56,National Party,1.0,False,False,Graduate Professional,Salaried Work or Employed,WEST BENGAL,Very Close (<5%),National,NDA
West Bengal,JOYNAGAR(SC),3018422,Pratima Mondal,61,224,219,62,192616494.0,30269277.0,2,Normal/Others|Repair and Renovation,0.2831050228310502,0.9776785714285714,JOYNAGAR,,,,,,,,,,,,,,,,,,,,,,,,
West Bengal,KANTHI,3042543,ADHIKARI SOUMENDU,29,71,42,30,144455505.0,36121123.0,1,Normal/Others,0.7142857142857143,0.5915492957746479,KANTHI,West_Bengal,KANTHI,GEN,Adhikari Sisir,M,AITC,711872.0,1424247.0,1660147.0,85.79,49.98,111668.0,7.84,2.33,State-based Party (Other State),3.0,True,True,12th Pass,Salaried Work or Employed,WEST BENGAL,Close (5-10%),Regional,Other
West Bengal,KOLKATA DAKSHIN,3018421,Mala Roy,23,79,72,24,189627892.0,18615946.0,2,Normal/Others|Repair and Renovation,0.3333333333333333,0.9113924050632911,KOLKATA DAKSHIN,West_Bengal,KOLKATA DAKSHIN,GEN,Mala Roy,F,AITC,573119.0,1206645.0,1728851.0,69.79,47.5,155192.0,12.86,2.78,State-based Party (Other State),1.0,False,True,Graduate,Politics,WEST BENGAL,Safe (10-20%),Regional,Other
West Bengal,KOLKATA UTTAR,3019533,Sudip Bandyopadhyay,6,39,35,7,154255660.0,6891736.0,1,Normal/Others,0.2,0.8974358974358975,KOLKATA UTTAR,West_Bengal,KOLKATA UTTAR,GEN,BANDYOPADHYAY SUDIP,M,AITC,474891.0,950613.0,1444082.0,65.83,49.96,127095.0,13.37,2.56,State-based Party (Other State),5.0,True,True,Graduate Professional,Politics,WEST BENGAL,Safe (10-20%),Regional,Other
West Bengal,KRISHNANAGAR,3019231,Ms Mahua Moitra,16,49,48,17,198858969.0,9472704.0,2,Repair and Renovation|Normal/Others,0.3541666666666667,0.9795918367346939,KRISHNANAGAR,West_Bengal,KRISHNANAGAR,GEN,MAHUA MOITRA,F,AITC,614872.0,1366443.0,1631698.0,83.74,45.0,63218.0,4.63,2.7,State-based Party (Other State),1.0,False,False,Graduate,Politics,WEST BENGAL,Very Close (<5%),Regional,Other
West Bengal,MALDAHA DAKSHIN,3042544,ISHA KHAN CHOUDHURY,1,134,59,2,88215334.0,249432.0,2,Normal/Others|Repair and Renovation,0.03389830508474576,0.44029850746268656,MALDAHA DAKSHIN,West_Bengal,MALDAHA DAKSHIN,GEN,ABU HASEM KHAN CHOWDHURY (DALU),M,INC,444270.0,1279202.0,1575590.0,81.19,34.73,8222.0,0.64,3.12,National Party,4.0,True,True,Doctorate,Business,WEST BENGAL,Very Close (<5%),National,UPA
West Bengal,MALDAHA UTTAR,3019301,Khagen Murmu,6,31,12,7,48337392.0,4603713.0,2,Normal/Others|Repair and Renovation,0.5833333333333334,0.3870967741935484,MALDAHA UTTAR,West_Bengal,MALDAHA UTTAR,GEN,KHAGEN MURMU,M,BJP,509524.0,1354706.0,1685955.0,80.35,37.61,84288.0,6.22,3.45,National Party,1.0,False,True,Graduate,Agriculture,WEST BENGAL,Close (5-10%),National,NDA
West Bengal,MATHURAPUR(SC),3042545,BAPI HALDAR,25,165,142,26,146170609.0,6263678.0,2,Normal/Others|Trust and Society,0.18309859154929578,0.8606060606060606,MATHURAPUR,West_Bengal,MATHURAPUR,SC,CHOUDHURY MOHAN JATUA,M,AITC,726828.0,1401953.0,1652096.0,84.86,51.84,203974.0,14.55,2.44,State-based Party (Other State),3.0,True,True,Post Graduate,Former Government,WEST BENGAL,Safe (10-20%),Regional,Other
West Bengal,MEDINIPUR,3042546,JUNE MALIAH,4,37,22,5,163705163.0,11043998.0,2,Normal/Others|Repair and Renovation,0.22727272727272727,0.5945945945945946,MEDINIPUR,West_Bengal,MEDINIPUR,GEN,Dilip Ghosh,M,BJP,685433.0,1409815.0,1674236.0,84.21,48.62,88952.0,6.31,2.38,National Party,1.0,False,False,10th Pass,Politics,WEST BENGAL,Close (5-10%),National,NDA
West Bengal,MURSHIDABAD,3019300,Abu Taher Khan,143,328,223,144,165584190.0,23387851.0,2,Normal/Others|Repair and Renovation,0.6457399103139013,0.6798780487804879,MURSHIDABAD,West_Bengal,MURSHIDABAD,GEN,ABU TAHER KHAN,M,AITC,604346.0,1453755.0,1725187.0,84.27,41.57,226417.0,15.57,3.45,State-based Party (Other State),1.0,False,False,8th Pass,Politics,WEST BENGAL,Safe (10-20%),Regional,Other
West Bengal,PURULIA,3017483,Shri Jyotirmay Singh Mahato,0,66,42,1,49212724.0,0.0,1,Normal/Others,0.023809523809523808,0.6363636363636364,PURULIA,West_Bengal,PURULIA,GEN,JYOTIRMAY SINGH MAHATO,M,BJP,668107.0,1355236.0,1645884.0,82.34,49.3,204732.0,15.11,2.78,National Party,1.0,False,False,Graduate Professional,Business,WEST BENGAL,Safe (10-20%),National,NDA
West Bengal,RAIGANJ,3042547,KARTICK CHANDRA PAUL,0,404,204,1,248425078.0,0.0,2,Normal/Others|Repair and Renovation,0.004901960784313725,0.504950495049505,RAIGANJ,West_Bengal,RAIGANJ,GEN,DEBASREE CHAUDHURI,F,BJP,511652.0,1277109.0,1601220.0,79.76,40.06,60574.0,4.74,3.33,National Party,1.0,False,True,Post Graduate,Social Work,WEST BENGAL,Very Close (<5%),National,NDA
West Bengal,RANAGHAT(SC),3019236,Jagannath Sarkar,54,195,122,55,161012760.0,22887237.0,1,Normal/Others,0.45081967213114754,0.6256410256410256,RANAGHAT,West_Bengal,RANAGHAT,SC,JAGANNATH SARKAR,M,BJP,783253.0,1484035.0,1762252.0,84.21,52.78,233428.0,15.73,2.38,National Party,1.0,False,False,Graduate Professional,Education,WEST BENGAL,Safe (10-20%),National,NDA
West Bengal,SREERAMPUR,3019373,Kalyan Banerjee,50,121,119,51,190279194.0,29549955.0,1,Normal/Others,0.42857142857142855,0.9834710743801653,SREERAMPUR,,,,,,,,,,,,,,,,,,,,,,,,
West Bengal,TAMLUK,3042549,ABHIJIT GANGOPADHYAY,12,248,160,13,147476598.0,4696563.0,1,Normal/Others,0.08125,0.6451612903225806,TAMLUK,West_Bengal,TAMLUK,GEN,Adhikari Dibyendu,M,AITC,724433.0,1446499.0,1694646.0,85.36,50.08,190165.0,13.15,2.5,State-based Party (Other State),2.0,True,True,Graduate,Business,WEST BENGAL,Safe (10-20%),Regional,Other
West Bengal,ULUBERIA,3019237,Smt Sajda Ahmed,52,181,130,53,167485078.0,20432539.0,3,Normal/Others|Trust and Society|Repair and Renovation,0.4076923076923077,0.7182320441988951,ULUBERIA,West_Bengal,ULUBERIA,GEN,SAJDA AHMED,F,AITC,694945.0,1311099.0,1614988.0,81.18,53.0,215359.0,16.43,2.44,State-based Party (Other State),2.0,True,True,Graduate,Business,WEST BENGAL,Safe (10-20%),Regional,Other
West Bengal,ULUBERIA,3042550,SAJDA AHMED,0,1,1,1,0.0,0.0,0,,1.0,1.0,ULUBERIA,West_Bengal,ULUBERIA,GEN,SAJDA AHMED,F,AITC,694945.0,1311099.0,1614988.0,81.18,53.0,215359.0,16.43,2.44,State-based Party (Other State),2.0,True,True,Graduate,Business,WEST BENGAL,Safe (10-20%),Regional,Other
