tenure_label,house,state_id,state_name,mp_id,mp_name,mp_tenure,tile_label,ACTIVITY_NAME,ACTUAL_AMOUNT,ACTUAL_END_DATE,ATTACH_ID,AVERAGE_RATING,CONSTITUENCY,CONSTITUENCY_ID,FILE_STATUS,FLAG,IDA_NAME,LETTER_NO,MP_NAME,RECOMMENDATION_DATE,RECOMMENDED_AMOUNT,STATE_NAME,Sno,Total_Amt,WORK_CATEGORY,WORK_DESCRIPTION,WORK_ID,WORK_RECOMMENDATION_DTL_ID
Rajya Sabha,Rajya Sabha,2,Andhra Pradesh,3017190,Shri Subhas Chandra Bose Pilli,2020-26,Works Recommended,WS/MP026/2023-2024/47365-Construction of community centers and community halls,,,584951,,Sitting Rajya Sabha,545,True,1,Dr. B.R. Ambedkar Konaseema(DISTRICT COLLECTOR Dr B R AMBEDKAR KONASEEMA_IDA),LN/MP026/2023-2024/5,Shri Subhas Chandra Bose Pilli (2020-26),08-Nov-2023,2496695.0,Andhra Pradesh,1,,Normal/Others,Construction of BC Community Hall at Alamuru Village and Mandal,,47365
Rajya Sabha,Rajya Sabha,2,Andhra Pradesh,3017190,Shri Subhas Chandra Bose Pilli,2020-26,Works Recommended,WS/MP026/2023-2024/47368-Construction of buildings for community cultural activities,,,486104,,Sitting Rajya Sabha,545,True,1,Dr. B.R. Ambedkar Konaseema(DISTRICT COLLECTOR Dr B R AMBEDKAR KONASEEMA_IDA),LN/MP026/2023-2024/6,Shri Subhas Chandra Bose Pilli (2020-26),08-Nov-2023,1500000.0,Andhra Pradesh,2,,Normal/Others,Construction of Multipurpose Hall of SC (Madiga) Community at Hasanbada Village of Ramachandrapuram,,47368
Rajya Sabha,Rajya Sabha,2,Andhra Pradesh,3017190,Shri Subhas Chandra Bose Pilli,2020-26,Works Recommended,WS/MP026/2023-2024/47380-Construction of buildings for community cultural activities,,,1854879,,Sitting Rajya Sabha,545,True,1,Dr. B.R. Ambedkar Konaseema(DISTRICT COLLECTOR Dr B R AMBEDKAR KONASEEMA_IDA),LN/MP026/2023-2024/7,Shri Subhas Chandra Bose Pilli (2020-26),08-Nov-2023,2500000.0,Andhra Pradesh,3,,Normal/Others,"Construction of Multipurpose Activities Centre in General Locality, Vegayampeta Village of Ramachandrapuram",,47380
Rajya Sabha,Rajya Sabha,2,Andhra Pradesh,3017190,Shri Subhas Chandra Bose Pilli,2020-26,Works Recommended,WS/MP026/2023-2024/47381-Construction of buildings for community cultural activities,,,1241483,,Sitting Rajya Sabha,545,True,1,Dr. B.R. Ambedkar Konaseema(DISTRICT COLLECTOR Dr B R AMBEDKAR KONASEEMA_IDA),LN/MP026/2023-2024/7,Shri Subhas Chandra Bose Pilli (2020-26),08-Nov-2023,2500000.0,Andhra Pradesh,4,,Normal/Others,Construction of Multipurpose activities Centre at Vella Village of Ramachandrapuram,,47381
Rajya Sabha,Rajya Sabha,2,Andhra Pradesh,3017190,Shri Subhas Chandra Bose Pilli,2020-26,Works Recommended,WS/MP026/2023-2024/47383-Construction of buildings for community cultural activities,,,,,Sitting Rajya Sabha,545,,1,Dr. B.R. Ambedkar Konaseema(DISTRICT COLLECTOR Dr B R AMBEDKAR KONASEEMA_IDA),LN/MP026/2023-2024/7,Shri Subhas Chandra Bose Pilli (2020-26),08-Nov-2023,2500000.0,Andhra Pradesh,5,,Normal/Others,Construction of Multipurpose Activities Centre at Pedda Mosque for Muslim Community of Draksharama Village of Ramachandrapuram,,47383
Rajya Sabha,Rajya Sabha,2,Andhra Pradesh,3017190,Shri Subhas Chandra Bose Pilli,2020-26,Works Recommended,WS/MP026/2023-2024/47364-Construction of buildings for community cultural activities,,,,,Sitting Rajya Sabha,545,,1,Dr. B.R. Ambedkar Konaseema(DISTRICT COLLECTOR Dr B R AMBEDKAR KONASEEMA_IDA),LN/MP026/2023-2024/4,Shri Subhas Chandra Bose Pilli (2020-26),08-Nov-2023,2500000.0,Andhra Pradesh,6,,Normal/Others,Construction of Multipurpose Hall at Vakkalanka Village of Ambajipeta Mandal in BC Locality,,47364
Rajya Sabha,Rajya Sabha,2,Andhra Pradesh,3017190,Shri Subhas Chandra Bose Pilli,2020-26,Works Recommended,WS/MP026/2023-2024/47362-Construction of community centers and community halls,,,506163,,Sitting Rajya Sabha,545,True,1,Dr. B.R. Ambedkar Konaseema(DISTRICT COLLECTOR Dr B R AMBEDKAR KONASEEMA_IDA),LN/MP026/2023-2024/3,Shri Subhas Chandra Bose Pilli (2020-26),08-Nov-2023,1000000.0,Andhra Pradesh,7,,Normal/Others,Construction of Community Hall for Madiga Community at Gopalapuram Village of Ravulapalem,,47362
Rajya Sabha,Rajya Sabha,2,Andhra Pradesh,3017190,Shri Subhas Chandra Bose Pilli,2020-26,Works Recommended,WS/MP026/2023-2024/47363-Construction of buildings for community cultural activities,,,495423,,Sitting Rajya Sabha,545,True,1,Dr. B.R. Ambedkar Konaseema(DISTRICT COLLECTOR Dr B R AMBEDKAR KONASEEMA_IDA),LN/MP026/2023-2024/3,Shri Subhas Chandra Bose Pilli (2020-26),08-Nov-2023,1500000.0,Andhra Pradesh,8,,Normal/Others,Construction of Multipurpose Activities Center at Ethakota Village of Ravulapalem Mandal for BC Community,,47363
Rajya Sabha,Rajya Sabha,2,Andhra Pradesh,3017190,Shri Subhas Chandra Bose Pilli,2020-26,Works Recommended,WS/MP026/2023-2024/47283-Construction of buildings for community cultural activities,,,,,Sitting Rajya Sabha,545,,1,Dr. B.R. Ambedkar Konaseema(DISTRICT COLLECTOR Dr B R AMBEDKAR KONASEEMA_IDA),LN/MP026/2023-2024/2,Shri Subhas Chandra Bose Pilli (2020-26),07-Nov-2023,2500000.0,Andhra Pradesh,9,,Normal/Others,Construction of Multipurpose activity Center at I.Polavaram Village and Mandal,,47283
Rajya Sabha,Rajya Sabha,2,Andhra Pradesh,3017190,Shri Subhas Chandra Bose Pilli,2020-26,Works Recommended,WS/MP026/2023-2024/47284-Construction of buildings for community cultural activities,,,,,Sitting Rajya Sabha,545,,1,Dr. B.R. Ambedkar Konaseema(DISTRICT COLLECTOR Dr B R AMBEDKAR KONASEEMA_IDA),LN/MP026/2023-2024/2,Shri Subhas Chandra Bose Pilli (2020-26),07-Nov-2023,2500000.0,Andhra Pradesh,10,,Normal/Others,Construction of Multipurpose activity Centre at Rayavaram Village and Mandal for SC (Mala) Community,,47284
Rajya Sabha,Rajya Sabha,2,Andhra Pradesh,3017190,Shri Subhas Chandra Bose Pilli,2020-26,Works Recommended,WS/MP026/2023-2024/47280-Construction of community centers and community halls,,,584926,,Sitting Rajya Sabha,545,True,1,Dr. B.R. Ambedkar Konaseema(DISTRICT COLLECTOR Dr B R AMBEDKAR KONASEEMA_IDA),LN/MP026/2023-2024/1,Shri Subhas Chandra Bose Pilli (2020-26),07-Nov-2023,2496627.0,Andhra Pradesh,11,,Normal/Others,Construction of Multipurpose Hall at Devarapalli Village of Ravulapalem,,47280
Rajya Sabha,Rajya Sabha,2,Andhra Pradesh,3017190,Shri Subhas Chandra Bose Pilli,2020-26,Works Recommended,WS/MP026/2023-2024/47979-Construction of buildings for community cultural activities,,,585454,,Sitting Rajya Sabha,545,True,1,Kakinada(DISTRICT COLLECTOR KAKINADA_IDA),LN/MP026/2023-2024/8,Shri Subhas Chandra Bose Pilli (2020-26),09-Nov-2023,2298615.0,Andhra Pradesh,12,,Normal/Others,"Construction of Multipurpose activity Centre for BC Community at Turangi Village, kakinada Rural mandal",,47979
Rajya Sabha,Rajya Sabha,2,Andhra Pradesh,3017190,Shri Subhas Chandra Bose Pilli,2020-26,Works Recommended,WS/MP026/2023-2024/48055-Construction of buildings for community cultural activities,,,,,Sitting Rajya Sabha,545,,1,Dr. B.R. Ambedkar Konaseema(DISTRICT COLLECTOR Dr B R AMBEDKAR KONASEEMA_IDA),LN/MP026/2023-2024/9,Shri Subhas Chandra Bose Pilli (2020-26),09-Nov-2023,2500000.0,Andhra Pradesh,13,,Normal/Others,Construction of Multipurpose Activity Centre at Ramachandrapuram Town Near Durgadevi Temple by the side of Kothuru Road,,48055
Rajya Sabha,Rajya Sabha,2,Andhra Pradesh,3017190,Shri Subhas Chandra Bose Pilli,2020-26,Works Recommended,WS/MP026/2023-2024/48056-Construction of buildings for community cultural activities,,,1545255,,Sitting Rajya Sabha,545,True,1,Kakinada(DISTRICT COLLECTOR KAKINADA_IDA),LN/MP026/2023-2024/9,Shri Subhas Chandra Bose Pilli (2020-26),09-Nov-2023,1935666.0,Andhra Pradesh,14,,Normal/Others,Construction of Multipurpose activity Centre in BC Locality near Vepachettu of Kajuluru Village and Mandal,,48056
Rajya Sabha,Rajya Sabha,2,Andhra Pradesh,3017190,Shri Subhas Chandra Bose Pilli,2020-26,Works Recommended,WS/MP026/2023-2024/48057-Construction of buildings for community cultural activities,,,1777098,,Sitting Rajya Sabha,545,True,1,Kakinada(DISTRICT COLLECTOR KAKINADA_IDA),LN/MP026/2023-2024/9,Shri Subhas Chandra Bose Pilli (2020-26),09-Nov-2023,891738.0,Andhra Pradesh,15,,Normal/Others,Construction of Multipurpose Activity Centre in B.C. Loacality at Chakirevu Meraka of kajuluru Village and Mandal,,48057
Rajya Sabha,Rajya Sabha,2,Andhra Pradesh,3017190,Shri Subhas Chandra Bose Pilli,2020-26,Works Recommended,WS/MP026/2023-2024/48059-Providing drains and gutters for public drainage,,,,,Sitting Rajya Sabha,545,,1,Dr. B.R. Ambedkar Konaseema(DISTRICT COLLECTOR Dr B R AMBEDKAR KONASEEMA_IDA),LN/MP026/2023-2024/9,Shri Subhas Chandra Bose Pilli (2020-26),09-Nov-2023,2500000.0,Andhra Pradesh,16,,Normal/Others,Construction of Drain at Santhi Nagar in Ramachandrapuram Town,,48059
Rajya Sabha,Rajya Sabha,2,Andhra Pradesh,3017190,Shri Subhas Chandra Bose Pilli,2020-26,Works Recommended,WS/MP026/2023-2024/48060-Construction of buildings for community cultural activities,,,,,Sitting Rajya Sabha,545,,1,Kakinada(DISTRICT COLLECTOR KAKINADA_IDA),LN/MP026/2023-2024/9,Shri Subhas Chandra Bose Pilli (2020-26),09-Nov-2023,2000000.0,Andhra Pradesh,17,,Normal/Others,Construction of Multipurpose Activity Centre at BC Locality at Seela Village of Kajuluru Mandal,,48060
Rajya Sabha,Rajya Sabha,2,Andhra Pradesh,3017190,Shri Subhas Chandra Bose Pilli,2020-26,Works Recommended,WS/MP026/2023-2024/48061-Construction of buildings for community cultural activities,,,1369637,,Sitting Rajya Sabha,545,True,1,Dr. B.R. Ambedkar Konaseema(DISTRICT COLLECTOR Dr B R AMBEDKAR KONASEEMA_IDA),LN/MP026/2023-2024/9,Shri Subhas Chandra Bose Pilli (2020-26),09-Nov-2023,2000000.0,Andhra Pradesh,18,,Normal/Others,Construction of Multipurpose Activity Centre (Thyagaraya Gana Sabha) in Ward No. 23 at Ramachandrapuram Municipality,,48061
Rajya Sabha,Rajya Sabha,2,Andhra Pradesh,3017190,Shri Subhas Chandra Bose Pilli,2020-26,Works Recommended,WS/MP026/2023-2024/48064-Construction of buildings for community cultural activities,,,,,Sitting Rajya Sabha,545,,1,Kakinada(DISTRICT COLLECTOR KAKINADA_IDA),LN/MP026/2023-2024/9,Shri Subhas Chandra Bose Pilli (2020-26),09-Nov-2023,1500000.0,Andhra Pradesh,19,,Normal/Others,Construction of Multipurpose Activity Centre at BC Locality at Rayaudu Meraka H/O of Kajuluru Village and Mandal,,48064
Rajya Sabha,Rajya Sabha,2,Andhra Pradesh,3017190,Shri Subhas Chandra Bose Pilli,2020-26,Works Recommended,WS/MP026/2023-2024/52701-Construction of rooms and halls in school and colleges,,,1343444,,Sitting Rajya Sabha,545,True,1,Dr. B.R. Ambedkar Konaseema(DISTRICT COLLECTOR Dr B R AMBEDKAR KONASEEMA_IDA),LN/MP026/2023-2024/14,Shri Subhas Chandra Bose Pilli (2020-26),24-Nov-2023,2200000.0,Andhra Pradesh,20,,Normal/Others,"Construction of Class Rooms in Government Degree College, Ramachandrapuram (M)",,52701
Rajya Sabha,Rajya Sabha,2,Andhra Pradesh,3017190,Shri Subhas Chandra Bose Pilli,2020-26,Works Recommended,WS/MP026/2023-2024/52695-Construction of buildings for community cultural activities,,,1079654,,Sitting Rajya Sabha,545,True,1,Dr. B.R. Ambedkar Konaseema(DISTRICT COLLECTOR Dr B R AMBEDKAR KONASEEMA_IDA),LN/MP026/2023-2024/13,Shri Subhas Chandra Bose Pilli (2020-26),24-Nov-2023,1950978.0,Andhra Pradesh,21,,Normal/Others,Construction of Multipurpose Activity Center at Cheruvugattu Peta H/o Venture Village of Rayavaram Mandal,,52695
Rajya Sabha,Rajya Sabha,2,Andhra Pradesh,3017190,Shri Subhas Chandra Bose Pilli,2020-26,Works Recommended,WS/MP026/2023-2024/50485-Construction of buildings for community cultural activities,,,,,Sitting Rajya Sabha,545,,1,CHITTOOR(DISTRICT COLLECTOR CHITTOOR_IDA),LN/MP026/2023-2024/10,Shri Subhas Chandra Bose Pilli (2020-26),19-Nov-2023,2500000.0,Andhra Pradesh,22,,Normal/Others,"Construction of Multipurpose Hall for ST Community at Karvetinagaram Village & Mandal in G.C. Nellore Constituency, Chittoor District",,50485
Rajya Sabha,Rajya Sabha,2,Andhra Pradesh,3017190,Shri Subhas Chandra Bose Pilli,2020-26,Works Recommended,WS/MP026/2023-2024/50486-Construction of stadiums,,,,,Sitting Rajya Sabha,545,,1,Eluru(DISTRICT COLLECTOR ELURU_IDA),LN/MP026/2023-2024/10,Shri Subhas Chandra Bose Pilli (2020-26),19-Nov-2023,2000000.0,Andhra Pradesh,23,,Normal/Others,Construction of Sports Stadium at Nuzividu of Eluru District,,50486
Rajya Sabha,Rajya Sabha,2,Andhra Pradesh,3017190,Shri Subhas Chandra Bose Pilli,2020-26,Works Recommended,WS/MP026/2023-2024/52726-Construction of buildings for community cultural activities,,,,,Sitting Rajya Sabha,545,,1,WEST GODAVARI(DISTRICT COLLECTOR WEST GODAVARI_IDA),LN/MP026/2023-2024/17,Shri Subhas Chandra Bose Pilli (2020-26),24-Nov-2023,894752.0,Andhra Pradesh,24,,Normal/Others,"Construction of Multipurpose Activities Center in SC Locality at Lankapeta, Siddam (V), Penugonda (M) of WG District",,52726
Rajya Sabha,Rajya Sabha,2,Andhra Pradesh,3017190,Shri Subhas Chandra Bose Pilli,2020-26,Works Recommended,WS/MP026/2023-2024/52727-Construction of community centers and community halls,,,,,Sitting Rajya Sabha,545,,1,WEST GODAVARI(DISTRICT COLLECTOR WEST GODAVARI_IDA),LN/MP026/2023-2024/17,Shri Subhas Chandra Bose Pilli (2020-26),24-Nov-2023,898181.0,Andhra Pradesh,25,,Normal/Others,"Construction of SC Community Hall at cheruvupeta, Siddantam (V), Penugonda (M) of WG Dist",,52727
Rajya Sabha,Rajya Sabha,2,Andhra Pradesh,3017190,Shri Subhas Chandra Bose Pilli,2020-26,Works Recommended,WS/MP026/2023-2024/52728-Construction of buildings for community cultural activities,,,,,Sitting Rajya Sabha,545,,1,WEST GODAVARI(DISTRICT COLLECTOR WEST GODAVARI_IDA),LN/MP026/2023-2024/17,Shri Subhas Chandra Bose Pilli (2020-26),24-Nov-2023,902778.0,Andhra Pradesh,26,,Normal/Others,"Construction of Multipurpose Activities Center at Dongaravipalem (V), Penugonda (M) of WG Dist",,52728
Rajya Sabha,Rajya Sabha,2,Andhra Pradesh,3017190,Shri Subhas Chandra Bose Pilli,2020-26,Works Recommended,WS/MP026/2023-2024/52387-Construction of community centers and community halls,,,221137,,Sitting Rajya Sabha,545,True,1,WEST GODAVARI(DISTRICT COLLECTOR WEST GODAVARI_IDA),LN/MP026/2023-2024/11,Shri Subhas Chandra Bose Pilli (2020-26),24-Nov-2023,500000.0,Andhra Pradesh,27,,Normal/Others,"Construction of Drains in S.C. Locality of Alamuru (V), Achanta Constituency, West Godavari District",,52387
Rajya Sabha,Rajya Sabha,2,Andhra Pradesh,3017190,Shri Subhas Chandra Bose Pilli,2020-26,Works Recommended,WS/MP026/2023-2024/52390-Construction of boundary walls of existing public and community buildings,,,537586,,Sitting Rajya Sabha,545,True,1,WEST GODAVARI(DISTRICT COLLECTOR WEST GODAVARI_IDA),LN/MP026/2023-2024/12,Shri Subhas Chandra Bose Pilli (2020-26),24-Nov-2023,1000000.0,Andhra Pradesh,28,,Normal/Others,"Construction of Compound Wall to Sri V.V. Giri Government Kalasala, Dumpagadapa, West Godavari Distric",,52390
Rajya Sabha,Rajya Sabha,2,Andhra Pradesh,3017190,Shri Subhas Chandra Bose Pilli,2020-26,Works Recommended,WS/MP026/2023-2024/52391-Construction of community centers and community halls,,,2106614,,Sitting Rajya Sabha,545,True,1,WEST GODAVARI(DISTRICT COLLECTOR WEST GODAVARI_IDA),LN/MP026/2023-2024/12,Shri Subhas Chandra Bose Pilli (2020-26),24-Nov-2023,999903.0,Andhra Pradesh,29,,Normal/Others,"Construction of Multipurpose hall in S.C. Locality at Alamuru (V), Achanta Constituency, West Godavari District",,52391
Rajya Sabha,Rajya Sabha,2,Andhra Pradesh,3017190,Shri Subhas Chandra Bose Pilli,2020-26,Works Recommended,WS/MP026/2023-2024/52716-Construction of buildings for community cultural activities,,,963180,,Sitting Rajya Sabha,545,True,1,Dr. B.R. Ambedkar Konaseema(DISTRICT COLLECTOR Dr B R AMBEDKAR KONASEEMA_IDA),LN/MP026/2023-2024/16,Shri Subhas Chandra Bose Pilli (2020-26),24-Nov-2023,1500000.0,Andhra Pradesh,30,,Normal/Others,Construction of Multipurpose activities Center (1st Floor) at Pallipalem (V) of Mummidivaram Mumicipality,,52716
Rajya Sabha,Rajya Sabha,2,Andhra Pradesh,3017190,Shri Subhas Chandra Bose Pilli,2020-26,Works Recommended,WS/MP026/2023-2024/52717-Providing drains and gutters for public drainage,,,1387725,,Sitting Rajya Sabha,545,True,1,Dr. B.R. Ambedkar Konaseema(DISTRICT COLLECTOR Dr B R AMBEDKAR KONASEEMA_IDA),LN/MP026/2023-2024/16,Shri Subhas Chandra Bose Pilli (2020-26),24-Nov-2023,500000.0,Andhra Pradesh,31,,Normal/Others,Construction of Internal Drains in SC Colony of Krapa Chintalapudi Palem (V) of Mummidivaram Mandal,,52717
Rajya Sabha,Rajya Sabha,2,Andhra Pradesh,3017190,Shri Subhas Chandra Bose Pilli,2020-26,Works Recommended,WS/MP026/2023-2024/52718-Construction of buildings for community cultural activities,,,,,Sitting Rajya Sabha,545,,1,Dr. B.R. Ambedkar Konaseema(DISTRICT COLLECTOR Dr B R AMBEDKAR KONASEEMA_IDA),LN/MP026/2023-2024/16,Shri Subhas Chandra Bose Pilli (2020-26),24-Nov-2023,500000.0,Andhra Pradesh,32,,Normal/Others,Construction of Multipurpose Activities Center at Gedallanka H/O Komanapalli Village Near Vinkayaka Temple in Mummidivaram mandal,,52718
Rajya Sabha,Rajya Sabha,2,Andhra Pradesh,3017190,Shri Subhas Chandra Bose Pilli,2020-26,Works Recommended,WS/MP026/2023-2024/52719-Construction of buildings for community cultural activities,,,,,Sitting Rajya Sabha,545,,1,Dr. B.R. Ambedkar Konaseema(DISTRICT COLLECTOR Dr B R AMBEDKAR KONASEEMA_IDA),LN/MP026/2023-2024/16,Shri Subhas Chandra Bose Pilli (2020-26),24-Nov-2023,2000000.0,Andhra Pradesh,33,,Normal/Others,Construction of Multipurpose Activities Center at T.Kothapalli (V) SC Locality of I.Polavaram Mandal,,52719
Rajya Sabha,Rajya Sabha,2,Andhra Pradesh,3017190,Shri Subhas Chandra Bose Pilli,2020-26,Works Recommended,WS/MP026/2023-2024/52720-Construction of buildings for community cultural activities,,,1679502,,Sitting Rajya Sabha,545,True,1,Kakinada(DISTRICT COLLECTOR KAKINADA_IDA),LN/MP026/2023-2024/16,Shri Subhas Chandra Bose Pilli (2020-26),24-Nov-2023,1418529.0,Andhra Pradesh,34,,Normal/Others,Construction of Multipurpose Activities Center at Ghorsa (V) of Kothapalli Mandal of Kakinada District,,52720
Rajya Sabha,Rajya Sabha,2,Andhra Pradesh,3017190,Shri Subhas Chandra Bose Pilli,2020-26,Works Recommended,WS/MP026/2023-2024/52721-Providing drains and gutters for public drainage,,,1186864,,Sitting Rajya Sabha,545,True,1,Kakinada(DISTRICT COLLECTOR KAKINADA_IDA),LN/MP026/2023-2024/16,Shri Subhas Chandra Bose Pilli (2020-26),24-Nov-2023,499179.0,Andhra Pradesh,35,,Normal/Others,Construction of CC Drains from Datla Bhaskaramma (H) to Sudharsan Gopalachari (H) in Pillanka Village of Tallarevu Mandal,,52721
Rajya Sabha,Rajya Sabha,2,Andhra Pradesh,3017190,Shri Subhas Chandra Bose Pilli,2020-26,Works Recommended,WS/MP026/2023-2024/52722-Providing drains and gutters for public drainage,,,1186813,,Sitting Rajya Sabha,545,True,1,Kakinada(DISTRICT COLLECTOR KAKINADA_IDA),LN/MP026/2023-2024/16,Shri Subhas Chandra Bose Pilli (2020-26),24-Nov-2023,498455.0,Andhra Pradesh,36,,Normal/Others,Construction of CC Drains fromSagi Venkatapathi Raju (H) to  Datla Bhaskaramma (H)  in Pillanka Village of Tallarevu Mandal,,52722
Rajya Sabha,Rajya Sabha,2,Andhra Pradesh,3017190,Shri Subhas Chandra Bose Pilli,2020-26,Works Recommended,WS/MP026/2023-2024/52723-Providing drains and gutters for public drainage,,,1186888,,Sitting Rajya Sabha,545,True,1,Kakinada(DISTRICT COLLECTOR KAKINADA_IDA),LN/MP026/2023-2024/16,Shri Subhas Chandra Bose Pilli (2020-26),24-Nov-2023,498302.0,Andhra Pradesh,37,,Normal/Others,Construction of CC Drains from Sagi Subrahmanyam Raju (H) to Sagi Venkatapathi Raju (H)  in Pillanka Village of Tallarevu Mandal,,52723
Rajya Sabha,Rajya Sabha,2,Andhra Pradesh,3017190,Shri Subhas Chandra Bose Pilli,2020-26,Works Recommended,WS/MP026/2023-2024/52724-Providing drains and gutters for public drainage,,,654526,,Sitting Rajya Sabha,545,True,1,Kakinada(DISTRICT COLLECTOR KAKINADA_IDA),LN/MP026/2023-2024/16,Shri Subhas Chandra Bose Pilli (2020-26),24-Nov-2023,496320.0,Andhra Pradesh,38,,Normal/Others,Construction of CC Drains from Uta Kalva to Mokkarala Ramachandra Rao (H) in Pillanka Village of Tallarevu Mandal,,52724
Rajya Sabha,Rajya Sabha,2,Andhra Pradesh,3017190,Shri Subhas Chandra Bose Pilli,2020-26,Works Recommended,WS/MP026/2023-2024/52725-Providing drains and gutters for public drainage,,,654558,,Sitting Rajya Sabha,545,True,1,Kakinada(DISTRICT COLLECTOR KAKINADA_IDA),LN/MP026/2023-2024/16,Shri Subhas Chandra Bose Pilli (2020-26),24-Nov-2023,497919.0,Andhra Pradesh,39,,Normal/Others,Construction of CC Drains from Mokkarala Ramachandra Rao (H) to ZPHS School in  Pillanka Village of Tallarevu Mandal,,52725
Rajya Sabha,Rajya Sabha,2,Andhra Pradesh,3017190,Shri Subhas Chandra Bose Pilli,2020-26,Works Recommended,WS/MP026/2023-2024/52704-Construction of buildings for community cultural activities,,,1070092,,Sitting Rajya Sabha,545,True,1,Dr. B.R. Ambedkar Konaseema(DISTRICT COLLECTOR Dr B R AMBEDKAR KONASEEMA_IDA),LN/MP026/2023-2024/15,Shri Subhas Chandra Bose Pilli (2020-26),24-Nov-2023,1000000.0,Andhra Pradesh,40,,Normal/Others,Construction of Multipurpose Activity Center at Thimmapuram H/O Katrenikona Village & Mandal,,52704
Rajya Sabha,Rajya Sabha,2,Andhra Pradesh,3017190,Shri Subhas Chandra Bose Pilli,2020-26,Works Recommended,"WS/MP026/2023-2024/52705-Construction of roads, link roads, pathways or any other road with or without drainage system",,,577531,,Sitting Rajya Sabha,545,True,1,Dr. B.R. Ambedkar Konaseema(DISTRICT COLLECTOR Dr B R AMBEDKAR KONASEEMA_IDA),LN/MP026/2023-2024/15,Shri Subhas Chandra Bose Pilli (2020-26),24-Nov-2023,496814.0,Andhra Pradesh,41,,Normal/Others,Construction of CC Road Yenduru Subhadra Land to Medisetti Satyanarayana House  in K.Gagannadhapuram (V) of Ainavilli Mandal,,52705
Rajya Sabha,Rajya Sabha,2,Andhra Pradesh,3017190,Shri Subhas Chandra Bose Pilli,2020-26,Works Recommended,"WS/MP026/2023-2024/52706-Construction of roads, link roads, pathways or any other road with or without drainage system",,,577495,,Sitting Rajya Sabha,545,True,1,Dr. B.R. Ambedkar Konaseema(DISTRICT COLLECTOR Dr B R AMBEDKAR KONASEEMA_IDA),LN/MP026/2023-2024/15,Shri Subhas Chandra Bose Pilli (2020-26),24-Nov-2023,496814.0,Andhra Pradesh,42,,Normal/Others,Construction of CC Road at Seela palem locality from Munukoti Kannaji Land to Nichana Kolla Krishna Land in K.Gagannadhapuram (V) of Ayinavilli Mandal,,52706
Rajya Sabha,Rajya Sabha,2,Andhra Pradesh,3017190,Shri Subhas Chandra Bose Pilli,2020-26,Works Recommended,"WS/MP026/2023-2024/52707-Construction of roads, link roads, pathways or any other road with or without drainage system",,,577557,,Sitting Rajya Sabha,545,True,1,Dr. B.R. Ambedkar Konaseema(DISTRICT COLLECTOR Dr B R AMBEDKAR KONASEEMA_IDA),LN/MP026/2023-2024/15,Shri Subhas Chandra Bose Pilli (2020-26),24-Nov-2023,496814.0,Andhra Pradesh,43,,Normal/Others,Construction of CC Road from Yenduri Ravi Land to Yenduri Subhadra Land in K.Gagannadhapuram (V) of Ayinavilli Mandal,,52707
Rajya Sabha,Rajya Sabha,2,Andhra Pradesh,3017190,Shri Subhas Chandra Bose Pilli,2020-26,Works Recommended,WS/MP026/2023-2024/55422-Construction of boundary walls of existing public and community buildings,,,2121125,,Sitting Rajya Sabha,545,True,1,Bapatla(DISTRICT COLLECTOR BAPATLA_IDA),LN/MP026/2023-2024/18,Shri Subhas Chandra Bose Pilli (2020-26),01-Dec-2023,1428197.0,Andhra Pradesh,44,,Normal/Others,"Construction of Compound Wall to Community Hall at Bharatha Nagar ( SC Locality) Kondubhotlapalem Village, Bapatla Mandal and District",,55422
Rajya Sabha,Rajya Sabha,2,Andhra Pradesh,3017190,Shri Subhas Chandra Bose Pilli,2020-26,Works Recommended,WS/MP026/2023-2024/55423-Construction of boundary walls of existing public and community buildings,,,2121121,,Sitting Rajya Sabha,545,True,1,Bapatla(DISTRICT COLLECTOR BAPATLA_IDA),LN/MP026/2023-2024/18,Shri Subhas Chandra Bose Pilli (2020-26),01-Dec-2023,666492.0,Andhra Pradesh,45,,Normal/Others,"Construction of Compound Wall to the Reading Room at Dalithwada, Kondubhotlapalem Village of Bapatla Mandal and District",,55423
Rajya Sabha,Rajya Sabha,2,Andhra Pradesh,3017190,Shri Subhas Chandra Bose Pilli,2020-26,Works Recommended,WS/MP026/2023-2024/55456-Construction of boundary walls of existing public and community buildings,,,450897,,Sitting Rajya Sabha,545,True,1,Dr. B.R. Ambedkar Konaseema(DISTRICT COLLECTOR Dr B R AMBEDKAR KONASEEMA_IDA),LN/MP026/2023-2024/19,Shri Subhas Chandra Bose Pilli (2020-26),01-Dec-2023,500000.0,Andhra Pradesh,46,,Normal/Others,"Construction of Multipurpose Activities Center in General Locality near MPDO Office, K.Gangavaram Village and mandal",,55456
Rajya Sabha,Rajya Sabha,2,Andhra Pradesh,3017190,Shri Subhas Chandra Bose Pilli,2020-26,Works Recommended,WS/MP026/2023-2024/55457-Construction of buildings for community cultural activities,,,680694,,Sitting Rajya Sabha,545,True,1,Dr. B.R. Ambedkar Konaseema(DISTRICT COLLECTOR Dr B R AMBEDKAR KONASEEMA_IDA),LN/MP026/2023-2024/19,Shri Subhas Chandra Bose Pilli (2020-26),01-Dec-2023,500000.0,Andhra Pradesh,47,,Normal/Others,"Prividing Amenities to Multipurpose Activities Center in General Locality near MPDO Office, K.Gangavaram Village and Mandal",,55457
Rajya Sabha,Rajya Sabha,2,Andhra Pradesh,3017190,Shri Subhas Chandra Bose Pilli,2020-26,Works Recommended,"WS/MP026/2023-2024/71488-Construction of roads, link roads, pathways or any other road with or without drainage system",,,474846,,Sitting Rajya Sabha,545,True,1,Dr. B.R. Ambedkar Konaseema(DISTRICT COLLECTOR Dr B R AMBEDKAR KONASEEMA_IDA),LN/MP026/2023-2024/22,Shri Subhas Chandra Bose Pilli (2020-26),29-Dec-2023,500000.0,Andhra Pradesh,48,,Normal/Others,"Construction of WBM Road from burial ground to Vardhineedi Krishna Murthy Fields on Flood Bank in (Mooripalem) Adurru (V), Mamidikuduru Mandal",,71488
Rajya Sabha,Rajya Sabha,2,Andhra Pradesh,3017190,Shri Subhas Chandra Bose Pilli,2020-26,Works Recommended,"WS/MP026/2023-2024/71489-Construction of roads, link roads, pathways or any other road with or without drainage system",,,474886,,Sitting Rajya Sabha,545,True,1,Dr. B.R. Ambedkar Konaseema(DISTRICT COLLECTOR Dr B R AMBEDKAR KONASEEMA_IDA),LN/MP026/2023-2024/22,Shri Subhas Chandra Bose Pilli (2020-26),29-Dec-2023,500000.0,Andhra Pradesh,49,,Normal/Others,"Construction of WBM Road from Vardhineedi Prakash Fields to Bural ground in (Mooripalem) Adurru (V), Mamidikuduru Mandal",,71489
Rajya Sabha,Rajya Sabha,2,Andhra Pradesh,3017190,Shri Subhas Chandra Bose Pilli,2020-26,Works Recommended,"WS/MP026/2023-2024/71490-Construction of roads, link roads, pathways or any other road with or without drainage system",,,474816,,Sitting Rajya Sabha,545,True,1,Dr. B.R. Ambedkar Konaseema(DISTRICT COLLECTOR Dr B R AMBEDKAR KONASEEMA_IDA),LN/MP026/2023-2024/22,Shri Subhas Chandra Bose Pilli (2020-26),29-Dec-2023,500000.0,Andhra Pradesh,50,,Normal/Others,"Construction of WBM Road from Vardhineedi Krishna Murthy Fields to Kothapalli Balaram Krishnam Raju Fields (Mooripalem) Adurru (V), Mamidikuduru Mandal",,71490
Rajya Sabha,Rajya Sabha,2,Andhra Pradesh,3017190,Shri Subhas Chandra Bose Pilli,2020-26,Works Recommended,"WS/MP026/2023-2024/71491-Construction of roads, link roads, pathways or any other road with or without drainage system",,,474872,,Sitting Rajya Sabha,545,True,1,Dr. B.R. Ambedkar Konaseema(DISTRICT COLLECTOR Dr B R AMBEDKAR KONASEEMA_IDA),LN/MP026/2023-2024/22,Shri Subhas Chandra Bose Pilli (2020-26),29-Dec-2023,500000.0,Andhra Pradesh,51,,Normal/Others,"Construction of WBM Road from Jakkampudi Ganga Raju Gari Fields to Jakkampudi Eswara Rao Fields in (Mooripalem) Adurru (V), Mamidikuduru Mandal",,71491
Rajya Sabha,Rajya Sabha,2,Andhra Pradesh,3017190,Shri Subhas Chandra Bose Pilli,2020-26,Works Recommended,"WS/MP026/2023-2024/71492-Construction of roads, link roads, pathways or any other road with or without drainage system",,,474931,,Sitting Rajya Sabha,545,True,1,Dr. B.R. Ambedkar Konaseema(DISTRICT COLLECTOR Dr B R AMBEDKAR KONASEEMA_IDA),LN/MP026/2023-2024/22,Shri Subhas Chandra Bose Pilli (2020-26),29-Dec-2023,500000.0,Andhra Pradesh,52,,Normal/Others,"Construction of WBM Road from Jakkampudi Eswara Rao  Fields to Vardhineedi Prakash Fields in  (Mooripalem) Adurru (V), Mamidikuduru Mandal",,71492
Rajya Sabha,Rajya Sabha,2,Andhra Pradesh,3017190,Shri Subhas Chandra Bose Pilli,2020-26,Works Recommended,"WS/MP026/2023-2024/71440-Construction of roads, link roads, pathways or any other road with or without drainage system",,,634021,,Sitting Rajya Sabha,545,True,1,Sri Potti Sriramulu Nellore(DISTRICT COLLECTOR NELLORE_IDA),LN/MP026/2023-2024/21,Shri Subhas Chandra Bose Pilli (2020-26),29-Dec-2023,477012.0,Andhra Pradesh,53,,Normal/Others,Construction of CC Road (Bit-1) at Rayalaseema Colony of Iskapalem Gram Panchayat in Buchireddypalem Mandal of SPSR Nellore District,,71440
Rajya Sabha,Rajya Sabha,2,Andhra Pradesh,3017190,Shri Subhas Chandra Bose Pilli,2020-26,Works Recommended,"WS/MP026/2023-2024/71441-Construction of roads, link roads, pathways or any other road with or without drainage system",,,634039,,Sitting Rajya Sabha,545,True,1,Sri Potti Sriramulu Nellore(DISTRICT COLLECTOR NELLORE_IDA),LN/MP026/2023-2024/21,Shri Subhas Chandra Bose Pilli (2020-26),29-Dec-2023,434704.0,Andhra Pradesh,54,,Normal/Others,Construction of CC Road (Bit-II) at Rayalaseema Colony of Iskapalem Gram Panchayat in Buchireddypalem Mandal of SPSR Nellore District,,71441
Rajya Sabha,Rajya Sabha,2,Andhra Pradesh,3017190,Shri Subhas Chandra Bose Pilli,2020-26,Works Recommended,WS/MP026/2023-2024/72933-Construction of culverts and bridges,,,920544,,Sitting Rajya Sabha,545,True,1,Dr. B.R. Ambedkar Konaseema(DISTRICT COLLECTOR Dr B R AMBEDKAR KONASEEMA_IDA),LN/MP026/2023-2024/23,Shri Subhas Chandra Bose Pilli (2020-26),01-Jan-2024,2814190.0,Andhra Pradesh,55,,Normal/Others,Construction of Culvert on the Irrgation Drain at Kannadathota H/O Thotapeta Village of Ramachandrapuram,,72933
Rajya Sabha,Rajya Sabha,2,Andhra Pradesh,3017190,Shri Subhas Chandra Bose Pilli,2020-26,Works Recommended,WS/MP026/2023-2024/67199-Development of playfields and sports grounds,,,1387462,,Sitting Rajya Sabha,545,True,1,Dr. B.R. Ambedkar Konaseema(DISTRICT COLLECTOR Dr B R AMBEDKAR KONASEEMA_IDA),LN/MP026/2023-2024/20,Shri Subhas Chandra Bose Pilli (2020-26),21-Dec-2023,1800000.0,Andhra Pradesh,56,,Normal/Others,"Construction of Basket Ball Court and providing Movable Posts, Fensing and Equipment at SKPGN High School Grounds Ramachandrapuram Town",,67199
Rajya Sabha,Rajya Sabha,2,Andhra Pradesh,3017190,Shri Subhas Chandra Bose Pilli,2020-26,Works Recommended,WS/MP026/2023-2024/67200-Construction of buildings for community cultural activities,,,339972,,Sitting Rajya Sabha,545,True,1,Dr. B.R. Ambedkar Konaseema(DISTRICT COLLECTOR Dr B R AMBEDKAR KONASEEMA_IDA),LN/MP026/2023-2024/20,Shri Subhas Chandra Bose Pilli (2020-26),21-Dec-2023,500000.0,Andhra Pradesh,57,,Normal/Others,"Construction of SC multipurpose hall at Hasanbada Village, Ramachandrapuram Mandal",,67200
Rajya Sabha,Rajya Sabha,2,Andhra Pradesh,3017190,Shri Subhas Chandra Bose Pilli,2020-26,Works Recommended,WS/MP026/2023-2024/67201-Construction of buildings for community cultural activities,,,402688,,Sitting Rajya Sabha,545,True,1,Dr. B.R. Ambedkar Konaseema(DISTRICT COLLECTOR Dr B R AMBEDKAR KONASEEMA_IDA),LN/MP026/2023-2024/20,Shri Subhas Chandra Bose Pilli (2020-26),21-Dec-2023,500000.0,Andhra Pradesh,58,,Normal/Others,Construction of SC (Mala) Multipurpose Hall at Hasanbada Village of Ramachadrapuram Mandal,,67201
Rajya Sabha,Rajya Sabha,2,Andhra Pradesh,3017190,Shri Subhas Chandra Bose Pilli,2020-26,Works Recommended,WS/MP026/2023-2024/76073-Providing drains and gutters for public drainage,,,495502,,Sitting Rajya Sabha,545,True,1,Dr. B.R. Ambedkar Konaseema(DISTRICT COLLECTOR Dr B R AMBEDKAR KONASEEMA_IDA),LN/MP026/2023-2024/26,Shri Subhas Chandra Bose Pilli (2020-26),06-Jan-2024,300000.0,Andhra Pradesh,59,,Normal/Others,"Construction of Drain from Vuta Kalva to School Building at Matlacheruvu, H/O Nela Prathipadu of Velampalem in Ramachandrapuram Mandal",,76073
Rajya Sabha,Rajya Sabha,2,Andhra Pradesh,3017190,Shri Subhas Chandra Bose Pilli,2020-26,Works Recommended,WS/MP026/2023-2024/76074-Providing drains and gutters for public drainage,,,495463,,Sitting Rajya Sabha,545,True,1,Dr. B.R. Ambedkar Konaseema(DISTRICT COLLECTOR Dr B R AMBEDKAR KONASEEMA_IDA),LN/MP026/2023-2024/26,Shri Subhas Chandra Bose Pilli (2020-26),06-Jan-2024,300000.0,Andhra Pradesh,60,,Normal/Others,"Construction of Drain from School Building to Kadiyala Ananda Rao House  at Matlacheruvu, H/O Nela Prathipadu of Velampalem in Ramachandrapuram Mandal",,76074
Rajya Sabha,Rajya Sabha,2,Andhra Pradesh,3017190,Shri Subhas Chandra Bose Pilli,2020-26,Works Recommended,WS/MP026/2023-2024/83890-Construction of buildings for community cultural activities,,,,,Sitting Rajya Sabha,545,,1,Dr. B.R. Ambedkar Konaseema(DISTRICT COLLECTOR Dr B R AMBEDKAR KONASEEMA_IDA),LN/MP026/2023-2024/29,Shri Subhas Chandra Bose Pilli (2020-26),18-Jan-2024,1000000.0,Andhra Pradesh,61,,Normal/Others,"Construction of Multipurpose Activities Center for SCs in Ward No.2, Kothuru Road,Stillwell Peta,Ramachandrapuram Town",,83890
Rajya Sabha,Rajya Sabha,2,Andhra Pradesh,3017190,Shri Subhas Chandra Bose Pilli,2020-26,Works Recommended,WS/MP026/2023-2024/86846-Construction of buildings for community cultural activities,,,,,Sitting Rajya Sabha,545,,1,Dr. B.R. Ambedkar Konaseema(DISTRICT COLLECTOR Dr B R AMBEDKAR KONASEEMA_IDA),LN/MP026/2023-2024/30,Shri Subhas Chandra Bose Pilli (2020-26),22-Jan-2024,1500000.0,Andhra Pradesh,62,,Normal/Others,"Construction of Multipurpose activities Center in SC  Colony, Paningapalli Village of K.Gangavaram Mandal",,86846
Rajya Sabha,Rajya Sabha,2,Andhra Pradesh,3017190,Shri Subhas Chandra Bose Pilli,2020-26,Works Recommended,WS/MP026/2024-2025/136823-Crematoriums/energy efficient crematoriums or structures on burial/cremation ground,,,1852769,,Sitting Rajya Sabha,545,True,1,Dr. B.R. Ambedkar Konaseema(DISTRICT COLLECTOR Dr B R AMBEDKAR KONASEEMA_IDA),LN/MP026/2024-2025/35,Shri Subhas Chandra Bose Pilli (2020-26),23-Aug-2024,1894566.0,Andhra Pradesh,63,,Normal/Others,"Construction of Burrial Ground at Bhimakrosupalem, Ramachandrapuram (M), Dr.B.R Ambedkar Konaseema District.",,136823
Rajya Sabha,Rajya Sabha,2,Andhra Pradesh,3017190,Shri Subhas Chandra Bose Pilli,2020-26,Works Recommended,WS/MP026/2024-2025/136824-Construction of additional rooms and halls in the existing public and community building,,,1216969,,Sitting Rajya Sabha,545,True,1,Dr. B.R. Ambedkar Konaseema(DISTRICT COLLECTOR Dr B R AMBEDKAR KONASEEMA_IDA),LN/MP026/2024-2025/35,Shri Subhas Chandra Bose Pilli (2020-26),23-Aug-2024,935884.0,Andhra Pradesh,64,,Normal/Others,"Construction of Additional Room and Slab  at S.C.(Madiga) Community hall Hasanbada, Ramachandrapuram (M), Dr.B.R Ambedkar Konaseema District",,136824
Rajya Sabha,Rajya Sabha,2,Andhra Pradesh,3017190,Shri Subhas Chandra Bose Pilli,2020-26,Works Recommended,"WS/MP026/2024-2025/136825-Construction of roads, link roads, pathways or any other road with or without drainage system",,,1185115,,Sitting Rajya Sabha,545,True,1,Dr. B.R. Ambedkar Konaseema(DISTRICT COLLECTOR Dr B R AMBEDKAR KONASEEMA_IDA),LN/MP026/2024-2025/35,Shri Subhas Chandra Bose Pilli (2020-26),23-Aug-2024,495000.0,Andhra Pradesh,65,,Normal/Others,"Formation of C.C.Road from Bunga Srinu house to Neduri Sattibabu House at S.C.Peta, chodavaram(V), Ramachandrapuram (M), Dr.B.R Ambedkar Konaseema District",,136825
Rajya Sabha,Rajya Sabha,2,Andhra Pradesh,3017190,Shri Subhas Chandra Bose Pilli,2020-26,Works Recommended,"WS/MP026/2024-2025/136826-Construction of roads, link roads, pathways or any other road with or without drainage system",,,1185159,,Sitting Rajya Sabha,545,True,1,Dr. B.R. Ambedkar Konaseema(DISTRICT COLLECTOR Dr B R AMBEDKAR KONASEEMA_IDA),LN/MP026/2024-2025/35,Shri Subhas Chandra Bose Pilli (2020-26),23-Aug-2024,495000.0,Andhra Pradesh,66,,Normal/Others,"Formation of C.C.Road from Juttuga Sarveswara Rao house to Juttuga Gurrayya House at S.C.Peta, chodavaram(V), Ramachandrapuram (M), Dr.B.R Ambedkar Konaseema District",,136826
Rajya Sabha,Rajya Sabha,2,Andhra Pradesh,3017190,Shri Subhas Chandra Bose Pilli,2020-26,Works Recommended,WS/MP026/2024-2025/136827-Construction of community centers and community halls,,,1549290,,Sitting Rajya Sabha,545,True,1,Dr. B.R. Ambedkar Konaseema(DISTRICT COLLECTOR Dr B R AMBEDKAR KONASEEMA_IDA),LN/MP026/2024-2025/35,Shri Subhas Chandra Bose Pilli (2020-26),23-Aug-2024,495000.0,Andhra Pradesh,67,,Normal/Others,"Construction of Multipurpose Hall at S.C. locality , Juvvipadu H/o Oduru (V), Ramachandrapuram (M), Dr.B.R Ambedkar Konaseema District",,136827
Rajya Sabha,Rajya Sabha,2,Andhra Pradesh,3017190,Shri Subhas Chandra Bose Pilli,2020-26,Works Recommended,WS/MP026/2024-2025/136828-Construction of buildings for community cultural activities,,,,,Sitting Rajya Sabha,545,,1,Dr. B.R. Ambedkar Konaseema(DISTRICT COLLECTOR Dr B R AMBEDKAR KONASEEMA_IDA),LN/MP026/2024-2025/35,Shri Subhas Chandra Bose Pilli (2020-26),23-Aug-2024,3000000.0,Andhra Pradesh,68,,Normal/Others,"Construction of Multipurpose Hall near Venkateswara Swamy Temple , Gogannamatam Village, Mamidikuduru(M), ), Dr.B.R Ambedkar Konaseema District",,136828
Rajya Sabha,Rajya Sabha,2,Andhra Pradesh,3017190,Shri Subhas Chandra Bose Pilli,2020-26,Works Recommended,WS/MP026/2024-2025/136829-Crematoriums/energy efficient crematoriums or structures on burial/cremation ground,,,2110233,,Sitting Rajya Sabha,545,True,1,Dr. B.R. Ambedkar Konaseema(DISTRICT COLLECTOR Dr B R AMBEDKAR KONASEEMA_IDA),LN/MP026/2024-2025/35,Shri Subhas Chandra Bose Pilli (2020-26),23-Aug-2024,2000000.0,Andhra Pradesh,69,,Normal/Others,"Improvements to Burrial Ground for BC’s at Kandulapalem(V), Ramachandrapuram (M), Dr.B.R Ambedkar Konaseema District",,136829
Rajya Sabha,Rajya Sabha,2,Andhra Pradesh,3017190,Shri Subhas Chandra Bose Pilli,2020-26,Works Recommended,"WS/MP026/2024-2025/136830-Construction of roads, link roads, pathways or any other road with or without drainage system",,,1053105,,Sitting Rajya Sabha,545,True,1,Dr. B.R. Ambedkar Konaseema(DISTRICT COLLECTOR Dr B R AMBEDKAR KONASEEMA_IDA),LN/MP026/2024-2025/35,Shri Subhas Chandra Bose Pilli (2020-26),23-Aug-2024,495000.0,Andhra Pradesh,70,,Normal/Others,"Formation of C.C. Road from Medisetti Venkata Ramana House to Parthamsetti Annavaram Cattle Shed in S.C Locality at Bhatlapalika(V), K.Gangavaram Mandal, Dr.B.R.Ambedkar Konaseema District (A.P)",,136830
Rajya Sabha,Rajya Sabha,2,Andhra Pradesh,3017190,Shri Subhas Chandra Bose Pilli,2020-26,Works Recommended,"WS/MP026/2024-2025/136831-Construction of roads, link roads, pathways or any other road with or without drainage system",,,1053138,,Sitting Rajya Sabha,545,True,1,Dr. B.R. Ambedkar Konaseema(DISTRICT COLLECTOR Dr B R AMBEDKAR KONASEEMA_IDA),LN/MP026/2024-2025/35,Shri Subhas Chandra Bose Pilli (2020-26),23-Aug-2024,495000.0,Andhra Pradesh,71,,Normal/Others,"Formation of C.C Road From Parthamsetti Ramu Cattle Shed to Pantakalva Bridge Shed in S.C Locality at Bhatlapalika(V), K.Gangavaram Mandal, Dr.B.R.Ambedkar Konaseema District",,136831
Rajya Sabha,Rajya Sabha,2,Andhra Pradesh,3017190,Shri Subhas Chandra Bose Pilli,2020-26,Works Recommended,WS/MP026/2023-2024/88412-Construction of buildings for community cultural activities,,,1185449,,Sitting Rajya Sabha,545,True,1,Dr. B.R. Ambedkar Konaseema(DISTRICT COLLECTOR Dr B R AMBEDKAR KONASEEMA_IDA),LN/MP026/2023-2024/31,Shri Subhas Chandra Bose Pilli (2020-26),24-Jan-2024,2500000.0,Andhra Pradesh,72,,Normal/Others,"Construction of Multipurpose activities Centre in B.C. Locality Seelam Vari Savaram, 6th ward, Ramachandrapuram Town",,88412
Rajya Sabha,Rajya Sabha,2,Andhra Pradesh,3017190,Shri Subhas Chandra Bose Pilli,2020-26,Works Recommended,"WS/MP026/2023-2024/89991-Construction of roads, link roads, pathways or any other road with or without drainage system",,,479599,,Sitting Rajya Sabha,545,True,1,Dr. B.R. Ambedkar Konaseema(DISTRICT COLLECTOR Dr B R AMBEDKAR KONASEEMA_IDA),LN/MP026/2023-2024/32,Shri Subhas Chandra Bose Pilli (2020-26),27-Jan-2024,500000.0,Andhra Pradesh,73,,Normal/Others,Construction of CC Road from Pulidind Lakshmi (H) to Kadimi Chenna Reddy (H) in Kotasherilnaka peta H/O Kota of K.Gangavaram Mandal,,89991
Rajya Sabha,Rajya Sabha,2,Andhra Pradesh,3017190,Shri Subhas Chandra Bose Pilli,2020-26,Works Recommended,"WS/MP026/2023-2024/89992-Construction of roads, link roads, pathways or any other road with or without drainage system",,,479632,,Sitting Rajya Sabha,545,True,1,Dr. B.R. Ambedkar Konaseema(DISTRICT COLLECTOR Dr B R AMBEDKAR KONASEEMA_IDA),LN/MP026/2023-2024/32,Shri Subhas Chandra Bose Pilli (2020-26),27-Jan-2024,500000.0,Andhra Pradesh,74,,Normal/Others,Construction of CC Road from  Kadimi Chenna Reddy (H) to Didella Ananda Rao in Kotasherilnaka peta H/O Kota of K.Gangavaram Mandal,,89992
Rajya Sabha,Rajya Sabha,2,Andhra Pradesh,3017190,Shri Subhas Chandra Bose Pilli,2020-26,Works Recommended,WS/MP026/2024-2025/141527-Crematoriums/energy efficient crematoriums or structures on burial/cremation ground,,,,,Sitting Rajya Sabha,545,,1,Dr. B.R. Ambedkar Konaseema(DISTRICT COLLECTOR Dr B R AMBEDKAR KONASEEMA_IDA),LN/MP026/2024-2025/36,Shri Subhas Chandra Bose Pilli (2020-26),18-Sep-2024,4000000.0,Andhra Pradesh,75,,Normal/Others,Improvements to Burial Ground at Matla Cheruvu H/o Nelaparthipadu Village of Ramachandrapuram Mandal,,141527
Rajya Sabha,Rajya Sabha,2,Andhra Pradesh,3017190,Shri Subhas Chandra Bose Pilli,2020-26,Works Recommended,WS/MP026/2024-2025/141528-Construction of buildings for community cultural activities,,,,,Sitting Rajya Sabha,545,,1,Dr. B.R. Ambedkar Konaseema(DISTRICT COLLECTOR Dr B R AMBEDKAR KONASEEMA_IDA),LN/MP026/2024-2025/36,Shri Subhas Chandra Bose Pilli (2020-26),18-Sep-2024,2500000.0,Andhra Pradesh,76,,Normal/Others,Construction of Multipurpose Hall for B.C Community at Venkatayapalem Village of Ramachandrapuram Mandal,,141528
Rajya Sabha,Rajya Sabha,2,Andhra Pradesh,3017190,Shri Subhas Chandra Bose Pilli,2020-26,Works Recommended,"WS/MP026/2024-2025/141529-Construction of roads, link roads, pathways or any other road with or without drainage system",,,1352981,,Sitting Rajya Sabha,545,True,1,Dr. B.R. Ambedkar Konaseema(DISTRICT COLLECTOR Dr B R AMBEDKAR KONASEEMA_IDA),LN/MP026/2024-2025/36,Shri Subhas Chandra Bose Pilli (2020-26),18-Sep-2024,494333.0,Andhra Pradesh,77,,Normal/Others,Formation of Approach Road to Burial Ground of S.C Community at Venkatayapalem Village of Ramachandrapuram Mandal,,141529
Rajya Sabha,Rajya Sabha,2,Andhra Pradesh,3017190,Shri Subhas Chandra Bose Pilli,2020-26,Works Recommended,"WS/MP026/2024-2025/141531-Construction of roads, link roads, pathways or any other road with or without drainage system",,,1353003,,Sitting Rajya Sabha,545,True,1,Dr. B.R. Ambedkar Konaseema(DISTRICT COLLECTOR Dr B R AMBEDKAR KONASEEMA_IDA),LN/MP026/2024-2025/36,Shri Subhas Chandra Bose Pilli (2020-26),18-Sep-2024,492549.0,Andhra Pradesh,78,,Normal/Others,Construction of Internal CC Roads from K Srinivasaraju House to G.Ramana House &Tadigoyya Road to Dumping Yard  in Venkatayapalem Village of Ramachandrapuram Mandal,,141531
Rajya Sabha,Rajya Sabha,2,Andhra Pradesh,3017190,Shri Subhas Chandra Bose Pilli,2020-26,Works Recommended,WS/MP026/2024-2025/141532-Construction of community centers and community halls,,,2173109,,Sitting Rajya Sabha,545,True,1,Dr. B.R. Ambedkar Konaseema(DISTRICT COLLECTOR Dr B R AMBEDKAR KONASEEMA_IDA),LN/MP026/2024-2025/36,Shri Subhas Chandra Bose Pilli (2020-26),18-Sep-2024,1500000.0,Andhra Pradesh,79,,Normal/Others,"Construction of Multipurpose Hall at Seelam Vari Savaram, Ward No.6, Ramachandrapuram Town of Ramachandrapuram Mandal",,141532
Rajya Sabha,Rajya Sabha,2,Andhra Pradesh,3017190,Shri Subhas Chandra Bose Pilli,2020-26,Works Recommended,WS/MP026/2024-2025/141533-Construction of community centers and community halls,,,,,Sitting Rajya Sabha,545,,1,Dr. B.R. Ambedkar Konaseema(DISTRICT COLLECTOR Dr B R AMBEDKAR KONASEEMA_IDA),LN/MP026/2024-2025/36,Shri Subhas Chandra Bose Pilli (2020-26),18-Sep-2024,1500000.0,Andhra Pradesh,80,,Normal/Others,"Construction of Multipurpose Hall Near Durga Temple, Ward No.1, Kothuru Road Ramachandrapuram Town of Ramachandrapuram Mandal",,141533
Rajya Sabha,Rajya Sabha,2,Andhra Pradesh,3017190,Shri Subhas Chandra Bose Pilli,2020-26,Works Recommended,WS/MP026/2024-2025/141535-Providing drains and gutters for public drainage,,,1440605,,Sitting Rajya Sabha,545,True,1,Dr. B.R. Ambedkar Konaseema(DISTRICT COLLECTOR Dr B R AMBEDKAR KONASEEMA_IDA),LN/MP026/2024-2025/36,Shri Subhas Chandra Bose Pilli (2020-26),18-Sep-2024,495000.0,Andhra Pradesh,81,,Normal/Others,Construction of Drain from Vallu Ramana House to Vallu Vishnu House in Gollalcheruvu H/o Kandulapalem Village of Ramachandrapuram Mandal,,141535
Rajya Sabha,Rajya Sabha,2,Andhra Pradesh,3017190,Shri Subhas Chandra Bose Pilli,2020-26,Works Recommended,WS/MP026/2024-2025/141536-Providing drains and gutters for public drainage,,,1440631,,Sitting Rajya Sabha,545,True,1,Dr. B.R. Ambedkar Konaseema(DISTRICT COLLECTOR Dr B R AMBEDKAR KONASEEMA_IDA),LN/MP026/2024-2025/36,Shri Subhas Chandra Bose Pilli (2020-26),18-Sep-2024,491289.0,Andhra Pradesh,82,,Normal/Others,Construction of Drain from Guttula Kesava Rao House to Kudupudi SubbaRao House in Gollalcheruvu H/o Kandulapalem Village of Ramachandrapuram Mandal,,141536
Rajya Sabha,Rajya Sabha,2,Andhra Pradesh,3017190,Shri Subhas Chandra Bose Pilli,2020-26,Works Recommended,WS/MP026/2024-2025/141537-Providing drains and gutters for public drainage,,,1661305,,Sitting Rajya Sabha,545,True,1,Dr. B.R. Ambedkar Konaseema(DISTRICT COLLECTOR Dr B R AMBEDKAR KONASEEMA_IDA),LN/MP026/2024-2025/36,Shri Subhas Chandra Bose Pilli (2020-26),18-Sep-2024,495000.0,Andhra Pradesh,83,,Normal/Others,Construction of Drain from PalivelaDevayya House to Surampudi Gangadhar House in Gollalcheruvu H/o Kandulapalem Village of Ramachandrapuram Mandal,,141537
Rajya Sabha,Rajya Sabha,2,Andhra Pradesh,3017190,Shri Subhas Chandra Bose Pilli,2020-26,Works Recommended,WS/MP026/2024-2025/141538-Providing drains and gutters for public drainage,,,1661331,,Sitting Rajya Sabha,545,True,1,Dr. B.R. Ambedkar Konaseema(DISTRICT COLLECTOR Dr B R AMBEDKAR KONASEEMA_IDA),LN/MP026/2024-2025/36,Shri Subhas Chandra Bose Pilli (2020-26),18-Sep-2024,495000.0,Andhra Pradesh,84,,Normal/Others,Construction of Drain from Surampudi Gangadhar House to Sri Hanuman Temple  House in Gollalcheruvu H/o Kandulapalem Village of Ramachandrapuram Mandal,,141538
Rajya Sabha,Rajya Sabha,2,Andhra Pradesh,3017190,Shri Subhas Chandra Bose Pilli,2020-26,Works Recommended,WS/MP026/2024-2025/141539-Construction of buildings for community cultural activities,,,1476197,,Sitting Rajya Sabha,545,True,1,Dr. B.R. Ambedkar Konaseema(DISTRICT COLLECTOR Dr B R AMBEDKAR KONASEEMA_IDA),LN/MP026/2024-2025/36,Shri Subhas Chandra Bose Pilli (2020-26),18-Sep-2024,3000000.0,Andhra Pradesh,85,,Normal/Others,"Construction of Multipurpose Hall at Annaipeta Village H/o Vegayammapeta in O.C Locality, of Ramachandrapuram Mandal",,141539
Rajya Sabha,Rajya Sabha,2,Andhra Pradesh,3017190,Shri Subhas Chandra Bose Pilli,2020-26,Works Recommended,"WS/MP026/2024-2025/156750-Construction of Government office buildings (Post office, Police station, Police chauki, etc.)",,,1587183,,Sitting Rajya Sabha,545,True,1,Dr. B.R. Ambedkar Konaseema(DISTRICT COLLECTOR Dr B R AMBEDKAR KONASEEMA_IDA),LN/MP026/2024-2025/39,Shri Subhas Chandra Bose Pilli (2020-26),03-Dec-2024,1500000.0,Andhra Pradesh,86,,Normal/Others,Construction of Police Chowki in Police Parade Grounds at Amalapuram,,156750
Rajya Sabha,Rajya Sabha,2,Andhra Pradesh,3017190,Shri Subhas Chandra Bose Pilli,2020-26,Works Recommended,WS/MP026/2024-2025/141603-Development of playfields and sports grounds,,,1587158,,Sitting Rajya Sabha,545,True,1,Dr. B.R. Ambedkar Konaseema(DISTRICT COLLECTOR Dr B R AMBEDKAR KONASEEMA_IDA),LN/MP026/2024-2025/37,Shri Subhas Chandra Bose Pilli (2020-26),18-Sep-2024,2931050.0,Andhra Pradesh,87,,Normal/Others,"Providing Open Gym equipment in ZP High School play ground at Surayanagar, Amalapuram",,141603
Rajya Sabha,Rajya Sabha,2,Andhra Pradesh,3017190,Shri Subhas Chandra Bose Pilli,2020-26,Works Recommended,WS/MP026/2023-2024/111071-Construction of foot over bridge (FOB),,,,,Sitting Rajya Sabha,545,,1,Dr. B.R. Ambedkar Konaseema(DISTRICT COLLECTOR Dr B R AMBEDKAR KONASEEMA_IDA),LN/MP026/2023-2024/33,Shri Subhas Chandra Bose Pilli (2020-26),21-Feb-2024,2000000.0,Andhra Pradesh,88,,Normal/Others,"Construction of Footpath Bridge on Bank Canal at Kota Serilanka H/O Kota Village of K.Gangavaam mandal, Dr.B.R.Ambedkar Konaseema District",,111071
Rajya Sabha,Rajya Sabha,2,Andhra Pradesh,3017190,Shri Subhas Chandra Bose Pilli,2020-26,Works Recommended,"WS/MP026/2024-2025/154178-Construction of roads, link roads, pathways or any other road with or without drainage system",,,1733593,,Sitting Rajya Sabha,545,True,1,Dr. B.R. Ambedkar Konaseema(DISTRICT COLLECTOR Dr B R AMBEDKAR KONASEEMA_IDA),LN/MP026/2024-2025/38,Shri Subhas Chandra Bose Pilli (2020-26),23-Nov-2024,500000.0,Andhra Pradesh,89,,Normal/Others,"Construction of CC Road from Ganta Apparao House to Old CC Road  atAdampalli (V), K.Gangavaram(M),",,154178
Rajya Sabha,Rajya Sabha,2,Andhra Pradesh,3017190,Shri Subhas Chandra Bose Pilli,2020-26,Works Recommended,WS/MP026/2024-2025/154179-Construction of community centers and community halls,,,2154334,,Sitting Rajya Sabha,545,True,1,Dr. B.R. Ambedkar Konaseema(DISTRICT COLLECTOR Dr B R AMBEDKAR KONASEEMA_IDA),LN/MP026/2024-2025/38,Shri Subhas Chandra Bose Pilli (2020-26),23-Nov-2024,500000.0,Andhra Pradesh,90,,Normal/Others,Construction of SC Community Shelter near Ambedkar Statue in SC area at Vatrapudi H/O Addampalli GP of K.Gangavaram,,154179
Rajya Sabha,Rajya Sabha,2,Andhra Pradesh,3017190,Shri Subhas Chandra Bose Pilli,2020-26,Works Recommended,"WS/MP026/2024-2025/154180-Construction of roads, link roads, pathways or any other road with or without drainage system",,,1364813,,Sitting Rajya Sabha,545,True,1,Dr. B.R. Ambedkar Konaseema(DISTRICT COLLECTOR Dr B R AMBEDKAR KONASEEMA_IDA),LN/MP026/2024-2025/38,Shri Subhas Chandra Bose Pilli (2020-26),23-Nov-2024,499988.0,Andhra Pradesh,91,,Normal/Others,"Construction of CC Road from Rajive Gandhi Statue to Masabattula Rama rao (H) in SC Colony at Amujuru (V) of K.Gangavaram(M),",,154180
Rajya Sabha,Rajya Sabha,2,Andhra Pradesh,3017190,Shri Subhas Chandra Bose Pilli,2020-26,Works Recommended,"WS/MP026/2024-2025/154181-Construction of roads, link roads, pathways or any other road with or without drainage system",,,1364823,,Sitting Rajya Sabha,545,True,1,Dr. B.R. Ambedkar Konaseema(DISTRICT COLLECTOR Dr B R AMBEDKAR KONASEEMA_IDA),LN/MP026/2024-2025/38,Shri Subhas Chandra Bose Pilli (2020-26),23-Nov-2024,499642.0,Andhra Pradesh,92,,Normal/Others,"Construction of CC Road from Namavarapu Satyanarayana (H) to Shadi Khana  atAmujuru (V) of K.Gangavaram(M),",,154181
Rajya Sabha,Rajya Sabha,2,Andhra Pradesh,3017190,Shri Subhas Chandra Bose Pilli,2020-26,Works Recommended,"WS/MP026/2024-2025/154182-Construction of roads, link roads, pathways or any other road with or without drainage system",,,1189981,,Sitting Rajya Sabha,545,True,1,Dr. B.R. Ambedkar Konaseema(DISTRICT COLLECTOR Dr B R AMBEDKAR KONASEEMA_IDA),LN/MP026/2024-2025/38,Shri Subhas Chandra Bose Pilli (2020-26),23-Nov-2024,499657.0,Andhra Pradesh,93,,Normal/Others,"Construction of CC Road from Somalamma Temple to Grama Sachivalam at Balanthram (V) of K.Gangavaram(M),",,154182
Rajya Sabha,Rajya Sabha,2,Andhra Pradesh,3017190,Shri Subhas Chandra Bose Pilli,2020-26,Works Recommended,WS/MP026/2024-2025/154183-Crematoriums/energy efficient crematoriums or structures on burial/cremation ground,,,1418767,,Sitting Rajya Sabha,545,True,1,Dr. B.R. Ambedkar Konaseema(DISTRICT COLLECTOR Dr B R AMBEDKAR KONASEEMA_IDA),LN/MP026/2024-2025/38,Shri Subhas Chandra Bose Pilli (2020-26),23-Nov-2024,486084.0,Andhra Pradesh,94,,Normal/Others,"Providing Amenities to Burial Ground at Balantram(V) of K.Gangavaram(M),",,154183
Rajya Sabha,Rajya Sabha,2,Andhra Pradesh,3017190,Shri Subhas Chandra Bose Pilli,2020-26,Works Recommended,"WS/MP026/2024-2025/154184-Construction of roads, link roads, pathways or any other road with or without drainage system",,,1516238,,Sitting Rajya Sabha,545,True,1,Dr. B.R. Ambedkar Konaseema(DISTRICT COLLECTOR Dr B R AMBEDKAR KONASEEMA_IDA),LN/MP026/2024-2025/38,Shri Subhas Chandra Bose Pilli (2020-26),23-Nov-2024,500000.0,Andhra Pradesh,95,,Normal/Others,"Formation of Gravel and WBM Road from Rallagunta Dam to Pandu Tirupathi Raju Field at Gudigallabhaga GP of K.Gangavaram Mandal,",,154184
Rajya Sabha,Rajya Sabha,2,Andhra Pradesh,3017190,Shri Subhas Chandra Bose Pilli,2020-26,Works Recommended,"WS/MP026/2024-2025/154185-Construction of roads, link roads, pathways or any other road with or without drainage system",,,1516214,,Sitting Rajya Sabha,545,True,1,Dr. B.R. Ambedkar Konaseema(DISTRICT COLLECTOR Dr B R AMBEDKAR KONASEEMA_IDA),LN/MP026/2024-2025/38,Shri Subhas Chandra Bose Pilli (2020-26),23-Nov-2024,499487.0,Andhra Pradesh,96,,Normal/Others,"Formation of Gravel and WBM Road from GudigallabhagaBaddi to Pilli Rambabu Field at Gudigallabhaga GP of K.Gangavaram Mandal,",,154185
Rajya Sabha,Rajya Sabha,2,Andhra Pradesh,3017190,Shri Subhas Chandra Bose Pilli,2020-26,Works Recommended,WS/MP026/2024-2025/154186-Providing drains and gutters for public drainage,,,1586987,,Sitting Rajya Sabha,545,True,1,Dr. B.R. Ambedkar Konaseema(DISTRICT COLLECTOR Dr B R AMBEDKAR KONASEEMA_IDA),LN/MP026/2024-2025/38,Shri Subhas Chandra Bose Pilli (2020-26),23-Nov-2024,500000.0,Andhra Pradesh,97,,Normal/Others,Construction of CC Drain from Palika Subrahmanyam(H) to Rayudu Srinu(H) at KotipalliSavaram H/o Kotipalli(V) of K.Gangavaram (M),,154186
Rajya Sabha,Rajya Sabha,2,Andhra Pradesh,3017190,Shri Subhas Chandra Bose Pilli,2020-26,Works Recommended,WS/MP026/2024-2025/154187-Providing drains and gutters for public drainage,,,1587000,,Sitting Rajya Sabha,545,True,1,Dr. B.R. Ambedkar Konaseema(DISTRICT COLLECTOR Dr B R AMBEDKAR KONASEEMA_IDA),LN/MP026/2024-2025/38,Shri Subhas Chandra Bose Pilli (2020-26),23-Nov-2024,500000.0,Andhra Pradesh,98,,Normal/Others,Construction of CC Drain from 1. DangetiChandrarao(H) to Kanchi Murali Krishna(H) 2. Palika Srinu(H) to Kanchi Suribabu(H) at Kotipalli(V) of K.Gangavaram (M),,154187
Rajya Sabha,Rajya Sabha,2,Andhra Pradesh,3017190,Shri Subhas Chandra Bose Pilli,2020-26,Works Recommended,WS/MP026/2024-2025/154188-Construction of community centers and community halls,,,1719540,,Sitting Rajya Sabha,545,True,1,Dr. B.R. Ambedkar Konaseema(DISTRICT COLLECTOR Dr B R AMBEDKAR KONASEEMA_IDA),LN/MP026/2024-2025/38,Shri Subhas Chandra Bose Pilli (2020-26),23-Nov-2024,499991.0,Andhra Pradesh,99,,Normal/Others,"Construction of Multipurpose Hall at Railway New Colony at Kunduru(V), K.Gangavaram(M),",,154188
Rajya Sabha,Rajya Sabha,2,Andhra Pradesh,3017190,Shri Subhas Chandra Bose Pilli,2020-26,Works Recommended,WS/MP026/2024-2025/154189-Purchase of furniture and fixtures for educational purposes,,,1719569,,Sitting Rajya Sabha,545,True,1,Dr. B.R. Ambedkar Konaseema(DISTRICT COLLECTOR Dr B R AMBEDKAR KONASEEMA_IDA),LN/MP026/2024-2025/38,Shri Subhas Chandra Bose Pilli (2020-26),23-Nov-2024,499940.0,Andhra Pradesh,100,,Normal/Others,Providing furniture and amenities for education purpose to BC Community Multipurpose Hall at Railway New Colony at Kunduru (V) of K.Gangavaram Mandal,,154189
Rajya Sabha,Rajya Sabha,2,Andhra Pradesh,3017190,Shri Subhas Chandra Bose Pilli,2020-26,Works Recommended,"WS/MP026/2024-2025/154190-Construction of roads, link roads, pathways or any other road with or without drainage system",,,1364830,,Sitting Rajya Sabha,545,True,1,Dr. B.R. Ambedkar Konaseema(DISTRICT COLLECTOR Dr B R AMBEDKAR KONASEEMA_IDA),LN/MP026/2024-2025/38,Shri Subhas Chandra Bose Pilli (2020-26),23-Nov-2024,498801.0,Andhra Pradesh,101,,Normal/Others,"Construction of CC Road from Isukapatla Ramana (H) to Vara Abbulu (H) in SC Locality at Pamarru(V) of K.Gangavaram(M),",,154190
Rajya Sabha,Rajya Sabha,2,Andhra Pradesh,3017190,Shri Subhas Chandra Bose Pilli,2020-26,Works Recommended,WS/MP026/2024-2025/154191-Providing drains and gutters for public drainage,,,1441136,,Sitting Rajya Sabha,545,True,1,Dr. B.R. Ambedkar Konaseema(DISTRICT COLLECTOR Dr B R AMBEDKAR KONASEEMA_IDA),LN/MP026/2024-2025/38,Shri Subhas Chandra Bose Pilli (2020-26),23-Nov-2024,500000.0,Andhra Pradesh,102,,Normal/Others,Construction of CC Drain from Reddy Rambabu(SatyawadaChivara)(H) to MPP School at Satyawada(V) of K.Gangavaram (M),,154191
Rajya Sabha,Rajya Sabha,2,Andhra Pradesh,3017190,Shri Subhas Chandra Bose Pilli,2020-26,Works Recommended,WS/MP026/2024-2025/154192-Providing drains and gutters for public drainage,,,1441186,,Sitting Rajya Sabha,545,True,1,Dr. B.R. Ambedkar Konaseema(DISTRICT COLLECTOR Dr B R AMBEDKAR KONASEEMA_IDA),LN/MP026/2024-2025/38,Shri Subhas Chandra Bose Pilli (2020-26),23-Nov-2024,500000.0,Andhra Pradesh,103,,Normal/Others,Construction of CC Drain from MPP School to Ambedkar Statue at Satyawada(V) of K.Gangavaram (M),,154192
Rajya Sabha,Rajya Sabha,2,Andhra Pradesh,3017190,Shri Subhas Chandra Bose Pilli,2020-26,Works Recommended,WS/MP026/2024-2025/154193-Construction of buildings for community cultural activities,,,1953437,,Sitting Rajya Sabha,545,True,1,Dr. B.R. Ambedkar Konaseema(DISTRICT COLLECTOR Dr B R AMBEDKAR KONASEEMA_IDA),LN/MP026/2024-2025/38,Shri Subhas Chandra Bose Pilli (2020-26),23-Nov-2024,499981.0,Andhra Pradesh,104,,Normal/Others,"Construction of Ambedkar Bhavan At Rajawire H/o KOTA(V) of  of K.Gangavaram(M),",,154193
Rajya Sabha,Rajya Sabha,2,Andhra Pradesh,3017190,Shri Subhas Chandra Bose Pilli,2020-26,Works Recommended,"WS/MP026/2024-2025/154194-Construction of roads, link roads, pathways or any other road with or without drainage system",,,1190815,,Sitting Rajya Sabha,545,True,1,Dr. B.R. Ambedkar Konaseema(DISTRICT COLLECTOR Dr B R AMBEDKAR KONASEEMA_IDA),LN/MP026/2024-2025/38,Shri Subhas Chandra Bose Pilli (2020-26),23-Nov-2024,499200.0,Andhra Pradesh,105,,Normal/Others,"Construction of CC road from 1. KondepudiNanaji(H) to Venkatarao(H) 2.Rameshkumar(H) to Guttalasubbarao(H) at serilanka(V) of K.Gangavaram(M),",,154194
Rajya Sabha,Rajya Sabha,2,Andhra Pradesh,3017190,Shri Subhas Chandra Bose Pilli,2020-26,Works Recommended,"WS/MP026/2024-2025/154195-Construction of roads, link roads, pathways or any other road with or without drainage system",,,1190845,,Sitting Rajya Sabha,545,True,1,Dr. B.R. Ambedkar Konaseema(DISTRICT COLLECTOR Dr B R AMBEDKAR KONASEEMA_IDA),LN/MP026/2024-2025/38,Shri Subhas Chandra Bose Pilli (2020-26),23-Nov-2024,498502.0,Andhra Pradesh,106,,Normal/Others,"Construction of CC road from 1.KondepudiVeeraswami(H) to Kondepudi Nagaveni(H) 2.Kondepudi Chinna Venkatarao(H) to Kondepudisatyanarayana(H) at serilanka(V) of K.Gangavaram(M),",,154195
Rajya Sabha,Rajya Sabha,2,Andhra Pradesh,3017190,Shri Subhas Chandra Bose Pilli,2020-26,Works Recommended,WS/MP026/2024-2025/154196-Providing drains and gutters for public drainage,,,1611323,,Sitting Rajya Sabha,545,True,1,Dr. B.R. Ambedkar Konaseema(DISTRICT COLLECTOR Dr B R AMBEDKAR KONASEEMA_IDA),LN/MP026/2024-2025/38,Shri Subhas Chandra Bose Pilli (2020-26),23-Nov-2024,500000.0,Andhra Pradesh,107,,Normal/Others,"Construction of  Drain from Kothapalli Kumar House to Chekuri Kanthamma House B.C. locality at KOTA (V) of K.Gangavaram(M),",,154196
Rajya Sabha,Rajya Sabha,2,Andhra Pradesh,3017190,Shri Subhas Chandra Bose Pilli,2020-26,Works Recommended,"WS/MP026/2024-2025/154198-Construction of roads, link roads, pathways or any other road with or without drainage system",,,1375246,,Sitting Rajya Sabha,545,True,1,Dr. B.R. Ambedkar Konaseema(DISTRICT COLLECTOR Dr B R AMBEDKAR KONASEEMA_IDA),LN/MP026/2024-2025/38,Shri Subhas Chandra Bose Pilli (2020-26),23-Nov-2024,499825.0,Andhra Pradesh,108,,Normal/Others,"Construction of CC Road from Namavaripeta Ambedkar Statue to Yamani Satyanarayana Field at Nerredulanka H/o Tallpodu(V) of K.Gangavaram(M),",,154198
Rajya Sabha,Rajya Sabha,2,Andhra Pradesh,3017190,Shri Subhas Chandra Bose Pilli,2020-26,Works Recommended,"WS/MP026/2024-2025/154199-Construction of roads, link roads, pathways or any other road with or without drainage system",,,1375253,,Sitting Rajya Sabha,545,True,1,Dr. B.R. Ambedkar Konaseema(DISTRICT COLLECTOR Dr B R AMBEDKAR KONASEEMA_IDA),LN/MP026/2024-2025/38,Shri Subhas Chandra Bose Pilli (2020-26),23-Nov-2024,499825.0,Andhra Pradesh,109,,Normal/Others,"Construction of CC Road from Yamani Satyanarayana Field to MedisettiYedukondalu Field at Nerredulanka H/o Tallpodu(V) of K.Gangavaram(M),",,154199
Rajya Sabha,Rajya Sabha,2,Andhra Pradesh,3017190,Shri Subhas Chandra Bose Pilli,2020-26,Works Recommended,WS/MP026/2024-2025/154200-Providing drains and gutters for public drainage,,,1371594,,Sitting Rajya Sabha,545,True,1,Dr. B.R. Ambedkar Konaseema(DISTRICT COLLECTOR Dr B R AMBEDKAR KONASEEMA_IDA),LN/MP026/2024-2025/38,Shri Subhas Chandra Bose Pilli (2020-26),23-Nov-2024,500000.0,Andhra Pradesh,110,,Normal/Others,Construction of CC Drain from Mokana Apparao (H) to Vallem Srinu(H) in SC Locality at Tamarapalli (V) of K.Gangavaram (M),,154200
Rajya Sabha,Rajya Sabha,2,Andhra Pradesh,3017190,Shri Subhas Chandra Bose Pilli,2020-26,Works Recommended,WS/MP026/2024-2025/154201-Providing drains and gutters for public drainage,,,1372118,,Sitting Rajya Sabha,545,True,1,Dr. B.R. Ambedkar Konaseema(DISTRICT COLLECTOR Dr B R AMBEDKAR KONASEEMA_IDA),LN/MP026/2024-2025/38,Shri Subhas Chandra Bose Pilli (2020-26),23-Nov-2024,500000.0,Andhra Pradesh,111,,Normal/Others,Construction of CC Drain from Vallem Srinu (H) to Old Community Hall in SC Locality at Tamarapalli (V) of K.Gangavaram (M),,154201
Rajya Sabha,Rajya Sabha,2,Andhra Pradesh,3017190,Shri Subhas Chandra Bose Pilli,2020-26,Works Recommended,WS/MP026/2025-2026/200348-Construction of community centers and community halls,,,2019505,,Sitting Rajya Sabha,545,True,1,Dr. B.R. Ambedkar Konaseema(DISTRICT COLLECTOR Dr B R AMBEDKAR KONASEEMA_IDA),LN/MP026/2025-2026/43,Shri Subhas Chandra Bose Pilli (2020-26),16-May-2025,495030.0,Andhra Pradesh,112,,Normal/Others,"Construction of Ambedkar Statue Shelter at A Agraharam H_o Yanamadala GP of Ramachandrapuram (M), Dr.B.R.Ambekar Konaseema District.",,200348
Rajya Sabha,Rajya Sabha,2,Andhra Pradesh,3017190,Shri Subhas Chandra Bose Pilli,2020-26,Works Recommended,WS/MP026/2025-2026/200349-Providing drains and gutters for public drainage,,,1779576,,Sitting Rajya Sabha,545,True,1,Dr. B.R. Ambedkar Konaseema(DISTRICT COLLECTOR Dr B R AMBEDKAR KONASEEMA_IDA),LN/MP026/2025-2026/43,Shri Subhas Chandra Bose Pilli (2020-26),16-May-2025,500000.0,Andhra Pradesh,113,,Normal/Others,"Construction of CC Drain from Mekala Venkata Ramana(H) to Tekumudi Venkata Rao House in Yanamadala (V), Ramachandrapuram (M), Dr.B.R.Ambekar Konaseema District.",,200349
Rajya Sabha,Rajya Sabha,2,Andhra Pradesh,3017190,Shri Subhas Chandra Bose Pilli,2020-26,Works Recommended,"WS/MP026/2025-2026/200350-Construction of roads, link roads, pathways or any other road with or without drainage system",,,1833717,,Sitting Rajya Sabha,545,True,1,Dr. B.R. Ambedkar Konaseema(DISTRICT COLLECTOR Dr B R AMBEDKAR KONASEEMA_IDA),LN/MP026/2025-2026/43,Shri Subhas Chandra Bose Pilli (2020-26),16-May-2025,248765.0,Andhra Pradesh,114,,Normal/Others,"Formation of C.C Road from Pandiri Anasuya House to Battula Subrahmanyam House in Malapadu (V) , of Ramachandrapuram (M), Dr.B.R.Ambekar Konaseema District.",,200350
Rajya Sabha,Rajya Sabha,2,Andhra Pradesh,3017190,Shri Subhas Chandra Bose Pilli,2020-26,Works Recommended,WS/MP026/2025-2026/200351-Providing drains and gutters for public drainage,,,1780913,,Sitting Rajya Sabha,545,True,1,Dr. B.R. Ambedkar Konaseema(DISTRICT COLLECTOR Dr B R AMBEDKAR KONASEEMA_IDA),LN/MP026/2025-2026/43,Shri Subhas Chandra Bose Pilli (2020-26),16-May-2025,500000.0,Andhra Pradesh,115,,Normal/Others,"Construction of C.C. Drain from Polinati Nagayya House to Nunna Tatamma House in Malapadu (V), of Ramachandrapuram (M), Dr.B.R.Ambekar Konaseema District.",,200351
Rajya Sabha,Rajya Sabha,2,Andhra Pradesh,3017190,Shri Subhas Chandra Bose Pilli,2020-26,Works Recommended,WS/MP026/2025-2026/200352-Providing drains and gutters for public drainage,,,1780952,,Sitting Rajya Sabha,545,True,1,Dr. B.R. Ambedkar Konaseema(DISTRICT COLLECTOR Dr B R AMBEDKAR KONASEEMA_IDA),LN/MP026/2025-2026/43,Shri Subhas Chandra Bose Pilli (2020-26),16-May-2025,500000.0,Andhra Pradesh,116,,Normal/Others,"Construction of C C Drain from Pandiri Anasuya(H) to Bommattula Chittiyya House in Malapadu (V), of Ramachandrapuram (M), Dr.B.R.Ambekar Konaseema District.",,200352
Rajya Sabha,Rajya Sabha,2,Andhra Pradesh,3017190,Shri Subhas Chandra Bose Pilli,2020-26,Works Recommended,WS/MP026/2025-2026/200353-Providing drains and gutters for public drainage,,,1827515,,Sitting Rajya Sabha,545,True,1,Dr. B.R. Ambedkar Konaseema(DISTRICT COLLECTOR Dr B R AMBEDKAR KONASEEMA_IDA),LN/MP026/2025-2026/43,Shri Subhas Chandra Bose Pilli (2020-26),16-May-2025,500000.0,Andhra Pradesh,117,,Normal/Others,"Construction of C.C.Drain in B.C General Locality from Anusuri Satyanarayana House to Pilli Tatabbai House at  Hasanbada(V),  Ramachandrapuram (M), Dr.B.R.Ambedkar Konaseema District.",,200353
Rajya Sabha,Rajya Sabha,2,Andhra Pradesh,3017190,Shri Subhas Chandra Bose Pilli,2020-26,Works Recommended,WS/MP026/2025-2026/200354-Providing drains and gutters for public drainage,,,1827546,,Sitting Rajya Sabha,545,True,1,Dr. B.R. Ambedkar Konaseema(DISTRICT COLLECTOR Dr B R AMBEDKAR KONASEEMA_IDA),LN/MP026/2025-2026/43,Shri Subhas Chandra Bose Pilli (2020-26),16-May-2025,500000.0,Andhra Pradesh,118,,Normal/Others,"Construction of C.C.Drain in B.C  Locality from  Pilli Tatabbai House to Guttula Sriramulu House at  Hasanbada(V),Ramachandrapuram (M),Dr.B.R.Ambedkar Konaseema District.",,200354
Rajya Sabha,Rajya Sabha,2,Andhra Pradesh,3017190,Shri Subhas Chandra Bose Pilli,2020-26,Works Recommended,WS/MP026/2025-2026/200355-Providing drains and gutters for public drainage,,,,,Sitting Rajya Sabha,545,,1,Dr. B.R. Ambedkar Konaseema(DISTRICT COLLECTOR Dr B R AMBEDKAR KONASEEMA_IDA),LN/MP026/2025-2026/43,Shri Subhas Chandra Bose Pilli (2020-26),16-May-2025,500000.0,Andhra Pradesh,119,,Normal/Others,"Construction of C.C.Drain in B.C Localality from Guttula Sriramulu House  to Ketha Sathibabu House at  Hasanbada(V), Ramachandrapuram (M), Dr.B.R.Ambedkar Konaseema District.",,200355
Rajya Sabha,Rajya Sabha,2,Andhra Pradesh,3017190,Shri Subhas Chandra Bose Pilli,2020-26,Works Recommended,"WS/MP026/2025-2026/200357-Construction of roads, link roads, pathways or any other road with or without drainage system",,,1733062,,Sitting Rajya Sabha,545,True,1,Dr. B.R. Ambedkar Konaseema(DISTRICT COLLECTOR Dr B R AMBEDKAR KONASEEMA_IDA),LN/MP026/2025-2026/43,Shri Subhas Chandra Bose Pilli (2020-26),16-May-2025,499983.0,Andhra Pradesh,120,,Normal/Others,"Construction of CC Road from Vasamsetti Siva House to Vasamsetti Krishna House at Yaarpothavaram Main(V) , K.Gangavaram (M), Dr.B.R.Ambedkar Konaseema District..",,200357
Rajya Sabha,Rajya Sabha,2,Andhra Pradesh,3017190,Shri Subhas Chandra Bose Pilli,2020-26,Works Recommended,"WS/MP026/2025-2026/200358-Construction of roads, link roads, pathways or any other road with or without drainage system",,,1733159,,Sitting Rajya Sabha,545,True,1,Dr. B.R. Ambedkar Konaseema(DISTRICT COLLECTOR Dr B R AMBEDKAR KONASEEMA_IDA),LN/MP026/2025-2026/43,Shri Subhas Chandra Bose Pilli (2020-26),16-May-2025,499517.0,Andhra Pradesh,121,,Normal/Others,"Construction of CC Road from Pilli Satyanarayana House to Rayudu Bhusayya House at Pampana vari palem Colony, Yaarpothavaram (V) , K.Gangavaram (M), Dr.B.R.Ambedkar Konaseema District..",,200358
Rajya Sabha,Rajya Sabha,2,Andhra Pradesh,3017190,Shri Subhas Chandra Bose Pilli,2020-26,Works Recommended,"WS/MP026/2025-2026/200359-Construction of roads, link roads, pathways or any other road with or without drainage system",,,1870272,,Sitting Rajya Sabha,545,True,1,Dr. B.R. Ambedkar Konaseema(DISTRICT COLLECTOR Dr B R AMBEDKAR KONASEEMA_IDA),LN/MP026/2025-2026/43,Shri Subhas Chandra Bose Pilli (2020-26),16-May-2025,484176.0,Andhra Pradesh,122,,Normal/Others,"Construction of a CC road  from Gudigalla Bhaga R and B Road to Dontamsetti Naga Malleswara Rao Site at Sivala (V), K. Gangavaram (M), Dr. B.R. Ambedkar Konaseema District..",,200359
Rajya Sabha,Rajya Sabha,2,Andhra Pradesh,3017190,Shri Subhas Chandra Bose Pilli,2020-26,Works Recommended,"WS/MP026/2025-2026/200360-Construction of roads, link roads, pathways or any other road with or without drainage system",,,1870316,,Sitting Rajya Sabha,545,True,1,Dr. B.R. Ambedkar Konaseema(DISTRICT COLLECTOR Dr B R AMBEDKAR KONASEEMA_IDA),LN/MP026/2025-2026/43,Shri Subhas Chandra Bose Pilli (2020-26),16-May-2025,484573.0,Andhra Pradesh,123,,Normal/Others,"Construction of a CC Road from Dontamsetti Naga Malleswara Rao Site to Donthamsetti Nagamalleswara Rao Site at Sivala (V), K. Gangavaram (M), Dr. B.R. Ambedkar Konaseema District..(BIT-1)",,200360
Rajya Sabha,Rajya Sabha,2,Andhra Pradesh,3017190,Shri Subhas Chandra Bose Pilli,2020-26,Works Recommended,"WS/MP026/2025-2026/200361-Construction of roads, link roads, pathways or any other road with or without drainage system",,,1870346,,Sitting Rajya Sabha,545,True,1,Dr. B.R. Ambedkar Konaseema(DISTRICT COLLECTOR Dr B R AMBEDKAR KONASEEMA_IDA),LN/MP026/2025-2026/43,Shri Subhas Chandra Bose Pilli (2020-26),16-May-2025,485784.0,Andhra Pradesh,124,,Normal/Others,"Construction of a CC road from Dontamsetti Naga Malleswara Rao Site to Main Burial Ground at Sivala (V), K. Gangavaram (M), Dr. B.R. Ambedkar Konaseema District. (BIT-2)",,200361
Rajya Sabha,Rajya Sabha,2,Andhra Pradesh,3017190,Shri Subhas Chandra Bose Pilli,2020-26,Works Recommended,WS/MP026/2025-2026/200362-Construction of buildings for community cultural activities,,,1893601,,Sitting Rajya Sabha,545,True,1,Dr. B.R. Ambedkar Konaseema(DISTRICT COLLECTOR Dr B R AMBEDKAR KONASEEMA_IDA),LN/MP026/2025-2026/43,Shri Subhas Chandra Bose Pilli (2020-26),16-May-2025,493019.0,Andhra Pradesh,125,,Normal/Others,"Construction of Multipurpose Hall at BC Area of Bhatlapalika(V) of K.Gangavaram (M), Dr.B.R.Ambedkar Konaseema District",,200362
Rajya Sabha,Rajya Sabha,2,Andhra Pradesh,3017190,Shri Subhas Chandra Bose Pilli,2020-26,Works Recommended,WS/MP026/2025-2026/200363-Construction of boundary walls of existing public and community buildings,,,,,Sitting Rajya Sabha,545,,1,Dr. B.R. Ambedkar Konaseema(DISTRICT COLLECTOR Dr B R AMBEDKAR KONASEEMA_IDA),LN/MP026/2025-2026/43,Shri Subhas Chandra Bose Pilli (2020-26),16-May-2025,500000.0,Andhra Pradesh,126,,Normal/Others,"Construction of Compound wall to Multipurpose hall at BC Area of Bhatlapalika(V) of K.Gangavaram(M), Dr.B.R.Ambedkar Konaseema District",,200363
Rajya Sabha,Rajya Sabha,2,Andhra Pradesh,3017190,Shri Subhas Chandra Bose Pilli,2020-26,Works Recommended,WS/MP026/2025-2026/200364-Crematoriums/energy efficient crematoriums or structures on burial/cremation ground,,,,,Sitting Rajya Sabha,545,,1,Dr. B.R. Ambedkar Konaseema(DISTRICT COLLECTOR Dr B R AMBEDKAR KONASEEMA_IDA),LN/MP026/2025-2026/43,Shri Subhas Chandra Bose Pilli (2020-26),16-May-2025,2000000.0,Andhra Pradesh,127,,Normal/Others,"Development and Construction of Burial Ground in BC Locality at Thotapeta (V), Ramachandrapuram (M), Dr.B.R.Ambedkar Konaseema District.",,200364
Rajya Sabha,Rajya Sabha,2,Andhra Pradesh,3017190,Shri Subhas Chandra Bose Pilli,2020-26,Works Recommended,WS/MP026/2025-2026/200365-Construction of buildings for community cultural activities,,,2007205,,Sitting Rajya Sabha,545,True,1,Dr. B.R. Ambedkar Konaseema(DISTRICT COLLECTOR Dr B R AMBEDKAR KONASEEMA_IDA),LN/MP026/2025-2026/43,Shri Subhas Chandra Bose Pilli (2020-26),16-May-2025,840750.0,Andhra Pradesh,128,,Normal/Others,"Construction of Multipurpose Activities Centre in OC Localality at Thotapeta (V), Ramachandrapuram (M), Dr.B.R.Ambedkar Konaseema District.",,200365
Rajya Sabha,Rajya Sabha,2,Andhra Pradesh,3017190,Shri Subhas Chandra Bose Pilli,2020-26,Works Recommended,WS/MP026/2025-2026/200366-Providing drains and gutters for public drainage,,,,,Sitting Rajya Sabha,545,,1,Dr. B.R. Ambedkar Konaseema(DISTRICT COLLECTOR Dr B R AMBEDKAR KONASEEMA_IDA),LN/MP026/2025-2026/43,Shri Subhas Chandra Bose Pilli (2020-26),16-May-2025,1500000.0,Andhra Pradesh,129,,Normal/Others,"Construction of CC Drain at Bapanaya Cheruvu (V), Ramachandrapuram (M), Dr.B.R.Ambedkar Konaseema Dist",,200366
Rajya Sabha,Rajya Sabha,2,Andhra Pradesh,3017190,Shri Subhas Chandra Bose Pilli,2020-26,Works Recommended,WS/MP026/2025-2026/200367-Construction of buildings for community cultural activities,,,,,Sitting Rajya Sabha,545,,1,Dr. B.R. Ambedkar Konaseema(DISTRICT COLLECTOR Dr B R AMBEDKAR KONASEEMA_IDA),LN/MP026/2025-2026/43,Shri Subhas Chandra Bose Pilli (2020-26),16-May-2025,1500000.0,Andhra Pradesh,130,,Normal/Others,"Construction of Multi Puropse Hall in BC Locality at Mummidivaram (V), Dr.B.R.Ambedkar Konaseema District.",,200367
Rajya Sabha,Rajya Sabha,2,Andhra Pradesh,3017190,Shri Subhas Chandra Bose Pilli,2020-26,Works Recommended,WS/MP026/2025-2026/200368-Providing drains and gutters for public drainage,,,2065896,,Sitting Rajya Sabha,545,True,1,Dr. B.R. Ambedkar Konaseema(DISTRICT COLLECTOR Dr B R AMBEDKAR KONASEEMA_IDA),LN/MP026/2025-2026/43,Shri Subhas Chandra Bose Pilli (2020-26),16-May-2025,500000.0,Andhra Pradesh,131,,Normal/Others,"Construction of CC Drain from Biyyampeta Ramalayam to Pedagadi Veera Brahmam house at Biyyampeta, Draksharam (V), Ramachandrapuram (M), Dr.B.R.Ambedkar Konaseema District.",,200368
Rajya Sabha,Rajya Sabha,2,Andhra Pradesh,3017190,Shri Subhas Chandra Bose Pilli,2020-26,Works Recommended,WS/MP026/2025-2026/200369-Providing drains and gutters for public drainage,,,2065923,,Sitting Rajya Sabha,545,True,1,Dr. B.R. Ambedkar Konaseema(DISTRICT COLLECTOR Dr B R AMBEDKAR KONASEEMA_IDA),LN/MP026/2025-2026/43,Shri Subhas Chandra Bose Pilli (2020-26),16-May-2025,500000.0,Andhra Pradesh,132,,Normal/Others,"Construction of CC Drain from Pennada Rama Tulasi House toTeeparthi Rama Krishna House near Masjid site at Biyyampeta, Draksharam (V), Ramachandrapuram (M), Dr.B.R.Ambedkar Konaseema District.",,200369
Rajya Sabha,Rajya Sabha,2,Andhra Pradesh,3017190,Shri Subhas Chandra Bose Pilli,2020-26,Works Recommended,"WS/MP026/2025-2026/200372-Construction of roads, link roads, pathways or any other road with or without drainage system",,,1733262,,Sitting Rajya Sabha,545,True,1,Dr. B.R. Ambedkar Konaseema(DISTRICT COLLECTOR Dr B R AMBEDKAR KONASEEMA_IDA),LN/MP026/2025-2026/43,Shri Subhas Chandra Bose Pilli (2020-26),16-May-2025,499650.0,Andhra Pradesh,133,,Normal/Others,"Construction of WBM Road from Dangeru Teki Drain Bridge to Polisetti Raja Site at Dangeru (V), K.Gangavaram (M), Dr.B.R.Ambedkar Konaseema District.",,200372
Rajya Sabha,Rajya Sabha,2,Andhra Pradesh,3017190,Shri Subhas Chandra Bose Pilli,2020-26,Works Recommended,"WS/MP026/2025-2026/200373-Construction of roads, link roads, pathways or any other road with or without drainage system",,,1733301,,Sitting Rajya Sabha,545,True,1,Dr. B.R. Ambedkar Konaseema(DISTRICT COLLECTOR Dr B R AMBEDKAR KONASEEMA_IDA),LN/MP026/2025-2026/43,Shri Subhas Chandra Bose Pilli (2020-26),16-May-2025,499330.0,Andhra Pradesh,134,,Normal/Others,"Construction of WBM Road from Polisetti Raja Site to Velampalepu Veeraraju site at Dangeru (V), K.Gangavaram (M), Dr.B.R.Ambedkar Konaseema District.",,200373
Rajya Sabha,Rajya Sabha,2,Andhra Pradesh,3017190,Shri Subhas Chandra Bose Pilli,2020-26,Works Recommended,"WS/MP026/2025-2026/200374-Construction of roads, link roads, pathways or any other road with or without drainage system",,,1733482,,Sitting Rajya Sabha,545,True,1,Dr. B.R. Ambedkar Konaseema(DISTRICT COLLECTOR Dr B R AMBEDKAR KONASEEMA_IDA),LN/MP026/2025-2026/43,Shri Subhas Chandra Bose Pilli (2020-26),16-May-2025,499057.0,Andhra Pradesh,135,,Normal/Others,"Construction of WBM Road from   Velampalepu Veeraraju site to Srinivasa Colony at Dangeru (V), K.Gangavaram (M), Dr.B.R.Ambedkar Konaseema District.",,200374
Rajya Sabha,Rajya Sabha,2,Andhra Pradesh,3017190,Shri Subhas Chandra Bose Pilli,2020-26,Works Recommended,"WS/MP026/2025-2026/200375-Construction of roads, link roads, pathways or any other road with or without drainage system",,,1733453,,Sitting Rajya Sabha,545,True,1,Dr. B.R. Ambedkar Konaseema(DISTRICT COLLECTOR Dr B R AMBEDKAR KONASEEMA_IDA),LN/MP026/2025-2026/43,Shri Subhas Chandra Bose Pilli (2020-26),16-May-2025,249639.0,Andhra Pradesh,136,,Normal/Others,"Construction of CC Road from Angadi Sathibabu House to Racha Yedukondalu House at Vasalarevu , Hamlet of  Danageru (V), K.Gangavaram (M), Dr.B.R.Ambedkar Konaseema District.",,200375
Rajya Sabha,Rajya Sabha,2,Andhra Pradesh,3017190,Shri Subhas Chandra Bose Pilli,2020-26,Works Recommended,"WS/MP026/2025-2026/200376-Construction of roads, link roads, pathways or any other road with or without drainage system",,,1733521,,Sitting Rajya Sabha,545,True,1,Dr. B.R. Ambedkar Konaseema(DISTRICT COLLECTOR Dr B R AMBEDKAR KONASEEMA_IDA),LN/MP026/2025-2026/43,Shri Subhas Chandra Bose Pilli (2020-26),16-May-2025,249590.0,Andhra Pradesh,137,,Normal/Others,"Constructoin of CC Road from Balasadi Lakshmanarao House to Balasadi Srinu House at Vasalarevu , Hamlet of Danageru(V), K.Gangavaram (M), Dr.B.R.Ambedkar Konaseema District.",,200376
Rajya Sabha,Rajya Sabha,2,Andhra Pradesh,3017190,Shri Subhas Chandra Bose Pilli,2020-26,Works Recommended,WS/MP026/2025-2026/200382-Construction of buildings for community cultural activities,,,,,Sitting Rajya Sabha,545,,1,Dr. B.R. Ambedkar Konaseema(DISTRICT COLLECTOR Dr B R AMBEDKAR KONASEEMA_IDA),LN/MP026/2025-2026/43,Shri Subhas Chandra Bose Pilli (2020-26),16-May-2025,2000000.0,Andhra Pradesh,138,,Normal/Others,"Construction of Multipurpose Hall at BC Area Main Road, Venkatayapalem (V), Ramachandrapuram (M), Dr.B.R.Ambedkar Konaseema District",,200382
Rajya Sabha,Rajya Sabha,2,Andhra Pradesh,3017190,Shri Subhas Chandra Bose Pilli,2020-26,Works Recommended,"WS/MP026/2025-2026/200385-Construction of roads, link roads, pathways or any other road with or without drainage system",,,1893446,,Sitting Rajya Sabha,545,True,1,Dr. B.R. Ambedkar Konaseema(DISTRICT COLLECTOR Dr B R AMBEDKAR KONASEEMA_IDA),LN/MP026/2025-2026/43,Shri Subhas Chandra Bose Pilli (2020-26),16-May-2025,488201.0,Andhra Pradesh,139,,Normal/Others,"Construction of CC Road at Kota vari Street at Balantram (V), K.Gangavaram (M), DR.B.R.Ambedkar Konaseema District.",,200385
Rajya Sabha,Rajya Sabha,2,Andhra Pradesh,3017190,Shri Subhas Chandra Bose Pilli,2020-26,Works Recommended,"WS/MP026/2025-2026/200386-Construction of roads, link roads, pathways or any other road with or without drainage system",,,1870411,,Sitting Rajya Sabha,545,True,1,Dr. B.R. Ambedkar Konaseema(DISTRICT COLLECTOR Dr B R AMBEDKAR KONASEEMA_IDA),LN/MP026/2025-2026/43,Shri Subhas Chandra Bose Pilli (2020-26),16-May-2025,487516.0,Andhra Pradesh,140,,Normal/Others,"Construction of CC Road from Nukalamma temple to Kudupudi Nageswara Rao House in Kundalama Cheruvu (V), Hamlet e of  Vegayammapeta (V), Ramachandrapuram Mandal,Dr.B.R.Ambedkar Konaseema District.",,200386
Rajya Sabha,Rajya Sabha,2,Andhra Pradesh,3017190,Shri Subhas Chandra Bose Pilli,2020-26,Works Recommended,"WS/MP026/2025-2026/200387-Construction of roads, link roads, pathways or any other road with or without drainage system",,,1870437,,Sitting Rajya Sabha,545,True,1,Dr. B.R. Ambedkar Konaseema(DISTRICT COLLECTOR Dr B R AMBEDKAR KONASEEMA_IDA),LN/MP026/2025-2026/43,Shri Subhas Chandra Bose Pilli (2020-26),16-May-2025,487290.0,Andhra Pradesh,141,,Normal/Others,"Construction of CC Road from Nukalamma temple to MPP School in Kundalama Cheruvu (V), Hamlet of  Vegayammapeta, Ramachandrapuram Mandal,Dr.B.R.Ambedkar Konaseema District.",,200387
Rajya Sabha,Rajya Sabha,2,Andhra Pradesh,3017190,Shri Subhas Chandra Bose Pilli,2020-26,Works Recommended,WS/MP026/2025-2026/200388-Construction of community centers and community halls,,,,,Sitting Rajya Sabha,545,,1,Dr. B.R. Ambedkar Konaseema(DISTRICT COLLECTOR Dr B R AMBEDKAR KONASEEMA_IDA),LN/MP026/2025-2026/43,Shri Subhas Chandra Bose Pilli (2020-26),16-May-2025,1500000.0,Andhra Pradesh,142,,Normal/Others,"Construction of Community Hall at Chimaladibba, Hamlet of  Venkatayapalem (V), Ramachandrapuram (M), Dr.B.R.Ambedkar Konaseema District.",,200388
Rajya Sabha,Rajya Sabha,2,Andhra Pradesh,3017190,Shri Subhas Chandra Bose Pilli,2020-26,Works Recommended,WS/MP026/2025-2026/200389-Construction of buildings for community cultural activities,,,,,Sitting Rajya Sabha,545,,1,Dr. B.R. Ambedkar Konaseema(DISTRICT COLLECTOR Dr B R AMBEDKAR KONASEEMA_IDA),LN/MP026/2025-2026/43,Shri Subhas Chandra Bose Pilli (2020-26),16-May-2025,2000000.0,Andhra Pradesh,143,,Normal/Others,"Construction of Multipurpose Activities Centre at Annaipeta (V) Ramachandrapuram (M), Dr.B.R.Ambedkar Konaseema District.",,200389
Rajya Sabha,Rajya Sabha,2,Andhra Pradesh,3017190,Shri Subhas Chandra Bose Pilli,2020-26,Works Recommended,"WS/MP026/2025-2026/200390-Construction of roads, link roads, pathways or any other road with or without drainage system",,,1893491,,Sitting Rajya Sabha,545,True,1,Dr. B.R. Ambedkar Konaseema(DISTRICT COLLECTOR Dr B R AMBEDKAR KONASEEMA_IDA),LN/MP026/2025-2026/43,Shri Subhas Chandra Bose Pilli (2020-26),16-May-2025,486500.0,Andhra Pradesh,144,,Normal/Others,"Constructon of CC Road from Chitturi Rajeswari house to Dumping Yard at Tallapodu, Hamlet of Pekeru (v) K.Gangavaram (M), Dr.B.R.Ambedkar Konaseema District.",,200390
Rajya Sabha,Rajya Sabha,2,Andhra Pradesh,3017190,Shri Subhas Chandra Bose Pilli,2020-26,Works Recommended,WS/MP026/2025-2026/200391-Providing CCTV camera system for security of public areas,,,1748931,,Sitting Rajya Sabha,545,True,1,Dr. B.R. Ambedkar Konaseema(DISTRICT COLLECTOR Dr B R AMBEDKAR KONASEEMA_IDA),LN/MP026/2025-2026/43,Shri Subhas Chandra Bose Pilli (2020-26),16-May-2025,1000000.0,Andhra Pradesh,145,,Normal/Others,"Providing CC Cameras in Ramachandrapuram Muncipality, Ramachandrapuram (M), Dr.B.R.Ambedkar Konaseema District.",,200391
Rajya Sabha,Rajya Sabha,2,Andhra Pradesh,3017190,Shri Subhas Chandra Bose Pilli,2020-26,Works Recommended,"WS/MP026/2024-2025/172990-Construction of roads, link roads, pathways or any other road with or without drainage system",,,2019556,,Sitting Rajya Sabha,545,True,1,Dr. B.R. Ambedkar Konaseema(DISTRICT COLLECTOR Dr B R AMBEDKAR KONASEEMA_IDA),LN/MP026/2024-2025/40,Shri Subhas Chandra Bose Pilli (2020-26),05-Feb-2025,397393.0,Andhra Pradesh,146,,Normal/Others,Construction of BT Road from R and B Road to Adabala Brahmanandam Land at Pallipalem Hamlet of  Gudapalli Village Malikipuram Mandal,,172990
Rajya Sabha,Rajya Sabha,2,Andhra Pradesh,3017190,Shri Subhas Chandra Bose Pilli,2020-26,Works Recommended,"WS/MP026/2024-2025/172991-Construction of roads, link roads, pathways or any other road with or without drainage system",,,2019633,,Sitting Rajya Sabha,545,True,1,Dr. B.R. Ambedkar Konaseema(DISTRICT COLLECTOR Dr B R AMBEDKAR KONASEEMA_IDA),LN/MP026/2024-2025/40,Shri Subhas Chandra Bose Pilli (2020-26),05-Feb-2025,387614.0,Andhra Pradesh,147,,Normal/Others,Construction of BT Road from Adabala Brahmanandam Land to Babu Raju land at Pallipalem Hamlet of Gudapalli Village Malikipuram Mandal,,172991
Rajya Sabha,Rajya Sabha,2,Andhra Pradesh,3017190,Shri Subhas Chandra Bose Pilli,2020-26,Works Recommended,"WS/MP026/2024-2025/172992-Construction of roads, link roads, pathways or any other road with or without drainage system",,,2019675,,Sitting Rajya Sabha,545,True,1,Dr. B.R. Ambedkar Konaseema(DISTRICT COLLECTOR Dr B R AMBEDKAR KONASEEMA_IDA),LN/MP026/2024-2025/40,Shri Subhas Chandra Bose Pilli (2020-26),05-Feb-2025,400000.0,Andhra Pradesh,148,,Normal/Others,Construction of BT Road from  Babu Raju land to Kopadi Bandi Mutyala Raju Land at Pallipalem Hamlet of Gudapalli Village Malikipuram Mandal,,172992
Rajya Sabha,Rajya Sabha,2,Andhra Pradesh,3017190,Shri Subhas Chandra Bose Pilli,2020-26,Works Recommended,"WS/MP026/2024-2025/172993-Construction of roads, link roads, pathways or any other road with or without drainage system",,,2053538,,Sitting Rajya Sabha,545,True,1,Dr. B.R. Ambedkar Konaseema(DISTRICT COLLECTOR Dr B R AMBEDKAR KONASEEMA_IDA),LN/MP026/2024-2025/40,Shri Subhas Chandra Bose Pilli (2020-26),05-Feb-2025,317582.0,Andhra Pradesh,149,,Normal/Others,Construction of BT Road from  Kopadi Bandi Mutyala Raju Land to Adabala Narasimha Rao Land at Pallipalem Hamlet of Gudapalli Village Malikipuram Mandal,,172993
Rajya Sabha,Rajya Sabha,2,Andhra Pradesh,3017190,Shri Subhas Chandra Bose Pilli,2020-26,Works Recommended,"WS/MP026/2024-2025/176729-Construction of roads, link roads, pathways or any other road with or without drainage system",,,2019708,,Sitting Rajya Sabha,545,True,1,Dr. B.R. Ambedkar Konaseema(DISTRICT COLLECTOR Dr B R AMBEDKAR KONASEEMA_IDA),LN/MP026/2024-2025/41,Shri Subhas Chandra Bose Pilli (2020-26),20-Feb-2025,369783.0,Andhra Pradesh,150,,Normal/Others,"Construction of BT Road from Koppadi Bandi Mutyala Raju Land to Koppadi Bandi Mutyala Raju Land -Bit2 at Pallipalem Hamlet of  Gudapalli Village, Malikipuram",,176729
Rajya Sabha,Rajya Sabha,2,Andhra Pradesh,3017190,Shri Subhas Chandra Bose Pilli,2020-26,Works Recommended,"WS/MP026/2025-2026/187703-Construction of roads, link roads, pathways or any other road with or without drainage system",,,2049215,,Sitting Rajya Sabha,545,True,1,Dr. B.R. Ambedkar Konaseema(DISTRICT COLLECTOR Dr B R AMBEDKAR KONASEEMA_IDA),LN/MP026/2024-2025/42,Shri Subhas Chandra Bose Pilli (2020-26),29-Mar-2025,487357.0,Andhra Pradesh,151,,Normal/Others,Providing Gravel Road from Kadiyam Venkateswara Rao Makam to Mudu Kalva Mogga of Thilakuppa Village I Polavaram Mandal,,187703
Rajya Sabha,Rajya Sabha,2,Andhra Pradesh,3017190,Shri Subhas Chandra Bose Pilli,2020-26,Works Recommended,"WS/MP026/2025-2026/187704-Construction of roads, link roads, pathways or any other road with or without drainage system",,,2049298,,Sitting Rajya Sabha,545,True,1,Dr. B.R. Ambedkar Konaseema(DISTRICT COLLECTOR Dr B R AMBEDKAR KONASEEMA_IDA),LN/MP026/2024-2025/42,Shri Subhas Chandra Bose Pilli (2020-26),29-Mar-2025,485978.0,Andhra Pradesh,152,,Normal/Others,Providing Gravel Road from Kadiyam Nagababu Makam to Yalla Dorababu Makam of Thilakuppa Village I Polavaram Mandal,,187704
Rajya Sabha,Rajya Sabha,2,Andhra Pradesh,3017190,Shri Subhas Chandra Bose Pilli,2020-26,Works Recommended,"WS/MP026/2025-2026/187705-Construction of roads, link roads, pathways or any other road with or without drainage system",,,2049327,,Sitting Rajya Sabha,545,True,1,Dr. B.R. Ambedkar Konaseema(DISTRICT COLLECTOR Dr B R AMBEDKAR KONASEEMA_IDA),LN/MP026/2024-2025/42,Shri Subhas Chandra Bose Pilli (2020-26),29-Mar-2025,487357.0,Andhra Pradesh,153,,Normal/Others,Providing Gravel Road from Gundepudi Rambabu Raju Makam to Kona Anjaneyulu Makam of Thilakuppa Village I Polavaram Mandal,,187705
Rajya Sabha,Rajya Sabha,2,Andhra Pradesh,3017190,Shri Subhas Chandra Bose Pilli,2020-26,Works Recommended,"WS/MP026/2025-2026/201985-Construction of roads, link roads, pathways or any other road with or without drainage system",,,,,Sitting Rajya Sabha,545,,1,Kakinada(DISTRICT COLLECTOR KAKINADA_IDA),LN/MP026/2025-2026/44,Shri Subhas Chandra Bose Pilli (2020-26),21-May-2025,500000.0,Andhra Pradesh,154,,Normal/Others,"Formation of a CC road from Rayudu Musalayya House to Jagananna Colony at Rachabanda colony, Dugguduru (V), Kajuluru (M), Kakinada District..",,201985
Rajya Sabha,Rajya Sabha,2,Andhra Pradesh,3017190,Shri Subhas Chandra Bose Pilli,2020-26,Works Recommended,"WS/MP026/2025-2026/201986-Construction of roads, link roads, pathways or any other road with or without drainage system",,,,,Sitting Rajya Sabha,545,,1,Kakinada(DISTRICT COLLECTOR KAKINADA_IDA),LN/MP026/2025-2026/44,Shri Subhas Chandra Bose Pilli (2020-26),21-May-2025,500000.0,Andhra Pradesh,155,,Normal/Others,"Formation of a CC Road from  Main Road to Remella Mohana Rao Site at Rachabanda colony,Dugguduru (V), Kajuluru (M), Kakinada District..",,201986
Rajya Sabha,Rajya Sabha,2,Andhra Pradesh,3017190,Shri Subhas Chandra Bose Pilli,2020-26,Works Recommended,"WS/MP026/2025-2026/201987-Construction of roads, link roads, pathways or any other road with or without drainage system",,,,,Sitting Rajya Sabha,545,,1,Kakinada(DISTRICT COLLECTOR KAKINADA_IDA),LN/MP026/2025-2026/44,Shri Subhas Chandra Bose Pilli (2020-26),21-May-2025,500000.0,Andhra Pradesh,156,,Normal/Others,"Formation of a CC Road from Remella Mohanarao Site to Remella Bose babu site at Rachabanda colony,Dugguduru (V), Kajuluru (M), Kakinada District..",,201987
Rajya Sabha,Rajya Sabha,2,Andhra Pradesh,3017190,Shri Subhas Chandra Bose Pilli,2020-26,Works Recommended,WS/MP026/2025-2026/201988-Crematoriums/energy efficient crematoriums or structures on burial/cremation ground,,,,,Sitting Rajya Sabha,545,,1,Kakinada(DISTRICT COLLECTOR KAKINADA_IDA),LN/MP026/2025-2026/44,Shri Subhas Chandra Bose Pilli (2020-26),21-May-2025,2000000.0,Andhra Pradesh,157,,Normal/Others,"Construction  of  Shed and Burning Cots in Burial Ground at Pallipalem (V) Kajuluru(M),Kakinada District.",,201988
Rajya Sabha,Rajya Sabha,2,Andhra Pradesh,3017190,Shri Subhas Chandra Bose Pilli,2020-26,Works Recommended,WS/MP026/2025-2026/201989-Installation of fixed garden gym equipment,,,1835853,,Sitting Rajya Sabha,545,True,1,Kakinada(DISTRICT COLLECTOR KAKINADA_IDA),LN/MP026/2025-2026/44,Shri Subhas Chandra Bose Pilli (2020-26),21-May-2025,500000.0,Andhra Pradesh,158,,Normal/Others,"Providing Zym Equipment and Amenities in Badminton Indoor Stadium, DSA, Kakinada, Kakinada District..",,201989
Rajya Sabha,Rajya Sabha,2,Andhra Pradesh,3017190,Shri Subhas Chandra Bose Pilli,2020-26,Works Recommended,WS/MP026/2025-2026/201992-Providing drains and gutters for public drainage,,,,,Sitting Rajya Sabha,545,,1,Kakinada(DISTRICT COLLECTOR KAKINADA_IDA),LN/MP026/2025-2026/44,Shri Subhas Chandra Bose Pilli (2020-26),21-May-2025,500000.0,Andhra Pradesh,159,,Normal/Others,"Construction of CC Drain  from Vasamsetti Naga Ratnam House to  Main Drain(masjid)at SC Locality Cheduwada (v) , Kajuluru (M),Kakinada District",,201992
Rajya Sabha,Rajya Sabha,2,Andhra Pradesh,3017190,Shri Subhas Chandra Bose Pilli,2020-26,Works Recommended,WS/MP026/2025-2026/201993-Providing drains and gutters for public drainage,,,2070926,,Sitting Rajya Sabha,545,True,1,Kakinada(DISTRICT COLLECTOR KAKINADA_IDA),LN/MP026/2025-2026/44,Shri Subhas Chandra Bose Pilli (2020-26),21-May-2025,498157.0,Andhra Pradesh,160,,Normal/Others,"Construction of CC Drain from Sagi venkata Subbaraju (H) to Pakalapati Jayaraju (H)  in Pillanka(V), Tallarevu(M), Kakinada District.",,201993
Rajya Sabha,Rajya Sabha,2,Andhra Pradesh,3017190,Shri Subhas Chandra Bose Pilli,2020-26,Works Recommended,WS/MP026/2025-2026/201994-Providing drains and gutters for public drainage,,,2070857,,Sitting Rajya Sabha,545,True,1,Kakinada(DISTRICT COLLECTOR KAKINADA_IDA),LN/MP026/2025-2026/44,Shri Subhas Chandra Bose Pilli (2020-26),21-May-2025,756833.0,Andhra Pradesh,161,,Normal/Others,"Construction of CC Drain from Sagi Minor Raju (H) to Chodaraju Padmavathi (H) in Pillanka(V), Tallarevu(M), Kakinada District.",,201994
Rajya Sabha,Rajya Sabha,2,Andhra Pradesh,3017190,Shri Subhas Chandra Bose Pilli,2020-26,Works Recommended,WS/MP026/2025-2026/201995-Providing drains and gutters for public drainage,,,2070348,,Sitting Rajya Sabha,545,True,1,Kakinada(DISTRICT COLLECTOR KAKINADA_IDA),LN/MP026/2025-2026/44,Shri Subhas Chandra Bose Pilli (2020-26),21-May-2025,398900.0,Andhra Pradesh,162,,Normal/Others,"Construction of CC drain from Katta ramudu (H) to Veluri Venkata Kameswarao (H), in Pillanka(V), Tallarevu(M), Kakinada District.",,201995
Rajya Sabha,Rajya Sabha,2,Andhra Pradesh,3017190,Shri Subhas Chandra Bose Pilli,2020-26,Works Recommended,NA-Construction of boundary walls of existing public and community buildings,,,,,Sitting Rajya Sabha,545,,1,Kakinada(DISTRICT COLLECTOR KAKINADA_IDA),LN/MP026/2025-2026/44,Shri Subhas Chandra Bose Pilli (2020-26),21-May-2025,200000.0,Andhra Pradesh,163,,Normal/Others,"Construction of wing walls and side walls to Pillanka bridge in Pillanka(V), Tallarevu(M), Kakinada District.",,201996
Rajya Sabha,Rajya Sabha,2,Andhra Pradesh,3017190,Shri Subhas Chandra Bose Pilli,2020-26,Works Recommended,WS/MP026/2025-2026/202399-Construction of additional rooms and halls in the existing public and community building,,,1893773,,Sitting Rajya Sabha,545,True,1,Dr. B.R. Ambedkar Konaseema(DISTRICT COLLECTOR Dr B R AMBEDKAR KONASEEMA_IDA),LN/MP026/2025-2026/45,Shri Subhas Chandra Bose Pilli (2020-26),22-May-2025,492070.0,Andhra Pradesh,164,,Normal/Others,Construction of Additional Room to Multipurpose Hall in BC Area of Patha Bhatlapalika Village of K.Gangavaram Mandal,,202399
Rajya Sabha,Rajya Sabha,2,Andhra Pradesh,3017190,Shri Subhas Chandra Bose Pilli,2020-26,Works Recommended,WS/MP026/2025-2026/202400-Crematoriums/energy efficient crematoriums or structures on burial/cremation ground,,,,,Sitting Rajya Sabha,545,,1,Dr. B.R. Ambedkar Konaseema(DISTRICT COLLECTOR Dr B R AMBEDKAR KONASEEMA_IDA),LN/MP026/2025-2026/45,Shri Subhas Chandra Bose Pilli (2020-26),22-May-2025,1500000.0,Andhra Pradesh,165,,Normal/Others,"Construction and Levelling to Burial Ground at Nuuna Vari Steet, Draksharam (V), Ramachandrapuram (M), Dr.B.R.Ambedkar Konaseema District.",,202400
Rajya Sabha,Rajya Sabha,2,Andhra Pradesh,3017190,Shri Subhas Chandra Bose Pilli,2020-26,Works Recommended,WS/MP026/2025-2026/202401-Construction of additional rooms and halls in the existing public and community building,,,2049444,,Sitting Rajya Sabha,545,True,1,Dr. B.R. Ambedkar Konaseema(DISTRICT COLLECTOR Dr B R AMBEDKAR KONASEEMA_IDA),LN/MP026/2025-2026/45,Shri Subhas Chandra Bose Pilli (2020-26),22-May-2025,498612.0,Andhra Pradesh,166,,Normal/Others,"Construction of Additional Room to Multipurpose Activities Center (General) in  Satyawada (V), K.Gangavaram (M), Dr.B.R.Ambedkar Konaseema District.",,202401
Rajya Sabha,Rajya Sabha,2,Andhra Pradesh,3017190,Shri Subhas Chandra Bose Pilli,2020-26,Works Recommended,WS/MP026/2025-2026/202403-Construction of additional rooms and halls in the existing public and community building,,,2172207,,Sitting Rajya Sabha,545,True,1,Dr. B.R. Ambedkar Konaseema(DISTRICT COLLECTOR Dr B R AMBEDKAR KONASEEMA_IDA),LN/MP026/2025-2026/45,Shri Subhas Chandra Bose Pilli (2020-26),22-May-2025,500000.0,Andhra Pradesh,167,,Normal/Others,"Construction of Additional Room to Multipurpose Activities Center in Vellam pampu locality of Venkatayapalem (V), Ramachandrapuram (M), Dr.B.R.Ambedkar Konaseema District..",,202403
Rajya Sabha,Rajya Sabha,2,Andhra Pradesh,3017190,Shri Subhas Chandra Bose Pilli,2020-26,Works Recommended,WS/MP026/2025-2026/202404-Construction of additional rooms and halls in the existing public and community building,,,2154400,,Sitting Rajya Sabha,545,True,1,Dr. B.R. Ambedkar Konaseema(DISTRICT COLLECTOR Dr B R AMBEDKAR KONASEEMA_IDA),LN/MP026/2025-2026/45,Shri Subhas Chandra Bose Pilli (2020-26),22-May-2025,1500000.0,Andhra Pradesh,168,,Normal/Others,"Construction of Additional Room in  Arya Vysya Kalyana Mandapam at Chodavaram (V), Ramachandrapuram (M), Dr.B.R.Ambedkar Konaseema District.",,202404
Rajya Sabha,Rajya Sabha,2,Andhra Pradesh,3017190,Shri Subhas Chandra Bose Pilli,2020-26,Works Recommended,WS/MP026/2025-2026/202405-Construction of additional rooms and halls in the existing public and community building,,,2154443,,Sitting Rajya Sabha,545,True,1,Dr. B.R. Ambedkar Konaseema(DISTRICT COLLECTOR Dr B R AMBEDKAR KONASEEMA_IDA),LN/MP026/2025-2026/45,Shri Subhas Chandra Bose Pilli (2020-26),22-May-2025,500000.0,Andhra Pradesh,169,,Normal/Others,"Construction of Additional Room to Multi purpose Hall in SC (Madiga) locality at Hasanbada, Ramachandrapuram (M), DrB.R.Ambedkar Konaseema District.",,202405
Rajya Sabha,Rajya Sabha,2,Andhra Pradesh,3017190,Shri Subhas Chandra Bose Pilli,2020-26,Works Recommended,WS/MP026/2025-2026/202407-Construction of additional rooms and halls in the existing public and community building,,,1833677,,Sitting Rajya Sabha,545,True,1,Dr. B.R. Ambedkar Konaseema(DISTRICT COLLECTOR Dr B R AMBEDKAR KONASEEMA_IDA),LN/MP026/2025-2026/45,Shri Subhas Chandra Bose Pilli (2020-26),22-May-2025,500000.0,Andhra Pradesh,170,,Normal/Others,"Construction of Additional Room to Multi purpose Community Hall at Rajaka Community in Palivela(V) Kothapeta Mandal,Dr.B.R.Ambedkar Konaseema District.",,202407
Rajya Sabha,Rajya Sabha,2,Andhra Pradesh,3017190,Shri Subhas Chandra Bose Pilli,2020-26,Works Recommended,WS/MP026/2025-2026/202408-Construction of community centers and community halls,,,2172222,,Sitting Rajya Sabha,545,True,1,Dr. B.R. Ambedkar Konaseema(DISTRICT COLLECTOR Dr B R AMBEDKAR KONASEEMA_IDA),LN/MP026/2025-2026/45,Shri Subhas Chandra Bose Pilli (2020-26),22-May-2025,500000.0,Andhra Pradesh,171,,Normal/Others,"Construction of Additional Room to Multipurpose Hall at Narsipudi(V), Alamuru Mandal,Dr.B.R.Ambedkar Konaseema District.",,202408
Rajya Sabha,Rajya Sabha,2,Andhra Pradesh,3017190,Shri Subhas Chandra Bose Pilli,2020-26,Works Recommended,WS/MP026/2025-2026/203894-Construction of additional rooms and halls in the existing public and community building,,,,,Sitting Rajya Sabha,545,,1,Kakinada(DISTRICT COLLECTOR KAKINADA_IDA),LN/MP026/2025-2026/46,Shri Subhas Chandra Bose Pilli (2020-26),27-May-2025,1500000.0,Andhra Pradesh,172,,Normal/Others,"Construction  of Additional Hall in existing multipurpose activity centre near Mutyalamma Vepachettu in Kajuluru (V), Kajuluru Mandal of Kakinada District",,203894
Rajya Sabha,Rajya Sabha,2,Andhra Pradesh,3017190,Shri Subhas Chandra Bose Pilli,2020-26,Works Recommended,WS/MP026/2025-2026/203899-Crematoriums/energy efficient crematoriums or structures on burial/cremation ground,,,,,Sitting Rajya Sabha,545,,1,Dr. B.R. Ambedkar Konaseema(DISTRICT COLLECTOR Dr B R AMBEDKAR KONASEEMA_IDA),LN/MP026/2025-2026/48,Shri Subhas Chandra Bose Pilli (2020-26),28-May-2025,1500000.0,Andhra Pradesh,173,,Normal/Others,Construction and levelling of burrial ground at Jagannayakulapalem (v) Ramachandrapuram (M) Dr.B.R.Ambedkar Konaseema District (OC Colony),,203899
Rajya Sabha,Rajya Sabha,2,Andhra Pradesh,3017190,Shri Subhas Chandra Bose Pilli,2020-26,Works Recommended,"WS/MP026/2025-2026/203900-Construction of roads, link roads, pathways or any other road with or without drainage system",,,2051623,,Sitting Rajya Sabha,545,True,1,Dr. B.R. Ambedkar Konaseema(DISTRICT COLLECTOR Dr B R AMBEDKAR KONASEEMA_IDA),LN/MP026/2025-2026/48,Shri Subhas Chandra Bose Pilli (2020-26),28-May-2025,472345.0,Andhra Pradesh,174,,Normal/Others,"Providing Gravel Road from Neelagiri Narendra House to Narni Shesha Siva Rao land in Mogallamuru (V), Allavaram (M)",,203900
Rajya Sabha,Rajya Sabha,2,Andhra Pradesh,3017190,Shri Subhas Chandra Bose Pilli,2020-26,Works Recommended,"WS/MP026/2025-2026/203901-Construction of roads, link roads, pathways or any other road with or without drainage system",,,2051608,,Sitting Rajya Sabha,545,True,1,Dr. B.R. Ambedkar Konaseema(DISTRICT COLLECTOR Dr B R AMBEDKAR KONASEEMA_IDA),LN/MP026/2025-2026/48,Shri Subhas Chandra Bose Pilli (2020-26),28-May-2025,472091.0,Andhra Pradesh,175,,Normal/Others,"Providing Gravel Road from Narni Narayana Murthy House to Rokkala Suseela site in Mogallamuru (V), Allavaram (M)",,203901
Rajya Sabha,Rajya Sabha,2,Andhra Pradesh,3017190,Shri Subhas Chandra Bose Pilli,2020-26,Works Recommended,"WS/MP026/2025-2026/227861-Construction of roads, link roads, pathways or any other road with or without drainage system",,,2051580,,Sitting Rajya Sabha,545,True,1,Dr. B.R. Ambedkar Konaseema(DISTRICT COLLECTOR Dr B R AMBEDKAR KONASEEMA_IDA),LN/MP026/2025-2026/50,Shri Subhas Chandra Bose Pilli (2020-26),20-Aug-2025,499217.0,Andhra Pradesh,176,,Normal/Others,"Conastruction of BT Road from V Bapiraju Site Ending to N Suresh Land at Magatapalli Village of Mamidikuduru Mandal , Dr.B.R.Ambedkar Konaseema District",,227861
Rajya Sabha,Rajya Sabha,2,Andhra Pradesh,3017190,Shri Subhas Chandra Bose Pilli,2020-26,Works Recommended,"WS/MP026/2025-2026/227862-Construction of roads, link roads, pathways or any other road with or without drainage system",,,2051462,,Sitting Rajya Sabha,545,True,1,Dr. B.R. Ambedkar Konaseema(DISTRICT COLLECTOR Dr B R AMBEDKAR KONASEEMA_IDA),LN/MP026/2025-2026/50,Shri Subhas Chandra Bose Pilli (2020-26),20-Aug-2025,499760.0,Andhra Pradesh,177,,Normal/Others,"Conastruction of BT Road from N Suresh Land to G Raja Kumari Land at Magatapalli Village of Mamidikuduru Mandal , Dr.B.R.Ambedkar Konaseema District",,227862
Rajya Sabha,Rajya Sabha,2,Andhra Pradesh,3017190,Shri Subhas Chandra Bose Pilli,2020-26,Works Recommended,"WS/MP026/2025-2026/227863-Construction of roads, link roads, pathways or any other road with or without drainage system",,,2051450,,Sitting Rajya Sabha,545,True,1,Dr. B.R. Ambedkar Konaseema(DISTRICT COLLECTOR Dr B R AMBEDKAR KONASEEMA_IDA),LN/MP026/2025-2026/50,Shri Subhas Chandra Bose Pilli (2020-26),20-Aug-2025,499217.0,Andhra Pradesh,178,,Normal/Others,"Conastruction of BT Road from  G Raja Kumari Land to Gundabathula Satyanarayana Land at Magatapalli Village of Mamidikuduru Mandal , Dr.B.R.Ambedkar Konaseema District",,227863
Rajya Sabha,Rajya Sabha,2,Andhra Pradesh,3017190,Shri Subhas Chandra Bose Pilli,2020-26,Works Recommended,"WS/MP026/2025-2026/227864-Construction of roads, link roads, pathways or any other road with or without drainage system",,,2051588,,Sitting Rajya Sabha,545,True,1,Dr. B.R. Ambedkar Konaseema(DISTRICT COLLECTOR Dr B R AMBEDKAR KONASEEMA_IDA),LN/MP026/2025-2026/50,Shri Subhas Chandra Bose Pilli (2020-26),20-Aug-2025,499640.0,Andhra Pradesh,179,,Normal/Others,"Conastruction of BT Road from  Gundabathula Satyanarayana Land to Bhupathi Satyanarayana House  at Magatapalli Village of Mamidikuduru Mandal , Dr.B.R.Ambedkar Konaseema District",,227864
Rajya Sabha,Rajya Sabha,2,Andhra Pradesh,3017190,Shri Subhas Chandra Bose Pilli,2020-26,Works Recommended,"WS/MP026/2025-2026/227865-Construction of roads, link roads, pathways or any other road with or without drainage system",,,2051538,,Sitting Rajya Sabha,545,True,1,Dr. B.R. Ambedkar Konaseema(DISTRICT COLLECTOR Dr B R AMBEDKAR KONASEEMA_IDA),LN/MP026/2025-2026/50,Shri Subhas Chandra Bose Pilli (2020-26),20-Aug-2025,499522.0,Andhra Pradesh,180,,Normal/Others,"Conastruction of BT Road from   Bhupathi Satyanarayana House  to Vunduru Narasaimha  Murthy House at Magatapalli Village of Mamidikuduru Mandal , Dr.B.R.Ambedkar Konaseema District",,227865
Rajya Sabha,Rajya Sabha,2,Andhra Pradesh,3017190,Shri Subhas Chandra Bose Pilli,2020-26,Works Recommended,"WS/MP026/2025-2026/227866-Construction of roads, link roads, pathways or any other road with or without drainage system",,,2051439,,Sitting Rajya Sabha,545,True,1,Dr. B.R. Ambedkar Konaseema(DISTRICT COLLECTOR Dr B R AMBEDKAR KONASEEMA_IDA),LN/MP026/2025-2026/50,Shri Subhas Chandra Bose Pilli (2020-26),20-Aug-2025,499839.0,Andhra Pradesh,181,,Normal/Others,"Conastruction of BT Road from    Vunduru Narasaimha  Murthy House to Vakalapudi Krishna House at Magatapalli Village of Mamidikuduru Mandal , Dr.B.R.Ambedkar Konaseema District",,227866
Rajya Sabha,Rajya Sabha,2,Andhra Pradesh,3017190,Shri Subhas Chandra Bose Pilli,2020-26,Works Recommended,"WS/MP026/2025-2026/227867-Construction of roads, link roads, pathways or any other road with or without drainage system",,,2051523,,Sitting Rajya Sabha,545,True,1,Dr. B.R. Ambedkar Konaseema(DISTRICT COLLECTOR Dr B R AMBEDKAR KONASEEMA_IDA),LN/MP026/2025-2026/50,Shri Subhas Chandra Bose Pilli (2020-26),20-Aug-2025,495617.0,Andhra Pradesh,182,,Normal/Others,"Conastruction of BT Road from    Vardhineedi Venkateswara Rao House to Namana  Nageswara Rao Land at Magatapalli Village of Mamidikuduru Mandal , Dr.B.R.Ambedkar Konaseema District",,227867
Rajya Sabha,Rajya Sabha,2,Andhra Pradesh,3017190,Shri Subhas Chandra Bose Pilli,2020-26,Works Recommended,WS/MP026/2025-2026/233252-Construction of community centers and community halls,,,,,Sitting Rajya Sabha,545,,1,Dr. B.R. Ambedkar Konaseema(DISTRICT COLLECTOR Dr B R AMBEDKAR KONASEEMA_IDA),LN/MP026/2025-2026/51,Shri Subhas Chandra Bose Pilli (2020-26),12-Sep-2025,2500000.0,Andhra Pradesh,183,,Normal/Others,Construction of Multi-Purpose Hall at Gopalapuram Village of Ravulapalem Mandal in Kothapeta Constituency,,233252
Rajya Sabha,Rajya Sabha,2,Andhra Pradesh,3017190,Shri Subhas Chandra Bose Pilli,2020-26,Works Recommended,"WS/MP026/2025-2026/258255-Construction of roads, link roads, pathways or any other road with or without drainage system",,,,,Sitting Rajya Sabha,545,,1,Dr. B.R. Ambedkar Konaseema(DISTRICT COLLECTOR Dr B R AMBEDKAR KONASEEMA_IDA),LN/MP026/2025-2026/54,Shri Subhas Chandra Bose Pilli (2020-26),09-Jan-2026,500000.0,Andhra Pradesh,184,,Normal/Others,"Construction of CC Road from Nagesh Tower to Vardhineedi Gangadhar House in BC area at Magatapalli Village of Mamidikuduru Mandal, Dr. B. R. Ambedkar Konaseema District",,258255
Rajya Sabha,Rajya Sabha,2,Andhra Pradesh,3017190,Shri Subhas Chandra Bose Pilli,2020-26,Works Recommended,"WS/MP026/2025-2026/258256-Construction of roads, link roads, pathways or any other road with or without drainage system",,,,,Sitting Rajya Sabha,545,,1,Dr. B.R. Ambedkar Konaseema(DISTRICT COLLECTOR Dr B R AMBEDKAR KONASEEMA_IDA),LN/MP026/2025-2026/54,Shri Subhas Chandra Bose Pilli (2020-26),09-Jan-2026,500000.0,Andhra Pradesh,185,,Normal/Others,"Construction of CC Road from Vardhineedi Gangadhar House to Vardhineedi Venkateswara Rao House  in BC area at Magatapalli Village of Mamidikuduru Mandal, Dr. B. R. Ambedkar Konaseema District",,258256
Rajya Sabha,Rajya Sabha,2,Andhra Pradesh,3017190,Shri Subhas Chandra Bose Pilli,2020-26,Works Recommended,"WS/MP026/2025-2026/258257-Construction of roads, link roads, pathways or any other road with or without drainage system",,,,,Sitting Rajya Sabha,545,,1,Dr. B.R. Ambedkar Konaseema(DISTRICT COLLECTOR Dr B R AMBEDKAR KONASEEMA_IDA),LN/MP026/2025-2026/54,Shri Subhas Chandra Bose Pilli (2020-26),09-Jan-2026,500000.0,Andhra Pradesh,186,,Normal/Others,"Construction of CC Road from  Vardhineedi Venkateswara Rao House to Vardhineedi Bapiraju House in BC area at Magatapalli Village of Mamidikuduru Mandal, Dr. B. R. Ambedkar Konaseema District",,258257
Rajya Sabha,Rajya Sabha,2,Andhra Pradesh,3017190,Shri Subhas Chandra Bose Pilli,2020-26,Works Recommended,"WS/MP026/2025-2026/258258-Construction of roads, link roads, pathways or any other road with or without drainage system",,,,,Sitting Rajya Sabha,545,,1,Dr. B.R. Ambedkar Konaseema(DISTRICT COLLECTOR Dr B R AMBEDKAR KONASEEMA_IDA),LN/MP026/2025-2026/54,Shri Subhas Chandra Bose Pilli (2020-26),09-Jan-2026,500000.0,Andhra Pradesh,187,,Normal/Others,"Construction of CC Road from   Vardhineedi Bapiraju House to Vardhineedi Ramarao House in BC area at Magatapalli Village of Mamidikuduru Mandal, Dr. B. R. Ambedkar Konaseema District",,258258
Rajya Sabha,Rajya Sabha,2,Andhra Pradesh,3017190,Shri Subhas Chandra Bose Pilli,2020-26,Works Recommended,"WS/MP026/2025-2026/258259-Construction of roads, link roads, pathways or any other road with or without drainage system",,,,,Sitting Rajya Sabha,545,,1,Dr. B.R. Ambedkar Konaseema(DISTRICT COLLECTOR Dr B R AMBEDKAR KONASEEMA_IDA),LN/MP026/2025-2026/54,Shri Subhas Chandra Bose Pilli (2020-26),09-Jan-2026,500000.0,Andhra Pradesh,188,,Normal/Others,"Construction of CC Road from  Vardhineedi Ramarao House to Matta LakshmiBhai House in BC area at Magatapalli Village of Mamidikuduru Mandal, Dr. B. R. Ambedkar Konaseema District",,258259
Rajya Sabha,Rajya Sabha,2,Andhra Pradesh,3017190,Shri Subhas Chandra Bose Pilli,2020-26,Works Recommended,"WS/MP026/2025-2026/258260-Construction of roads, link roads, pathways or any other road with or without drainage system",,,,,Sitting Rajya Sabha,545,,1,Dr. B.R. Ambedkar Konaseema(DISTRICT COLLECTOR Dr B R AMBEDKAR KONASEEMA_IDA),LN/MP026/2025-2026/54,Shri Subhas Chandra Bose Pilli (2020-26),09-Jan-2026,500000.0,Andhra Pradesh,189,,Normal/Others,"Construction of CC Road from Matta LakshmiBhai House to Undru Lakshmi Narasimha Murthy House in BC area at Magatapalli Village of Mamidikuduru Mandal, Dr. B. R. Ambedkar Konaseema District",,258260
Rajya Sabha,Rajya Sabha,2,Andhra Pradesh,3017190,Shri Subhas Chandra Bose Pilli,2020-26,Works Recommended,"WS/MP026/2025-2026/258261-Construction of roads, link roads, pathways or any other road with or without drainage system",,,,,Sitting Rajya Sabha,545,,1,Dr. B.R. Ambedkar Konaseema(DISTRICT COLLECTOR Dr B R AMBEDKAR KONASEEMA_IDA),LN/MP026/2025-2026/54,Shri Subhas Chandra Bose Pilli (2020-26),09-Jan-2026,500000.0,Andhra Pradesh,190,,Normal/Others,"Construction of C.C Road from Pampana Krishna House to Saripella Viswanadha Raju site in Madyakompalu Ramachandrapuram Municipality, Dr. B.R. Ambedkar Konaseema District",,258261
Rajya Sabha,Rajya Sabha,2,Andhra Pradesh,3017190,Shri Subhas Chandra Bose Pilli,2020-26,Works Recommended,"WS/MP026/2025-2026/258262-Construction of roads, link roads, pathways or any other road with or without drainage system",,,,,Sitting Rajya Sabha,545,,1,Dr. B.R. Ambedkar Konaseema(DISTRICT COLLECTOR Dr B R AMBEDKAR KONASEEMA_IDA),LN/MP026/2025-2026/54,Shri Subhas Chandra Bose Pilli (2020-26),09-Jan-2026,500000.0,Andhra Pradesh,191,,Normal/Others,"Construction of C.C Road from  Saripella Viswanadha Raju site to Pilli Satyanaryana Cattle Shed in Madyakompalu Ramachandrapuram Municipality, Dr. B.R. Ambedkar Konaseema District",,258262
Rajya Sabha,Rajya Sabha,2,Andhra Pradesh,3017190,Shri Subhas Chandra Bose Pilli,2020-26,Works Recommended,"WS/MP026/2025-2026/258264-Construction of roads, link roads, pathways or any other road with or without drainage system",,,,,Sitting Rajya Sabha,545,,1,Dr. B.R. Ambedkar Konaseema(DISTRICT COLLECTOR Dr B R AMBEDKAR KONASEEMA_IDA),LN/MP026/2025-2026/54,Shri Subhas Chandra Bose Pilli (2020-26),09-Jan-2026,500000.0,Andhra Pradesh,192,,Normal/Others,"Construction of C.C Road from  Pilli Satyanaryana Cattle Shed to Guttula srinu House  in Madyakompalu Ramachandrapuram Municipality, Dr. B.R. Ambedkar Konaseema District",,258264
Rajya Sabha,Rajya Sabha,2,Andhra Pradesh,3017190,Shri Subhas Chandra Bose Pilli,2020-26,Works Recommended,WS/MP026/2026-2027/273458-Construction of boundary walls of existing public and community buildings,,,,,Sitting Rajya Sabha,545,,1,Dr. B.R. Ambedkar Konaseema(DISTRICT COLLECTOR Dr B R AMBEDKAR KONASEEMA_IDA),LN/MP026/2025-2026/58,Shri Subhas Chandra Bose Pilli (2020-26),10-Mar-2026,500000.0,Andhra Pradesh,193,,Normal/Others,"Construction of Compound Wall to Multipurpose Activities Center in BC Area of Dasaripadu Village Habitation of  Venkatyapalem Village of Ramachandrapuram Mandal, Dr.B.R.Ambedkar Konaseema District",,273458
Rajya Sabha,Rajya Sabha,2,Andhra Pradesh,3017190,Shri Subhas Chandra Bose Pilli,2020-26,Works Recommended,"WS/MP026/2026-2027/273459-Construction of cycle tracks, cycle stand and segregated non-motorized vehicle (NMV) lanes",,,,,Sitting Rajya Sabha,545,,1,Dr. B.R. Ambedkar Konaseema(DISTRICT COLLECTOR Dr B R AMBEDKAR KONASEEMA_IDA),LN/MP026/2025-2026/58,Shri Subhas Chandra Bose Pilli (2020-26),10-Mar-2026,480000.0,Andhra Pradesh,194,,Normal/Others,"Construction of Cycle Shelter in Z.P High School at Kunduru Village of K.Gangavaram Mandal , Dr.B.R.Ambedkar Konaseema District",,273459
Rajya Sabha,Rajya Sabha,2,Andhra Pradesh,3017190,Shri Subhas Chandra Bose Pilli,2020-26,Works Recommended,NA-Construction of additional rooms and halls in the existing public and community building,,,,,Sitting Rajya Sabha,545,,1,Dr. B.R. Ambedkar Konaseema(DISTRICT COLLECTOR Dr B R AMBEDKAR KONASEEMA_IDA),LN/MP026/2026-2027/60,Shri Subhas Chandra Bose Pilli (2020-26),21-May-2026,500000.0,Andhra Pradesh,195,,Normal/Others,"Construction of  Additional Room to Multipurpose Hall at SC Locality of Vegayammapeta Village of Ramachandrapuram Mandal, Dr. B.R. Ambedkar Konaseema District",,282799
Rajya Sabha,Rajya Sabha,2,Andhra Pradesh,3017190,Shri Subhas Chandra Bose Pilli,2020-26,Works Recommended,NA-Construction of additional rooms and halls in the existing public and community building,,,,,Sitting Rajya Sabha,545,,1,Dr. B.R. Ambedkar Konaseema(DISTRICT COLLECTOR Dr B R AMBEDKAR KONASEEMA_IDA),LN/MP026/2026-2027/60,Shri Subhas Chandra Bose Pilli (2020-26),21-May-2026,250000.0,Andhra Pradesh,196,,Normal/Others,"Construction of Additional room to SC Community Hall at Tadipalli Village, Ramachandrpuram Mandal, Dr. B.R. Ambedakr Konaseema District",,282800
Rajya Sabha,Rajya Sabha,2,Andhra Pradesh,3017190,Shri Subhas Chandra Bose Pilli,2020-26,Works Recommended,NA-Construction of foot over bridge (FOB),,,,,Sitting Rajya Sabha,545,,1,Dr. B.R. Ambedkar Konaseema(DISTRICT COLLECTOR Dr B R AMBEDKAR KONASEEMA_IDA),LN/MP026/2026-2027/60,Shri Subhas Chandra Bose Pilli (2020-26),21-May-2026,500000.0,Andhra Pradesh,197,,Normal/Others,"Construction of Footpath Bridge at Kota Serilanak  Habitation of Kota Village, K Gangavaram Mandal, Dr. B.R. Ambedakr Konaseema District",,282801
Rajya Sabha,Rajya Sabha,2,Andhra Pradesh,3017190,Shri Subhas Chandra Bose Pilli,2020-26,Works Recommended,"NA-Construction of roads, link roads, pathways or any other road with or without drainage system",,,,,Sitting Rajya Sabha,545,,1,Dr. B.R. Ambedkar Konaseema(DISTRICT COLLECTOR Dr B R AMBEDKAR KONASEEMA_IDA),LN/MP026/2026-2027/60,Shri Subhas Chandra Bose Pilli (2020-26),21-May-2026,250000.0,Andhra Pradesh,198,,Normal/Others,"Construction of CC Road from Chappidi Veerraju House to Vasamsetti Chandra Rao House at B.C Locality in Tiranampeta Area, Velampalem Village, Ramachandrapuram Mandal, Dr. B.R. Ambedkar Konaseema District",,282802
Rajya Sabha,Rajya Sabha,2,Andhra Pradesh,3017190,Shri Subhas Chandra Bose Pilli,2020-26,Works Recommended,"NA-Construction of roads, link roads, pathways or any other road with or without drainage system",,,,,Sitting Rajya Sabha,545,,1,Dr. B.R. Ambedkar Konaseema(DISTRICT COLLECTOR Dr B R AMBEDKAR KONASEEMA_IDA),LN/MP026/2026-2027/60,Shri Subhas Chandra Bose Pilli (2020-26),21-May-2026,250000.0,Andhra Pradesh,199,,Normal/Others,"Construction of CC Drain from Chappidi Veerraju House to Vasamsetti Chandra Rao House at B.C Locality in Tiranampeta Area, Velampalem Village, Ramachandrapuram Mandal, Dr. B.R. Ambedkar Konaseema District",,282803
Rajya Sabha,Rajya Sabha,2,Andhra Pradesh,3017190,Shri Subhas Chandra Bose Pilli,2020-26,Works Recommended,"NA-Construction of roads, link roads, pathways or any other road with or without drainage system",,,,,Sitting Rajya Sabha,545,,1,Dr. B.R. Ambedkar Konaseema(DISTRICT COLLECTOR Dr B R AMBEDKAR KONASEEMA_IDA),LN/MP026/2026-2027/60,Shri Subhas Chandra Bose Pilli (2020-26),21-May-2026,500000.0,Andhra Pradesh,200,,Normal/Others,"Construction of CC Drain from Pasumarthi Venkatarao House to Vasamsetti Nandiraju House at B.C Locality in Tiranampeta Area, Velampalem Village, Ramachandrapuram Mandal, Dr. B.R. Ambedkar Konaseema District",,282804
Rajya Sabha,Rajya Sabha,2,Andhra Pradesh,3017190,Shri Subhas Chandra Bose Pilli,2020-26,Works Recommended,"WS/MP026/2025-2026/222298-Construction of roads, link roads, pathways or any other road with or without drainage system",,,2051593,,Sitting Rajya Sabha,545,True,1,Dr. B.R. Ambedkar Konaseema(DISTRICT COLLECTOR Dr B R AMBEDKAR KONASEEMA_IDA),LN/MP026/2025-2026/49,Shri Subhas Chandra Bose Pilli (2020-26),25-Jul-2025,498838.0,Andhra Pradesh,201,,Normal/Others,Construction of CC Road from Vardanpu Veera Raghavalu House to Namana Anantha House at Magatapalli Village of Mamidikuduru Mandal,,222298
Rajya Sabha,Rajya Sabha,2,Andhra Pradesh,3017190,Shri Subhas Chandra Bose Pilli,2020-26,Works Recommended,"WS/MP026/2025-2026/222299-Construction of roads, link roads, pathways or any other road with or without drainage system",,,2051599,,Sitting Rajya Sabha,545,True,1,Dr. B.R. Ambedkar Konaseema(DISTRICT COLLECTOR Dr B R AMBEDKAR KONASEEMA_IDA),LN/MP026/2025-2026/49,Shri Subhas Chandra Bose Pilli (2020-26),25-Jul-2025,497947.0,Andhra Pradesh,202,,Normal/Others,"Construction of CC Road from  Namana Anantha House to Namana Satyanarayana Land at Magatapalli Village of Mamidikuduru Mandal,Dr.B.R.Ambedkar Konaseema District.",,222299
Rajya Sabha,Rajya Sabha,2,Andhra Pradesh,3017190,Shri Subhas Chandra Bose Pilli,2020-26,Works Recommended,"WS/MP026/2025-2026/222300-Construction of roads, link roads, pathways or any other road with or without drainage system",,,2051604,,Sitting Rajya Sabha,545,True,1,Dr. B.R. Ambedkar Konaseema(DISTRICT COLLECTOR Dr B R AMBEDKAR KONASEEMA_IDA),LN/MP026/2025-2026/49,Shri Subhas Chandra Bose Pilli (2020-26),25-Jul-2025,499453.0,Andhra Pradesh,203,,Normal/Others,"Construction of CC Road from Namana Satyanarayana Land to Namana Nageswara Rao land at Magatapalli Village of Mamidikuduru Mandal ,Dr.B.R.Ambedkar Konaseema District.",,222300
Rajya Sabha,Rajya Sabha,2,Andhra Pradesh,3017190,Shri Subhas Chandra Bose Pilli,2020-26,Works Recommended,"WS/MP026/2025-2026/222301-Construction of roads, link roads, pathways or any other road with or without drainage system",,,2139689,,Sitting Rajya Sabha,545,True,1,Dr. B.R. Ambedkar Konaseema(DISTRICT COLLECTOR Dr B R AMBEDKAR KONASEEMA_IDA),LN/MP026/2025-2026/49,Shri Subhas Chandra Bose Pilli (2020-26),25-Jul-2025,500000.0,Andhra Pradesh,204,,Normal/Others,"Construction of CC Road from Vinayaka Temple fo Fish Market at Kotipalli Village of K.Gangavaram Mandal, Dr.B.R.Ambedkar Konaseema District.",,222301
Rajya Sabha,Rajya Sabha,2,Andhra Pradesh,3017190,Shri Subhas Chandra Bose Pilli,2020-26,Works Recommended,WS/MP026/2025-2026/222302-Providing drains and gutters for public drainage,,,2065980,,Sitting Rajya Sabha,545,True,1,Dr. B.R. Ambedkar Konaseema(DISTRICT COLLECTOR Dr B R AMBEDKAR KONASEEMA_IDA),LN/MP026/2025-2026/49,Shri Subhas Chandra Bose Pilli (2020-26),25-Jul-2025,500000.0,Andhra Pradesh,205,,Normal/Others,"Construction of CC Drain from Vinayaka Temple to Fish Market at kotipalli Village of K.Gangavaram Mandal, Dr.B.R.Ambedkar Konaseema District.",,222302
Rajya Sabha,Rajya Sabha,2,Andhra Pradesh,3017190,Shri Subhas Chandra Bose Pilli,2020-26,Works Recommended,WS/MP026/2025-2026/222303-Providing drains and gutters for public drainage,,,,,Sitting Rajya Sabha,545,,1,Dr. B.R. Ambedkar Konaseema(DISTRICT COLLECTOR Dr B R AMBEDKAR KONASEEMA_IDA),LN/MP026/2025-2026/49,Shri Subhas Chandra Bose Pilli (2020-26),25-Jul-2025,500000.0,Andhra Pradesh,206,,Normal/Others,"Construction of CC Drain from Anusuri Sathibabau House to Dangeti Venkata Ramana House at Biyyampeta BC area in Draksharam Village of Ramachandrapuram Mandal, Dr.B.R.Ambedkar Konaseema District.",,222303
Rajya Sabha,Rajya Sabha,2,Andhra Pradesh,3017190,Shri Subhas Chandra Bose Pilli,2020-26,Works Recommended,WS/MP026/2025-2026/222304-Construction of buildings for community cultural activities,,,2051414,,Sitting Rajya Sabha,545,True,1,Dr. B.R. Ambedkar Konaseema(DISTRICT COLLECTOR Dr B R AMBEDKAR KONASEEMA_IDA),LN/MP026/2025-2026/49,Shri Subhas Chandra Bose Pilli (2020-26),25-Jul-2025,497315.0,Andhra Pradesh,207,,Normal/Others,"Construction of MultiPurose Hall at BC area in  Dongalagudem, H_o Bhatlapalika Village of K.Gangavaram Mandal, Dr.B.R.Ambedkar Konaseema District.",,222304
Rajya Sabha,Rajya Sabha,2,Andhra Pradesh,3017190,Shri Subhas Chandra Bose Pilli,2020-26,Works Recommended,WS/MP026/2025-2026/222305-Construction of additional rooms and halls in the existing public and community building,,,2051422,,Sitting Rajya Sabha,545,True,1,Dr. B.R. Ambedkar Konaseema(DISTRICT COLLECTOR Dr B R AMBEDKAR KONASEEMA_IDA),LN/MP026/2025-2026/49,Shri Subhas Chandra Bose Pilli (2020-26),25-Jul-2025,496414.0,Andhra Pradesh,208,,Normal/Others,"Construction of Additional Room to Multipurpose Hall at BC area in Dongalagudem, H_o Bhatlapalika Village of K.Gangavaram Mandal , Dr.B.R.Ambedkar Konaseema District.",,222305
Rajya Sabha,Rajya Sabha,2,Andhra Pradesh,3017190,Shri Subhas Chandra Bose Pilli,2020-26,Works Recommended,WS/MP026/2025-2026/222306-Construction of boundary walls of existing public and community buildings,,,,,Sitting Rajya Sabha,545,,1,Dr. B.R. Ambedkar Konaseema(DISTRICT COLLECTOR Dr B R AMBEDKAR KONASEEMA_IDA),LN/MP026/2025-2026/49,Shri Subhas Chandra Bose Pilli (2020-26),25-Jul-2025,500000.0,Andhra Pradesh,209,,Normal/Others,"Construction of Compound wall to Multipurpose hall at BC area in Dongalagudem, H_o Bhatlapalika Village of K.Gangavaram Mandal, Dr.B.R.Ambedkar Konaseema District.",,222306
Rajya Sabha,Rajya Sabha,2,Andhra Pradesh,3017190,Shri Subhas Chandra Bose Pilli,2020-26,Works Recommended,WS/MP026/2025-2026/222307-Construction of buildings for community cultural activities,,,,,Sitting Rajya Sabha,545,,1,Dr. B.R. Ambedkar Konaseema(DISTRICT COLLECTOR Dr B R AMBEDKAR KONASEEMA_IDA),LN/MP026/2025-2026/49,Shri Subhas Chandra Bose Pilli (2020-26),25-Jul-2025,500000.0,Andhra Pradesh,210,,Normal/Others,"Construction of Multipurpose Hall at SC area in Yarrapothavaram Village of of K.Gangavaram Mandal , Dr.B.R.Ambedkar Konaseema District.",,222307
Rajya Sabha,Rajya Sabha,2,Andhra Pradesh,3017190,Shri Subhas Chandra Bose Pilli,2020-26,Works Recommended,WS/MP026/2025-2026/222308-Construction of additional rooms and halls in the existing public and community building,,,,,Sitting Rajya Sabha,545,,1,Dr. B.R. Ambedkar Konaseema(DISTRICT COLLECTOR Dr B R AMBEDKAR KONASEEMA_IDA),LN/MP026/2025-2026/49,Shri Subhas Chandra Bose Pilli (2020-26),25-Jul-2025,500000.0,Andhra Pradesh,211,,Normal/Others,"Construction of Additional Room to Multipurpose Hall at SC area  in Yarrapothavaram Village of of K.Gangavaram Mandal ,Dr.B.R.Ambedkar Konaseema District.",,222308
Rajya Sabha,Rajya Sabha,2,Andhra Pradesh,3017190,Shri Subhas Chandra Bose Pilli,2020-26,Works Recommended,WS/MP026/2025-2026/222309-Construction of boundary walls of existing public and community buildings,,,2154422,,Sitting Rajya Sabha,545,True,1,Dr. B.R. Ambedkar Konaseema(DISTRICT COLLECTOR Dr B R AMBEDKAR KONASEEMA_IDA),LN/MP026/2025-2026/49,Shri Subhas Chandra Bose Pilli (2020-26),25-Jul-2025,500000.0,Andhra Pradesh,212,,Normal/Others,"Construction of Compound wall and other Amenities to  Multi purpose Hall in SC (Madiga)  locality at Hasanbada, Ramachandrapuram (M), Dr.B.R.Ambedkar Konaseema District.",,222309
Rajya Sabha,Rajya Sabha,2,Andhra Pradesh,3017190,Shri Subhas Chandra Bose Pilli,2020-26,Works Recommended,"WS/MP026/2025-2026/222310-Construction of roads, link roads, pathways or any other road with or without drainage system",,,1899228,,Sitting Rajya Sabha,545,True,1,Dr. B.R. Ambedkar Konaseema(DISTRICT COLLECTOR Dr B R AMBEDKAR KONASEEMA_IDA),LN/MP026/2025-2026/49,Shri Subhas Chandra Bose Pilli (2020-26),25-Jul-2025,482224.0,Andhra Pradesh,213,,Normal/Others,Construction of WBM Road from Mallipudi RangaRao Field to R and B Road at SC area in Gudigallabhaga Village of K.Gangavaram Mandal,,222310
Rajya Sabha,Rajya Sabha,2,Andhra Pradesh,3017190,Shri Subhas Chandra Bose Pilli,2020-26,Works Recommended,WS/MP026/2026-2027/268873-Construction of community centers and community halls,,,,,Sitting Rajya Sabha,545,,1,Dr. B.R. Ambedkar Konaseema(DISTRICT COLLECTOR Dr B R AMBEDKAR KONASEEMA_IDA),LN/MP026/2025-2026/56,Shri Subhas Chandra Bose Pilli (2020-26),17-Feb-2026,500000.0,Andhra Pradesh,214,,Normal/Others,"Construction of Multipurpose Community Hall in S.C Locality at Gudigalla Bhaga Village of K.Gangavaram Mandal, Dr.B.R.Ambedkar Konaseema District",,268873
Rajya Sabha,Rajya Sabha,2,Andhra Pradesh,3017190,Shri Subhas Chandra Bose Pilli,2020-26,Works Recommended,WS/MP026/2026-2027/268874-Construction of additional rooms and halls in the existing public and community building,,,,,Sitting Rajya Sabha,545,,1,Dr. B.R. Ambedkar Konaseema(DISTRICT COLLECTOR Dr B R AMBEDKAR KONASEEMA_IDA),LN/MP026/2025-2026/56,Shri Subhas Chandra Bose Pilli (2020-26),17-Feb-2026,500000.0,Andhra Pradesh,215,,Normal/Others,"Construction of Additional Room to Multipurpose Hall in SC area of  Gudigalla Bhaga Village of K.Gangavaram Mandal, Dr.B.R.Ambedkar Konaseema District",,268874
Rajya Sabha,Rajya Sabha,2,Andhra Pradesh,3017190,Shri Subhas Chandra Bose Pilli,2020-26,Works Recommended,WS/MP026/2026-2027/268875-Construction of community centers and community halls,,,,,Sitting Rajya Sabha,545,,1,Dr. B.R. Ambedkar Konaseema(DISTRICT COLLECTOR Dr B R AMBEDKAR KONASEEMA_IDA),LN/MP026/2025-2026/56,Shri Subhas Chandra Bose Pilli (2020-26),17-Feb-2026,500000.0,Andhra Pradesh,216,,Repair and Renovation,"Construction of Flooring and elevation work to SC Community Hall at Hasanabada Village of Ramachandrapuram Mandal, Dr.B.R.Ambedkar Konaseema District",,268875
Rajya Sabha,Rajya Sabha,2,Andhra Pradesh,3017190,Shri Subhas Chandra Bose Pilli,2020-26,Works Recommended,WS/MP026/2026-2027/273457-Construction of additional rooms and halls in the existing public and community building,,,,,Sitting Rajya Sabha,545,,1,Dr. B.R. Ambedkar Konaseema(DISTRICT COLLECTOR Dr B R AMBEDKAR KONASEEMA_IDA),LN/MP026/2025-2026/57,Shri Subhas Chandra Bose Pilli (2020-26),10-Mar-2026,500000.0,Andhra Pradesh,217,,Normal/Others,"Construction of an additional room to Multipurpose Activities Center in BC Area of Dasaripadu Village Habitationof  Venkatyapalem Village of Ramachandrapuram Mandal, Dr.B.R.Ambedkar Konaseema District",,273457
Rajya Sabha,Rajya Sabha,2,Andhra Pradesh,3017190,Shri Subhas Chandra Bose Pilli,2020-26,Works Recommended,WS/MP026/2025-2026/258298-Providing drains and gutters for public drainage,,,,,Sitting Rajya Sabha,545,,1,Kakinada(DISTRICT COLLECTOR KAKINADA_IDA),LN/MP026/2025-2026/55,Shri Subhas Chandra Bose Pilli (2020-26),09-Jan-2026,150000.0,Andhra Pradesh,218,,Normal/Others,"Construction of C C Drain From Penke Chandra Rao House to Chandala Suryanarayana House at B.C Colony in Cheduwada Village of Kajuluru Mandal, Kakinada Distict",,258298
Rajya Sabha,Rajya Sabha,2,Andhra Pradesh,3017190,Shri Subhas Chandra Bose Pilli,2020-26,Works Recommended,WS/MP026/2025-2026/258299-Crematoriums/energy efficient crematoriums or structures on burial/cremation ground,,,,,Sitting Rajya Sabha,545,,1,Kakinada(DISTRICT COLLECTOR KAKINADA_IDA),LN/MP026/2025-2026/55,Shri Subhas Chandra Bose Pilli (2020-26),09-Jan-2026,350000.0,Andhra Pradesh,219,,Normal/Others,"Construction of Shelter and Burning Cots in Burial Ground at Cheduwada Village of Kajuluru Mandal, Kakinada Distict",,258299
Rajya Sabha,Rajya Sabha,2,Andhra Pradesh,3017190,Shri Subhas Chandra Bose Pilli,2020-26,Works Recommended,WS/MP026/2025-2026/258300-Providing drains and gutters for public drainage,,,,,Sitting Rajya Sabha,545,,1,Kakinada(DISTRICT COLLECTOR KAKINADA_IDA),LN/MP026/2025-2026/55,Shri Subhas Chandra Bose Pilli (2020-26),09-Jan-2026,100000.0,Andhra Pradesh,220,,Normal/Others,"Construction of C C Drain From Nammi Ganeswara Rao House to Dadala Apparao House in S.C Locality at Aryavatam Village, Kakinada Distict",,258300
Rajya Sabha,Rajya Sabha,2,Andhra Pradesh,3017190,Shri Subhas Chandra Bose Pilli,2020-26,Works Recommended,"WS/MP026/2025-2026/258301-Construction of roads, link roads, pathways or any other road with or without drainage system",,,,,Sitting Rajya Sabha,545,,1,Kakinada(DISTRICT COLLECTOR KAKINADA_IDA),LN/MP026/2025-2026/55,Shri Subhas Chandra Bose Pilli (2020-26),09-Jan-2026,400000.0,Andhra Pradesh,221,,Normal/Others,"Construction of C C Road From Nammi Ganeswara Rao House to Dadala Apparao House in S.C Locality at Aryavatam Village, Kakinada Distict",,258301
Rajya Sabha,Rajya Sabha,2,Andhra Pradesh,3017190,Shri Subhas Chandra Bose Pilli,2020-26,Works Recommended,WS/MP026/2025-2026/258302-Construction of boundary walls of existing public and community buildings,,,,,Sitting Rajya Sabha,545,,1,Kakinada(DISTRICT COLLECTOR KAKINADA_IDA),LN/MP026/2025-2026/55,Shri Subhas Chandra Bose Pilli (2020-26),09-Jan-2026,400000.0,Andhra Pradesh,222,,Normal/Others,"Construction of wing walls and side walls to Pillanka Bridge in Pillanka Village of Tallarevu Mandal, Kakinada District",,258302
Rajya Sabha,Rajya Sabha,2,Andhra Pradesh,3017190,Shri Subhas Chandra Bose Pilli,2020-26,Works Recommended,"WS/MP026/2025-2026/235086-Construction of roads, link roads, pathways or any other road with or without drainage system",,,,,Sitting Rajya Sabha,545,,2,Kakinada(DISTRICT COLLECTOR KAKINADA_IDA),LN/MP026/2025-2026/52,Shri Subhas Chandra Bose Pilli (2020-26),18-Sep-2025,500000.0,Andhra Pradesh,223,,Normal/Others,"Construction of C.C Road Jr.College to Drinking Water Well in S.C Locality, Ramji Nagar at Kajuluru Village and Mandal",,1672
Rajya Sabha,Rajya Sabha,2,Andhra Pradesh,3017190,Shri Subhas Chandra Bose Pilli,2020-26,Works Recommended,"WS/MP026/2025-2026/235087-Construction of roads, link roads, pathways or any other road with or without drainage system",,,,,Sitting Rajya Sabha,545,,2,Kakinada(DISTRICT COLLECTOR KAKINADA_IDA),LN/MP026/2025-2026/52,Shri Subhas Chandra Bose Pilli (2020-26),18-Sep-2025,500000.0,Andhra Pradesh,224,,Normal/Others,"Construction of C.C. Road from Ambedkar Statue to Pedda Church S.C Locality, Ramji Nagar at Kajuluru Village and Mandal",,1673
Rajya Sabha,Rajya Sabha,2,Andhra Pradesh,3017190,Shri Subhas Chandra Bose Pilli,2020-26,Works Recommended,"WS/MP026/2025-2026/235088-Construction of roads, link roads, pathways or any other road with or without drainage system",,,,,Sitting Rajya Sabha,545,,2,Kakinada(DISTRICT COLLECTOR KAKINADA_IDA),LN/MP026/2025-2026/52,Shri Subhas Chandra Bose Pilli (2020-26),18-Sep-2025,500000.0,Andhra Pradesh,225,,Normal/Others,"Construction of C.C Road from Marri Chettu to Chinna Church in S.C Locality, Ramji Nagar at Kajuluru Village and Mandal",,1674
Rajya Sabha,Rajya Sabha,2,Andhra Pradesh,3017190,Shri Subhas Chandra Bose Pilli,2020-26,Works Recommended,,,,,,,,,,,,,,,,,195961713.0,,,,
Rajya Sabha,Rajya Sabha,2,Andhra Pradesh,3017190,Shri Subhas Chandra Bose Pilli,2020-26,Works Sanctioned,WS/MP026/2023-2024/47280-Construction of community centers and community halls,,,584926,,Sitting Rajya Sabha,545,True,1,Dr. B.R. Ambedkar Konaseema(DISTRICT COLLECTOR Dr B R AMBEDKAR KONASEEMA_IDA),LN/MP026/2023-2024/1,Shri Subhas Chandra Bose Pilli (2020-26),07-Nov-2023,2496627.0,Andhra Pradesh,1,,Normal/Others,Construction of Multipurpose Hall at Devarapalli Village of Ravulapalem,,47280
Rajya Sabha,Rajya Sabha,2,Andhra Pradesh,3017190,Shri Subhas Chandra Bose Pilli,2020-26,Works Sanctioned,WS/MP026/2023-2024/47283-Construction of buildings for community cultural activities,,,,,Sitting Rajya Sabha,545,,1,Dr. B.R. Ambedkar Konaseema(DISTRICT COLLECTOR Dr B R AMBEDKAR KONASEEMA_IDA),LN/MP026/2023-2024/2,Shri Subhas Chandra Bose Pilli (2020-26),07-Nov-2023,2500000.0,Andhra Pradesh,2,,Normal/Others,Construction of Multipurpose activity Center at I.Polavaram Village and Mandal,,47283
Rajya Sabha,Rajya Sabha,2,Andhra Pradesh,3017190,Shri Subhas Chandra Bose Pilli,2020-26,Works Sanctioned,WS/MP026/2023-2024/47284-Construction of buildings for community cultural activities,,,,,Sitting Rajya Sabha,545,,1,Dr. B.R. Ambedkar Konaseema(DISTRICT COLLECTOR Dr B R AMBEDKAR KONASEEMA_IDA),LN/MP026/2023-2024/2,Shri Subhas Chandra Bose Pilli (2020-26),07-Nov-2023,2500000.0,Andhra Pradesh,3,,Normal/Others,Construction of Multipurpose activity Centre at Rayavaram Village and Mandal for SC (Mala) Community,,47284
Rajya Sabha,Rajya Sabha,2,Andhra Pradesh,3017190,Shri Subhas Chandra Bose Pilli,2020-26,Works Sanctioned,WS/MP026/2023-2024/47362-Construction of community centers and community halls,,,506163,,Sitting Rajya Sabha,545,True,1,Dr. B.R. Ambedkar Konaseema(DISTRICT COLLECTOR Dr B R AMBEDKAR KONASEEMA_IDA),LN/MP026/2023-2024/3,Shri Subhas Chandra Bose Pilli (2020-26),08-Nov-2023,1000000.0,Andhra Pradesh,4,,Normal/Others,Construction of Community Hall for Madiga Community at Gopalapuram Village of Ravulapalem,,47362
Rajya Sabha,Rajya Sabha,2,Andhra Pradesh,3017190,Shri Subhas Chandra Bose Pilli,2020-26,Works Sanctioned,WS/MP026/2023-2024/47363-Construction of buildings for community cultural activities,,,495423,,Sitting Rajya Sabha,545,True,1,Dr. B.R. Ambedkar Konaseema(DISTRICT COLLECTOR Dr B R AMBEDKAR KONASEEMA_IDA),LN/MP026/2023-2024/3,Shri Subhas Chandra Bose Pilli (2020-26),08-Nov-2023,1500000.0,Andhra Pradesh,5,,Normal/Others,Construction of Multipurpose Activities Center at Ethakota Village of Ravulapalem Mandal for BC Community,,47363
Rajya Sabha,Rajya Sabha,2,Andhra Pradesh,3017190,Shri Subhas Chandra Bose Pilli,2020-26,Works Sanctioned,WS/MP026/2023-2024/47364-Construction of buildings for community cultural activities,,,,,Sitting Rajya Sabha,545,,1,Dr. B.R. Ambedkar Konaseema(DISTRICT COLLECTOR Dr B R AMBEDKAR KONASEEMA_IDA),LN/MP026/2023-2024/4,Shri Subhas Chandra Bose Pilli (2020-26),08-Nov-2023,2500000.0,Andhra Pradesh,6,,Normal/Others,Construction of Multipurpose Hall at Vakkalanka Village of Ambajipeta Mandal in BC Locality,,47364
Rajya Sabha,Rajya Sabha,2,Andhra Pradesh,3017190,Shri Subhas Chandra Bose Pilli,2020-26,Works Sanctioned,WS/MP026/2023-2024/47365-Construction of community centers and community halls,,,584951,,Sitting Rajya Sabha,545,True,1,Dr. B.R. Ambedkar Konaseema(DISTRICT COLLECTOR Dr B R AMBEDKAR KONASEEMA_IDA),LN/MP026/2023-2024/5,Shri Subhas Chandra Bose Pilli (2020-26),08-Nov-2023,2496695.0,Andhra Pradesh,7,,Normal/Others,Construction of BC Community Hall at Alamuru Village and Mandal,,47365
Rajya Sabha,Rajya Sabha,2,Andhra Pradesh,3017190,Shri Subhas Chandra Bose Pilli,2020-26,Works Sanctioned,WS/MP026/2023-2024/47368-Construction of buildings for community cultural activities,,,486104,,Sitting Rajya Sabha,545,True,1,Dr. B.R. Ambedkar Konaseema(DISTRICT COLLECTOR Dr B R AMBEDKAR KONASEEMA_IDA),LN/MP026/2023-2024/6,Shri Subhas Chandra Bose Pilli (2020-26),08-Nov-2023,1500000.0,Andhra Pradesh,8,,Normal/Others,Construction of Multipurpose Hall of SC (Madiga) Community at Hasanbada Village of Ramachandrapuram,,47368
Rajya Sabha,Rajya Sabha,2,Andhra Pradesh,3017190,Shri Subhas Chandra Bose Pilli,2020-26,Works Sanctioned,WS/MP026/2023-2024/47380-Construction of buildings for community cultural activities,,,1854879,,Sitting Rajya Sabha,545,True,1,Dr. B.R. Ambedkar Konaseema(DISTRICT COLLECTOR Dr B R AMBEDKAR KONASEEMA_IDA),LN/MP026/2023-2024/7,Shri Subhas Chandra Bose Pilli (2020-26),08-Nov-2023,2500000.0,Andhra Pradesh,9,,Normal/Others,"Construction of Multipurpose Activities Centre in General Locality, Vegayampeta Village of Ramachandrapuram",,47380
Rajya Sabha,Rajya Sabha,2,Andhra Pradesh,3017190,Shri Subhas Chandra Bose Pilli,2020-26,Works Sanctioned,WS/MP026/2023-2024/47381-Construction of buildings for community cultural activities,,,1241483,,Sitting Rajya Sabha,545,True,1,Dr. B.R. Ambedkar Konaseema(DISTRICT COLLECTOR Dr B R AMBEDKAR KONASEEMA_IDA),LN/MP026/2023-2024/7,Shri Subhas Chandra Bose Pilli (2020-26),08-Nov-2023,2500000.0,Andhra Pradesh,10,,Normal/Others,Construction of Multipurpose activities Centre at Vella Village of Ramachandrapuram,,47381
Rajya Sabha,Rajya Sabha,2,Andhra Pradesh,3017190,Shri Subhas Chandra Bose Pilli,2020-26,Works Sanctioned,WS/MP026/2023-2024/47383-Construction of buildings for community cultural activities,,,,,Sitting Rajya Sabha,545,,1,Dr. B.R. Ambedkar Konaseema(DISTRICT COLLECTOR Dr B R AMBEDKAR KONASEEMA_IDA),LN/MP026/2023-2024/7,Shri Subhas Chandra Bose Pilli (2020-26),08-Nov-2023,2500000.0,Andhra Pradesh,11,,Normal/Others,Construction of Multipurpose Activities Centre at Pedda Mosque for Muslim Community of Draksharama Village of Ramachandrapuram,,47383
Rajya Sabha,Rajya Sabha,2,Andhra Pradesh,3017190,Shri Subhas Chandra Bose Pilli,2020-26,Works Sanctioned,WS/MP026/2023-2024/47979-Construction of buildings for community cultural activities,,,585454,,Sitting Rajya Sabha,545,True,1,Kakinada(DISTRICT COLLECTOR KAKINADA_IDA),LN/MP026/2023-2024/8,Shri Subhas Chandra Bose Pilli (2020-26),09-Nov-2023,2298615.0,Andhra Pradesh,12,,Normal/Others,"Construction of Multipurpose activity Centre for BC Community at Turangi Village, kakinada Rural mandal",,47979
Rajya Sabha,Rajya Sabha,2,Andhra Pradesh,3017190,Shri Subhas Chandra Bose Pilli,2020-26,Works Sanctioned,WS/MP026/2023-2024/48055-Construction of buildings for community cultural activities,,,,,Sitting Rajya Sabha,545,,1,Dr. B.R. Ambedkar Konaseema(DISTRICT COLLECTOR Dr B R AMBEDKAR KONASEEMA_IDA),LN/MP026/2023-2024/9,Shri Subhas Chandra Bose Pilli (2020-26),09-Nov-2023,2500000.0,Andhra Pradesh,13,,Normal/Others,Construction of Multipurpose Activity Centre at Ramachandrapuram Town Near Durgadevi Temple by the side of Kothuru Road,,48055
Rajya Sabha,Rajya Sabha,2,Andhra Pradesh,3017190,Shri Subhas Chandra Bose Pilli,2020-26,Works Sanctioned,WS/MP026/2023-2024/48056-Construction of buildings for community cultural activities,,,1545255,,Sitting Rajya Sabha,545,True,1,Kakinada(DISTRICT COLLECTOR KAKINADA_IDA),LN/MP026/2023-2024/9,Shri Subhas Chandra Bose Pilli (2020-26),09-Nov-2023,1935666.0,Andhra Pradesh,14,,Normal/Others,Construction of Multipurpose activity Centre in BC Locality near Vepachettu of Kajuluru Village and Mandal,,48056
Rajya Sabha,Rajya Sabha,2,Andhra Pradesh,3017190,Shri Subhas Chandra Bose Pilli,2020-26,Works Sanctioned,WS/MP026/2023-2024/48057-Construction of buildings for community cultural activities,,,1777098,,Sitting Rajya Sabha,545,True,1,Kakinada(DISTRICT COLLECTOR KAKINADA_IDA),LN/MP026/2023-2024/9,Shri Subhas Chandra Bose Pilli (2020-26),09-Nov-2023,891738.0,Andhra Pradesh,15,,Normal/Others,Construction of Multipurpose Activity Centre in B.C. Loacality at Chakirevu Meraka of kajuluru Village and Mandal,,48057
Rajya Sabha,Rajya Sabha,2,Andhra Pradesh,3017190,Shri Subhas Chandra Bose Pilli,2020-26,Works Sanctioned,WS/MP026/2023-2024/48059-Providing drains and gutters for public drainage,,,,,Sitting Rajya Sabha,545,,1,Dr. B.R. Ambedkar Konaseema(DISTRICT COLLECTOR Dr B R AMBEDKAR KONASEEMA_IDA),LN/MP026/2023-2024/9,Shri Subhas Chandra Bose Pilli (2020-26),09-Nov-2023,2500000.0,Andhra Pradesh,16,,Normal/Others,Construction of Drain at Santhi Nagar in Ramachandrapuram Town,,48059
Rajya Sabha,Rajya Sabha,2,Andhra Pradesh,3017190,Shri Subhas Chandra Bose Pilli,2020-26,Works Sanctioned,WS/MP026/2023-2024/48060-Construction of buildings for community cultural activities,,,,,Sitting Rajya Sabha,545,,1,Kakinada(DISTRICT COLLECTOR KAKINADA_IDA),LN/MP026/2023-2024/9,Shri Subhas Chandra Bose Pilli (2020-26),09-Nov-2023,2000000.0,Andhra Pradesh,17,,Normal/Others,Construction of Multipurpose Activity Centre at BC Locality at Seela Village of Kajuluru Mandal,,48060
Rajya Sabha,Rajya Sabha,2,Andhra Pradesh,3017190,Shri Subhas Chandra Bose Pilli,2020-26,Works Sanctioned,WS/MP026/2023-2024/48061-Construction of buildings for community cultural activities,,,1369637,,Sitting Rajya Sabha,545,True,1,Dr. B.R. Ambedkar Konaseema(DISTRICT COLLECTOR Dr B R AMBEDKAR KONASEEMA_IDA),LN/MP026/2023-2024/9,Shri Subhas Chandra Bose Pilli (2020-26),09-Nov-2023,2000000.0,Andhra Pradesh,18,,Normal/Others,Construction of Multipurpose Activity Centre (Thyagaraya Gana Sabha) in Ward No. 23 at Ramachandrapuram Municipality,,48061
Rajya Sabha,Rajya Sabha,2,Andhra Pradesh,3017190,Shri Subhas Chandra Bose Pilli,2020-26,Works Sanctioned,WS/MP026/2023-2024/48064-Construction of buildings for community cultural activities,,,,,Sitting Rajya Sabha,545,,1,Kakinada(DISTRICT COLLECTOR KAKINADA_IDA),LN/MP026/2023-2024/9,Shri Subhas Chandra Bose Pilli (2020-26),09-Nov-2023,1500000.0,Andhra Pradesh,19,,Normal/Others,Construction of Multipurpose Activity Centre at BC Locality at Rayaudu Meraka H/O of Kajuluru Village and Mandal,,48064
Rajya Sabha,Rajya Sabha,2,Andhra Pradesh,3017190,Shri Subhas Chandra Bose Pilli,2020-26,Works Sanctioned,WS/MP026/2023-2024/50485-Construction of buildings for community cultural activities,,,,,Sitting Rajya Sabha,545,,1,CHITTOOR(DISTRICT COLLECTOR CHITTOOR_IDA),LN/MP026/2023-2024/10,Shri Subhas Chandra Bose Pilli (2020-26),19-Nov-2023,2500000.0,Andhra Pradesh,20,,Normal/Others,"Construction of Multipurpose Hall for ST Community at Karvetinagaram Village & Mandal in G.C. Nellore Constituency, Chittoor District",,50485
Rajya Sabha,Rajya Sabha,2,Andhra Pradesh,3017190,Shri Subhas Chandra Bose Pilli,2020-26,Works Sanctioned,WS/MP026/2023-2024/50486-Construction of stadiums,,,,,Sitting Rajya Sabha,545,,1,Eluru(DISTRICT COLLECTOR ELURU_IDA),LN/MP026/2023-2024/10,Shri Subhas Chandra Bose Pilli (2020-26),19-Nov-2023,2000000.0,Andhra Pradesh,21,,Normal/Others,Construction of Sports Stadium at Nuzividu of Eluru District,,50486
Rajya Sabha,Rajya Sabha,2,Andhra Pradesh,3017190,Shri Subhas Chandra Bose Pilli,2020-26,Works Sanctioned,WS/MP026/2023-2024/52387-Construction of community centers and community halls,,,221137,,Sitting Rajya Sabha,545,True,1,WEST GODAVARI(DISTRICT COLLECTOR WEST GODAVARI_IDA),LN/MP026/2023-2024/11,Shri Subhas Chandra Bose Pilli (2020-26),24-Nov-2023,500000.0,Andhra Pradesh,22,,Normal/Others,"Construction of Drains in S.C. Locality of Alamuru (V), Achanta Constituency, West Godavari District",,52387
Rajya Sabha,Rajya Sabha,2,Andhra Pradesh,3017190,Shri Subhas Chandra Bose Pilli,2020-26,Works Sanctioned,WS/MP026/2023-2024/52390-Construction of boundary walls of existing public and community buildings,,,537586,,Sitting Rajya Sabha,545,True,1,WEST GODAVARI(DISTRICT COLLECTOR WEST GODAVARI_IDA),LN/MP026/2023-2024/12,Shri Subhas Chandra Bose Pilli (2020-26),24-Nov-2023,1000000.0,Andhra Pradesh,23,,Normal/Others,"Construction of Compound Wall to Sri V.V. Giri Government Kalasala, Dumpagadapa, West Godavari Distric",,52390
Rajya Sabha,Rajya Sabha,2,Andhra Pradesh,3017190,Shri Subhas Chandra Bose Pilli,2020-26,Works Sanctioned,WS/MP026/2023-2024/52391-Construction of community centers and community halls,,,2106614,,Sitting Rajya Sabha,545,True,1,WEST GODAVARI(DISTRICT COLLECTOR WEST GODAVARI_IDA),LN/MP026/2023-2024/12,Shri Subhas Chandra Bose Pilli (2020-26),24-Nov-2023,999903.0,Andhra Pradesh,24,,Normal/Others,"Construction of Multipurpose hall in S.C. Locality at Alamuru (V), Achanta Constituency, West Godavari District",,52391
Rajya Sabha,Rajya Sabha,2,Andhra Pradesh,3017190,Shri Subhas Chandra Bose Pilli,2020-26,Works Sanctioned,WS/MP026/2023-2024/52695-Construction of buildings for community cultural activities,,,1079654,,Sitting Rajya Sabha,545,True,1,Dr. B.R. Ambedkar Konaseema(DISTRICT COLLECTOR Dr B R AMBEDKAR KONASEEMA_IDA),LN/MP026/2023-2024/13,Shri Subhas Chandra Bose Pilli (2020-26),24-Nov-2023,1950978.0,Andhra Pradesh,25,,Normal/Others,Construction of Multipurpose Activity Center at Cheruvugattu Peta H/o Venture Village of Rayavaram Mandal,,52695
Rajya Sabha,Rajya Sabha,2,Andhra Pradesh,3017190,Shri Subhas Chandra Bose Pilli,2020-26,Works Sanctioned,WS/MP026/2023-2024/52701-Construction of rooms and halls in school and colleges,,,1343444,,Sitting Rajya Sabha,545,True,1,Dr. B.R. Ambedkar Konaseema(DISTRICT COLLECTOR Dr B R AMBEDKAR KONASEEMA_IDA),LN/MP026/2023-2024/14,Shri Subhas Chandra Bose Pilli (2020-26),24-Nov-2023,2200000.0,Andhra Pradesh,26,,Normal/Others,"Construction of Class Rooms in Government Degree College, Ramachandrapuram (M)",,52701
Rajya Sabha,Rajya Sabha,2,Andhra Pradesh,3017190,Shri Subhas Chandra Bose Pilli,2020-26,Works Sanctioned,WS/MP026/2023-2024/52704-Construction of buildings for community cultural activities,,,1070092,,Sitting Rajya Sabha,545,True,1,Dr. B.R. Ambedkar Konaseema(DISTRICT COLLECTOR Dr B R AMBEDKAR KONASEEMA_IDA),LN/MP026/2023-2024/15,Shri Subhas Chandra Bose Pilli (2020-26),24-Nov-2023,1000000.0,Andhra Pradesh,27,,Normal/Others,Construction of Multipurpose Activity Center at Thimmapuram H/O Katrenikona Village & Mandal,,52704
Rajya Sabha,Rajya Sabha,2,Andhra Pradesh,3017190,Shri Subhas Chandra Bose Pilli,2020-26,Works Sanctioned,"WS/MP026/2023-2024/52705-Construction of roads, link roads, pathways or any other road with or without drainage system",,,577531,,Sitting Rajya Sabha,545,True,1,Dr. B.R. Ambedkar Konaseema(DISTRICT COLLECTOR Dr B R AMBEDKAR KONASEEMA_IDA),LN/MP026/2023-2024/15,Shri Subhas Chandra Bose Pilli (2020-26),24-Nov-2023,496814.0,Andhra Pradesh,28,,Normal/Others,Construction of CC Road Yenduru Subhadra Land to Medisetti Satyanarayana House  in K.Gagannadhapuram (V) of Ainavilli Mandal,,52705
Rajya Sabha,Rajya Sabha,2,Andhra Pradesh,3017190,Shri Subhas Chandra Bose Pilli,2020-26,Works Sanctioned,"WS/MP026/2023-2024/52706-Construction of roads, link roads, pathways or any other road with or without drainage system",,,577495,,Sitting Rajya Sabha,545,True,1,Dr. B.R. Ambedkar Konaseema(DISTRICT COLLECTOR Dr B R AMBEDKAR KONASEEMA_IDA),LN/MP026/2023-2024/15,Shri Subhas Chandra Bose Pilli (2020-26),24-Nov-2023,496814.0,Andhra Pradesh,29,,Normal/Others,Construction of CC Road at Seela palem locality from Munukoti Kannaji Land to Nichana Kolla Krishna Land in K.Gagannadhapuram (V) of Ayinavilli Mandal,,52706
Rajya Sabha,Rajya Sabha,2,Andhra Pradesh,3017190,Shri Subhas Chandra Bose Pilli,2020-26,Works Sanctioned,"WS/MP026/2023-2024/52707-Construction of roads, link roads, pathways or any other road with or without drainage system",,,577557,,Sitting Rajya Sabha,545,True,1,Dr. B.R. Ambedkar Konaseema(DISTRICT COLLECTOR Dr B R AMBEDKAR KONASEEMA_IDA),LN/MP026/2023-2024/15,Shri Subhas Chandra Bose Pilli (2020-26),24-Nov-2023,496814.0,Andhra Pradesh,30,,Normal/Others,Construction of CC Road from Yenduri Ravi Land to Yenduri Subhadra Land in K.Gagannadhapuram (V) of Ayinavilli Mandal,,52707
Rajya Sabha,Rajya Sabha,2,Andhra Pradesh,3017190,Shri Subhas Chandra Bose Pilli,2020-26,Works Sanctioned,WS/MP026/2023-2024/52716-Construction of buildings for community cultural activities,,,963180,,Sitting Rajya Sabha,545,True,1,Dr. B.R. Ambedkar Konaseema(DISTRICT COLLECTOR Dr B R AMBEDKAR KONASEEMA_IDA),LN/MP026/2023-2024/16,Shri Subhas Chandra Bose Pilli (2020-26),24-Nov-2023,1500000.0,Andhra Pradesh,31,,Normal/Others,Construction of Multipurpose activities Center (1st Floor) at Pallipalem (V) of Mummidivaram Mumicipality,,52716
Rajya Sabha,Rajya Sabha,2,Andhra Pradesh,3017190,Shri Subhas Chandra Bose Pilli,2020-26,Works Sanctioned,WS/MP026/2023-2024/52717-Providing drains and gutters for public drainage,,,1387725,,Sitting Rajya Sabha,545,True,1,Dr. B.R. Ambedkar Konaseema(DISTRICT COLLECTOR Dr B R AMBEDKAR KONASEEMA_IDA),LN/MP026/2023-2024/16,Shri Subhas Chandra Bose Pilli (2020-26),24-Nov-2023,500000.0,Andhra Pradesh,32,,Normal/Others,Construction of Internal Drains in SC Colony of Krapa Chintalapudi Palem (V) of Mummidivaram Mandal,,52717
Rajya Sabha,Rajya Sabha,2,Andhra Pradesh,3017190,Shri Subhas Chandra Bose Pilli,2020-26,Works Sanctioned,WS/MP026/2023-2024/52718-Construction of buildings for community cultural activities,,,,,Sitting Rajya Sabha,545,,1,Dr. B.R. Ambedkar Konaseema(DISTRICT COLLECTOR Dr B R AMBEDKAR KONASEEMA_IDA),LN/MP026/2023-2024/16,Shri Subhas Chandra Bose Pilli (2020-26),24-Nov-2023,500000.0,Andhra Pradesh,33,,Normal/Others,Construction of Multipurpose Activities Center at Gedallanka H/O Komanapalli Village Near Vinkayaka Temple in Mummidivaram mandal,,52718
Rajya Sabha,Rajya Sabha,2,Andhra Pradesh,3017190,Shri Subhas Chandra Bose Pilli,2020-26,Works Sanctioned,WS/MP026/2023-2024/52719-Construction of buildings for community cultural activities,,,,,Sitting Rajya Sabha,545,,1,Dr. B.R. Ambedkar Konaseema(DISTRICT COLLECTOR Dr B R AMBEDKAR KONASEEMA_IDA),LN/MP026/2023-2024/16,Shri Subhas Chandra Bose Pilli (2020-26),24-Nov-2023,2000000.0,Andhra Pradesh,34,,Normal/Others,Construction of Multipurpose Activities Center at T.Kothapalli (V) SC Locality of I.Polavaram Mandal,,52719
Rajya Sabha,Rajya Sabha,2,Andhra Pradesh,3017190,Shri Subhas Chandra Bose Pilli,2020-26,Works Sanctioned,WS/MP026/2023-2024/52720-Construction of buildings for community cultural activities,,,1679502,,Sitting Rajya Sabha,545,True,1,Kakinada(DISTRICT COLLECTOR KAKINADA_IDA),LN/MP026/2023-2024/16,Shri Subhas Chandra Bose Pilli (2020-26),24-Nov-2023,1418529.0,Andhra Pradesh,35,,Normal/Others,Construction of Multipurpose Activities Center at Ghorsa (V) of Kothapalli Mandal of Kakinada District,,52720
Rajya Sabha,Rajya Sabha,2,Andhra Pradesh,3017190,Shri Subhas Chandra Bose Pilli,2020-26,Works Sanctioned,WS/MP026/2023-2024/52721-Providing drains and gutters for public drainage,,,1186864,,Sitting Rajya Sabha,545,True,1,Kakinada(DISTRICT COLLECTOR KAKINADA_IDA),LN/MP026/2023-2024/16,Shri Subhas Chandra Bose Pilli (2020-26),24-Nov-2023,499179.0,Andhra Pradesh,36,,Normal/Others,Construction of CC Drains from Datla Bhaskaramma (H) to Sudharsan Gopalachari (H) in Pillanka Village of Tallarevu Mandal,,52721
Rajya Sabha,Rajya Sabha,2,Andhra Pradesh,3017190,Shri Subhas Chandra Bose Pilli,2020-26,Works Sanctioned,WS/MP026/2023-2024/52722-Providing drains and gutters for public drainage,,,1186813,,Sitting Rajya Sabha,545,True,1,Kakinada(DISTRICT COLLECTOR KAKINADA_IDA),LN/MP026/2023-2024/16,Shri Subhas Chandra Bose Pilli (2020-26),24-Nov-2023,498455.0,Andhra Pradesh,37,,Normal/Others,Construction of CC Drains fromSagi Venkatapathi Raju (H) to  Datla Bhaskaramma (H)  in Pillanka Village of Tallarevu Mandal,,52722
Rajya Sabha,Rajya Sabha,2,Andhra Pradesh,3017190,Shri Subhas Chandra Bose Pilli,2020-26,Works Sanctioned,WS/MP026/2023-2024/52723-Providing drains and gutters for public drainage,,,1186888,,Sitting Rajya Sabha,545,True,1,Kakinada(DISTRICT COLLECTOR KAKINADA_IDA),LN/MP026/2023-2024/16,Shri Subhas Chandra Bose Pilli (2020-26),24-Nov-2023,498302.0,Andhra Pradesh,38,,Normal/Others,Construction of CC Drains from Sagi Subrahmanyam Raju (H) to Sagi Venkatapathi Raju (H)  in Pillanka Village of Tallarevu Mandal,,52723
Rajya Sabha,Rajya Sabha,2,Andhra Pradesh,3017190,Shri Subhas Chandra Bose Pilli,2020-26,Works Sanctioned,WS/MP026/2023-2024/52724-Providing drains and gutters for public drainage,,,654526,,Sitting Rajya Sabha,545,True,1,Kakinada(DISTRICT COLLECTOR KAKINADA_IDA),LN/MP026/2023-2024/16,Shri Subhas Chandra Bose Pilli (2020-26),24-Nov-2023,496320.0,Andhra Pradesh,39,,Normal/Others,Construction of CC Drains from Uta Kalva to Mokkarala Ramachandra Rao (H) in Pillanka Village of Tallarevu Mandal,,52724
Rajya Sabha,Rajya Sabha,2,Andhra Pradesh,3017190,Shri Subhas Chandra Bose Pilli,2020-26,Works Sanctioned,WS/MP026/2023-2024/52725-Providing drains and gutters for public drainage,,,654558,,Sitting Rajya Sabha,545,True,1,Kakinada(DISTRICT COLLECTOR KAKINADA_IDA),LN/MP026/2023-2024/16,Shri Subhas Chandra Bose Pilli (2020-26),24-Nov-2023,497919.0,Andhra Pradesh,40,,Normal/Others,Construction of CC Drains from Mokkarala Ramachandra Rao (H) to ZPHS School in  Pillanka Village of Tallarevu Mandal,,52725
Rajya Sabha,Rajya Sabha,2,Andhra Pradesh,3017190,Shri Subhas Chandra Bose Pilli,2020-26,Works Sanctioned,WS/MP026/2023-2024/52726-Construction of buildings for community cultural activities,,,,,Sitting Rajya Sabha,545,,1,WEST GODAVARI(DISTRICT COLLECTOR WEST GODAVARI_IDA),LN/MP026/2023-2024/17,Shri Subhas Chandra Bose Pilli (2020-26),24-Nov-2023,894752.0,Andhra Pradesh,41,,Normal/Others,"Construction of Multipurpose Activities Center in SC Locality at Lankapeta, Siddam (V), Penugonda (M) of WG District",,52726
Rajya Sabha,Rajya Sabha,2,Andhra Pradesh,3017190,Shri Subhas Chandra Bose Pilli,2020-26,Works Sanctioned,WS/MP026/2023-2024/52727-Construction of community centers and community halls,,,,,Sitting Rajya Sabha,545,,1,WEST GODAVARI(DISTRICT COLLECTOR WEST GODAVARI_IDA),LN/MP026/2023-2024/17,Shri Subhas Chandra Bose Pilli (2020-26),24-Nov-2023,898181.0,Andhra Pradesh,42,,Normal/Others,"Construction of SC Community Hall at cheruvupeta, Siddantam (V), Penugonda (M) of WG Dist",,52727
Rajya Sabha,Rajya Sabha,2,Andhra Pradesh,3017190,Shri Subhas Chandra Bose Pilli,2020-26,Works Sanctioned,WS/MP026/2023-2024/52728-Construction of buildings for community cultural activities,,,,,Sitting Rajya Sabha,545,,1,WEST GODAVARI(DISTRICT COLLECTOR WEST GODAVARI_IDA),LN/MP026/2023-2024/17,Shri Subhas Chandra Bose Pilli (2020-26),24-Nov-2023,902778.0,Andhra Pradesh,43,,Normal/Others,"Construction of Multipurpose Activities Center at Dongaravipalem (V), Penugonda (M) of WG Dist",,52728
Rajya Sabha,Rajya Sabha,2,Andhra Pradesh,3017190,Shri Subhas Chandra Bose Pilli,2020-26,Works Sanctioned,WS/MP026/2023-2024/55422-Construction of boundary walls of existing public and community buildings,,,2121125,,Sitting Rajya Sabha,545,True,1,Bapatla(DISTRICT COLLECTOR BAPATLA_IDA),LN/MP026/2023-2024/18,Shri Subhas Chandra Bose Pilli (2020-26),01-Dec-2023,1428197.0,Andhra Pradesh,44,,Normal/Others,"Construction of Compound Wall to Community Hall at Bharatha Nagar ( SC Locality) Kondubhotlapalem Village, Bapatla Mandal and District",,55422
Rajya Sabha,Rajya Sabha,2,Andhra Pradesh,3017190,Shri Subhas Chandra Bose Pilli,2020-26,Works Sanctioned,WS/MP026/2023-2024/55423-Construction of boundary walls of existing public and community buildings,,,2121121,,Sitting Rajya Sabha,545,True,1,Bapatla(DISTRICT COLLECTOR BAPATLA_IDA),LN/MP026/2023-2024/18,Shri Subhas Chandra Bose Pilli (2020-26),01-Dec-2023,666492.0,Andhra Pradesh,45,,Normal/Others,"Construction of Compound Wall to the Reading Room at Dalithwada, Kondubhotlapalem Village of Bapatla Mandal and District",,55423
Rajya Sabha,Rajya Sabha,2,Andhra Pradesh,3017190,Shri Subhas Chandra Bose Pilli,2020-26,Works Sanctioned,WS/MP026/2023-2024/55456-Construction of boundary walls of existing public and community buildings,,,450897,,Sitting Rajya Sabha,545,True,1,Dr. B.R. Ambedkar Konaseema(DISTRICT COLLECTOR Dr B R AMBEDKAR KONASEEMA_IDA),LN/MP026/2023-2024/19,Shri Subhas Chandra Bose Pilli (2020-26),01-Dec-2023,500000.0,Andhra Pradesh,46,,Normal/Others,"Construction of Multipurpose Activities Center in General Locality near MPDO Office, K.Gangavaram Village and mandal",,55456
Rajya Sabha,Rajya Sabha,2,Andhra Pradesh,3017190,Shri Subhas Chandra Bose Pilli,2020-26,Works Sanctioned,WS/MP026/2023-2024/55457-Construction of buildings for community cultural activities,,,680694,,Sitting Rajya Sabha,545,True,1,Dr. B.R. Ambedkar Konaseema(DISTRICT COLLECTOR Dr B R AMBEDKAR KONASEEMA_IDA),LN/MP026/2023-2024/19,Shri Subhas Chandra Bose Pilli (2020-26),01-Dec-2023,500000.0,Andhra Pradesh,47,,Normal/Others,"Prividing Amenities to Multipurpose Activities Center in General Locality near MPDO Office, K.Gangavaram Village and Mandal",,55457
Rajya Sabha,Rajya Sabha,2,Andhra Pradesh,3017190,Shri Subhas Chandra Bose Pilli,2020-26,Works Sanctioned,WS/MP026/2023-2024/67199-Development of playfields and sports grounds,,,1387462,,Sitting Rajya Sabha,545,True,1,Dr. B.R. Ambedkar Konaseema(DISTRICT COLLECTOR Dr B R AMBEDKAR KONASEEMA_IDA),LN/MP026/2023-2024/20,Shri Subhas Chandra Bose Pilli (2020-26),21-Dec-2023,1800000.0,Andhra Pradesh,48,,Normal/Others,"Construction of Basket Ball Court and providing Movable Posts, Fensing and Equipment at SKPGN High School Grounds Ramachandrapuram Town",,67199
Rajya Sabha,Rajya Sabha,2,Andhra Pradesh,3017190,Shri Subhas Chandra Bose Pilli,2020-26,Works Sanctioned,WS/MP026/2023-2024/67200-Construction of buildings for community cultural activities,,,339972,,Sitting Rajya Sabha,545,True,1,Dr. B.R. Ambedkar Konaseema(DISTRICT COLLECTOR Dr B R AMBEDKAR KONASEEMA_IDA),LN/MP026/2023-2024/20,Shri Subhas Chandra Bose Pilli (2020-26),21-Dec-2023,500000.0,Andhra Pradesh,49,,Normal/Others,"Construction of SC multipurpose hall at Hasanbada Village, Ramachandrapuram Mandal",,67200
Rajya Sabha,Rajya Sabha,2,Andhra Pradesh,3017190,Shri Subhas Chandra Bose Pilli,2020-26,Works Sanctioned,WS/MP026/2023-2024/67201-Construction of buildings for community cultural activities,,,402688,,Sitting Rajya Sabha,545,True,1,Dr. B.R. Ambedkar Konaseema(DISTRICT COLLECTOR Dr B R AMBEDKAR KONASEEMA_IDA),LN/MP026/2023-2024/20,Shri Subhas Chandra Bose Pilli (2020-26),21-Dec-2023,500000.0,Andhra Pradesh,50,,Normal/Others,Construction of SC (Mala) Multipurpose Hall at Hasanbada Village of Ramachadrapuram Mandal,,67201
Rajya Sabha,Rajya Sabha,2,Andhra Pradesh,3017190,Shri Subhas Chandra Bose Pilli,2020-26,Works Sanctioned,"WS/MP026/2023-2024/71440-Construction of roads, link roads, pathways or any other road with or without drainage system",,,634021,,Sitting Rajya Sabha,545,True,1,Sri Potti Sriramulu Nellore(DISTRICT COLLECTOR NELLORE_IDA),LN/MP026/2023-2024/21,Shri Subhas Chandra Bose Pilli (2020-26),29-Dec-2023,477012.0,Andhra Pradesh,51,,Normal/Others,Construction of CC Road (Bit-1) at Rayalaseema Colony of Iskapalem Gram Panchayat in Buchireddypalem Mandal of SPSR Nellore District,,71440
Rajya Sabha,Rajya Sabha,2,Andhra Pradesh,3017190,Shri Subhas Chandra Bose Pilli,2020-26,Works Sanctioned,"WS/MP026/2023-2024/71441-Construction of roads, link roads, pathways or any other road with or without drainage system",,,634039,,Sitting Rajya Sabha,545,True,1,Sri Potti Sriramulu Nellore(DISTRICT COLLECTOR NELLORE_IDA),LN/MP026/2023-2024/21,Shri Subhas Chandra Bose Pilli (2020-26),29-Dec-2023,434704.0,Andhra Pradesh,52,,Normal/Others,Construction of CC Road (Bit-II) at Rayalaseema Colony of Iskapalem Gram Panchayat in Buchireddypalem Mandal of SPSR Nellore District,,71441
Rajya Sabha,Rajya Sabha,2,Andhra Pradesh,3017190,Shri Subhas Chandra Bose Pilli,2020-26,Works Sanctioned,"WS/MP026/2023-2024/71488-Construction of roads, link roads, pathways or any other road with or without drainage system",,,474846,,Sitting Rajya Sabha,545,True,1,Dr. B.R. Ambedkar Konaseema(DISTRICT COLLECTOR Dr B R AMBEDKAR KONASEEMA_IDA),LN/MP026/2023-2024/22,Shri Subhas Chandra Bose Pilli (2020-26),29-Dec-2023,500000.0,Andhra Pradesh,53,,Normal/Others,"Construction of WBM Road from burial ground to Vardhineedi Krishna Murthy Fields on Flood Bank in (Mooripalem) Adurru (V), Mamidikuduru Mandal",,71488
Rajya Sabha,Rajya Sabha,2,Andhra Pradesh,3017190,Shri Subhas Chandra Bose Pilli,2020-26,Works Sanctioned,"WS/MP026/2023-2024/71489-Construction of roads, link roads, pathways or any other road with or without drainage system",,,474886,,Sitting Rajya Sabha,545,True,1,Dr. B.R. Ambedkar Konaseema(DISTRICT COLLECTOR Dr B R AMBEDKAR KONASEEMA_IDA),LN/MP026/2023-2024/22,Shri Subhas Chandra Bose Pilli (2020-26),29-Dec-2023,500000.0,Andhra Pradesh,54,,Normal/Others,"Construction of WBM Road from Vardhineedi Prakash Fields to Bural ground in (Mooripalem) Adurru (V), Mamidikuduru Mandal",,71489
Rajya Sabha,Rajya Sabha,2,Andhra Pradesh,3017190,Shri Subhas Chandra Bose Pilli,2020-26,Works Sanctioned,"WS/MP026/2023-2024/71490-Construction of roads, link roads, pathways or any other road with or without drainage system",,,474816,,Sitting Rajya Sabha,545,True,1,Dr. B.R. Ambedkar Konaseema(DISTRICT COLLECTOR Dr B R AMBEDKAR KONASEEMA_IDA),LN/MP026/2023-2024/22,Shri Subhas Chandra Bose Pilli (2020-26),29-Dec-2023,500000.0,Andhra Pradesh,55,,Normal/Others,"Construction of WBM Road from Vardhineedi Krishna Murthy Fields to Kothapalli Balaram Krishnam Raju Fields (Mooripalem) Adurru (V), Mamidikuduru Mandal",,71490
Rajya Sabha,Rajya Sabha,2,Andhra Pradesh,3017190,Shri Subhas Chandra Bose Pilli,2020-26,Works Sanctioned,"WS/MP026/2023-2024/71491-Construction of roads, link roads, pathways or any other road with or without drainage system",,,474872,,Sitting Rajya Sabha,545,True,1,Dr. B.R. Ambedkar Konaseema(DISTRICT COLLECTOR Dr B R AMBEDKAR KONASEEMA_IDA),LN/MP026/2023-2024/22,Shri Subhas Chandra Bose Pilli (2020-26),29-Dec-2023,500000.0,Andhra Pradesh,56,,Normal/Others,"Construction of WBM Road from Jakkampudi Ganga Raju Gari Fields to Jakkampudi Eswara Rao Fields in (Mooripalem) Adurru (V), Mamidikuduru Mandal",,71491
Rajya Sabha,Rajya Sabha,2,Andhra Pradesh,3017190,Shri Subhas Chandra Bose Pilli,2020-26,Works Sanctioned,"WS/MP026/2023-2024/71492-Construction of roads, link roads, pathways or any other road with or without drainage system",,,474931,,Sitting Rajya Sabha,545,True,1,Dr. B.R. Ambedkar Konaseema(DISTRICT COLLECTOR Dr B R AMBEDKAR KONASEEMA_IDA),LN/MP026/2023-2024/22,Shri Subhas Chandra Bose Pilli (2020-26),29-Dec-2023,500000.0,Andhra Pradesh,57,,Normal/Others,"Construction of WBM Road from Jakkampudi Eswara Rao  Fields to Vardhineedi Prakash Fields in  (Mooripalem) Adurru (V), Mamidikuduru Mandal",,71492
Rajya Sabha,Rajya Sabha,2,Andhra Pradesh,3017190,Shri Subhas Chandra Bose Pilli,2020-26,Works Sanctioned,WS/MP026/2023-2024/72933-Construction of culverts and bridges,,,920544,,Sitting Rajya Sabha,545,True,1,Dr. B.R. Ambedkar Konaseema(DISTRICT COLLECTOR Dr B R AMBEDKAR KONASEEMA_IDA),LN/MP026/2023-2024/23,Shri Subhas Chandra Bose Pilli (2020-26),01-Jan-2024,2814190.0,Andhra Pradesh,58,,Normal/Others,Construction of Culvert on the Irrgation Drain at Kannadathota H/O Thotapeta Village of Ramachandrapuram,,72933
Rajya Sabha,Rajya Sabha,2,Andhra Pradesh,3017190,Shri Subhas Chandra Bose Pilli,2020-26,Works Sanctioned,WS/MP026/2023-2024/76073-Providing drains and gutters for public drainage,,,495502,,Sitting Rajya Sabha,545,True,1,Dr. B.R. Ambedkar Konaseema(DISTRICT COLLECTOR Dr B R AMBEDKAR KONASEEMA_IDA),LN/MP026/2023-2024/26,Shri Subhas Chandra Bose Pilli (2020-26),06-Jan-2024,300000.0,Andhra Pradesh,59,,Normal/Others,"Construction of Drain from Vuta Kalva to School Building at Matlacheruvu, H/O Nela Prathipadu of Velampalem in Ramachandrapuram Mandal",,76073
Rajya Sabha,Rajya Sabha,2,Andhra Pradesh,3017190,Shri Subhas Chandra Bose Pilli,2020-26,Works Sanctioned,WS/MP026/2023-2024/76074-Providing drains and gutters for public drainage,,,495463,,Sitting Rajya Sabha,545,True,1,Dr. B.R. Ambedkar Konaseema(DISTRICT COLLECTOR Dr B R AMBEDKAR KONASEEMA_IDA),LN/MP026/2023-2024/26,Shri Subhas Chandra Bose Pilli (2020-26),06-Jan-2024,300000.0,Andhra Pradesh,60,,Normal/Others,"Construction of Drain from School Building to Kadiyala Ananda Rao House  at Matlacheruvu, H/O Nela Prathipadu of Velampalem in Ramachandrapuram Mandal",,76074
Rajya Sabha,Rajya Sabha,2,Andhra Pradesh,3017190,Shri Subhas Chandra Bose Pilli,2020-26,Works Sanctioned,WS/MP026/2023-2024/83890-Construction of buildings for community cultural activities,,,,,Sitting Rajya Sabha,545,,1,Dr. B.R. Ambedkar Konaseema(DISTRICT COLLECTOR Dr B R AMBEDKAR KONASEEMA_IDA),LN/MP026/2023-2024/29,Shri Subhas Chandra Bose Pilli (2020-26),18-Jan-2024,1000000.0,Andhra Pradesh,61,,Normal/Others,"Construction of Multipurpose Activities Center for SCs in Ward No.2, Kothuru Road,Stillwell Peta,Ramachandrapuram Town",,83890
Rajya Sabha,Rajya Sabha,2,Andhra Pradesh,3017190,Shri Subhas Chandra Bose Pilli,2020-26,Works Sanctioned,WS/MP026/2023-2024/86846-Construction of buildings for community cultural activities,,,,,Sitting Rajya Sabha,545,,1,Dr. B.R. Ambedkar Konaseema(DISTRICT COLLECTOR Dr B R AMBEDKAR KONASEEMA_IDA),LN/MP026/2023-2024/30,Shri Subhas Chandra Bose Pilli (2020-26),22-Jan-2024,1500000.0,Andhra Pradesh,62,,Normal/Others,"Construction of Multipurpose activities Center in SC  Colony, Paningapalli Village of K.Gangavaram Mandal",,86846
Rajya Sabha,Rajya Sabha,2,Andhra Pradesh,3017190,Shri Subhas Chandra Bose Pilli,2020-26,Works Sanctioned,WS/MP026/2023-2024/88412-Construction of buildings for community cultural activities,,,1185449,,Sitting Rajya Sabha,545,True,1,Dr. B.R. Ambedkar Konaseema(DISTRICT COLLECTOR Dr B R AMBEDKAR KONASEEMA_IDA),LN/MP026/2023-2024/31,Shri Subhas Chandra Bose Pilli (2020-26),24-Jan-2024,2500000.0,Andhra Pradesh,63,,Normal/Others,"Construction of Multipurpose activities Centre in B.C. Locality Seelam Vari Savaram, 6th ward, Ramachandrapuram Town",,88412
Rajya Sabha,Rajya Sabha,2,Andhra Pradesh,3017190,Shri Subhas Chandra Bose Pilli,2020-26,Works Sanctioned,"WS/MP026/2023-2024/89991-Construction of roads, link roads, pathways or any other road with or without drainage system",,,479599,,Sitting Rajya Sabha,545,True,1,Dr. B.R. Ambedkar Konaseema(DISTRICT COLLECTOR Dr B R AMBEDKAR KONASEEMA_IDA),LN/MP026/2023-2024/32,Shri Subhas Chandra Bose Pilli (2020-26),27-Jan-2024,500000.0,Andhra Pradesh,64,,Normal/Others,Construction of CC Road from Pulidind Lakshmi (H) to Kadimi Chenna Reddy (H) in Kotasherilnaka peta H/O Kota of K.Gangavaram Mandal,,89991
Rajya Sabha,Rajya Sabha,2,Andhra Pradesh,3017190,Shri Subhas Chandra Bose Pilli,2020-26,Works Sanctioned,"WS/MP026/2023-2024/89992-Construction of roads, link roads, pathways or any other road with or without drainage system",,,479632,,Sitting Rajya Sabha,545,True,1,Dr. B.R. Ambedkar Konaseema(DISTRICT COLLECTOR Dr B R AMBEDKAR KONASEEMA_IDA),LN/MP026/2023-2024/32,Shri Subhas Chandra Bose Pilli (2020-26),27-Jan-2024,500000.0,Andhra Pradesh,65,,Normal/Others,Construction of CC Road from  Kadimi Chenna Reddy (H) to Didella Ananda Rao in Kotasherilnaka peta H/O Kota of K.Gangavaram Mandal,,89992
Rajya Sabha,Rajya Sabha,2,Andhra Pradesh,3017190,Shri Subhas Chandra Bose Pilli,2020-26,Works Sanctioned,WS/MP026/2023-2024/111071-Construction of foot over bridge (FOB),,,,,Sitting Rajya Sabha,545,,1,Dr. B.R. Ambedkar Konaseema(DISTRICT COLLECTOR Dr B R AMBEDKAR KONASEEMA_IDA),LN/MP026/2023-2024/33,Shri Subhas Chandra Bose Pilli (2020-26),21-Feb-2024,2000000.0,Andhra Pradesh,66,,Normal/Others,"Construction of Footpath Bridge on Bank Canal at Kota Serilanka H/O Kota Village of K.Gangavaam mandal, Dr.B.R.Ambedkar Konaseema District",,111071
Rajya Sabha,Rajya Sabha,2,Andhra Pradesh,3017190,Shri Subhas Chandra Bose Pilli,2020-26,Works Sanctioned,WS/MP026/2024-2025/136823-Crematoriums/energy efficient crematoriums or structures on burial/cremation ground,,,1852769,,Sitting Rajya Sabha,545,True,1,Dr. B.R. Ambedkar Konaseema(DISTRICT COLLECTOR Dr B R AMBEDKAR KONASEEMA_IDA),LN/MP026/2024-2025/35,Shri Subhas Chandra Bose Pilli (2020-26),23-Aug-2024,1894566.0,Andhra Pradesh,67,,Normal/Others,"Construction of Burrial Ground at Bhimakrosupalem, Ramachandrapuram (M), Dr.B.R Ambedkar Konaseema District.",,136823
Rajya Sabha,Rajya Sabha,2,Andhra Pradesh,3017190,Shri Subhas Chandra Bose Pilli,2020-26,Works Sanctioned,WS/MP026/2024-2025/136824-Construction of additional rooms and halls in the existing public and community building,,,1216969,,Sitting Rajya Sabha,545,True,1,Dr. B.R. Ambedkar Konaseema(DISTRICT COLLECTOR Dr B R AMBEDKAR KONASEEMA_IDA),LN/MP026/2024-2025/35,Shri Subhas Chandra Bose Pilli (2020-26),23-Aug-2024,935884.0,Andhra Pradesh,68,,Normal/Others,"Construction of Additional Room and Slab  at S.C.(Madiga) Community hall Hasanbada, Ramachandrapuram (M), Dr.B.R Ambedkar Konaseema District",,136824
Rajya Sabha,Rajya Sabha,2,Andhra Pradesh,3017190,Shri Subhas Chandra Bose Pilli,2020-26,Works Sanctioned,"WS/MP026/2024-2025/136825-Construction of roads, link roads, pathways or any other road with or without drainage system",,,1185115,,Sitting Rajya Sabha,545,True,1,Dr. B.R. Ambedkar Konaseema(DISTRICT COLLECTOR Dr B R AMBEDKAR KONASEEMA_IDA),LN/MP026/2024-2025/35,Shri Subhas Chandra Bose Pilli (2020-26),23-Aug-2024,495000.0,Andhra Pradesh,69,,Normal/Others,"Formation of C.C.Road from Bunga Srinu house to Neduri Sattibabu House at S.C.Peta, chodavaram(V), Ramachandrapuram (M), Dr.B.R Ambedkar Konaseema District",,136825
Rajya Sabha,Rajya Sabha,2,Andhra Pradesh,3017190,Shri Subhas Chandra Bose Pilli,2020-26,Works Sanctioned,"WS/MP026/2024-2025/136826-Construction of roads, link roads, pathways or any other road with or without drainage system",,,1185159,,Sitting Rajya Sabha,545,True,1,Dr. B.R. Ambedkar Konaseema(DISTRICT COLLECTOR Dr B R AMBEDKAR KONASEEMA_IDA),LN/MP026/2024-2025/35,Shri Subhas Chandra Bose Pilli (2020-26),23-Aug-2024,495000.0,Andhra Pradesh,70,,Normal/Others,"Formation of C.C.Road from Juttuga Sarveswara Rao house to Juttuga Gurrayya House at S.C.Peta, chodavaram(V), Ramachandrapuram (M), Dr.B.R Ambedkar Konaseema District",,136826
Rajya Sabha,Rajya Sabha,2,Andhra Pradesh,3017190,Shri Subhas Chandra Bose Pilli,2020-26,Works Sanctioned,WS/MP026/2024-2025/136827-Construction of community centers and community halls,,,1549290,,Sitting Rajya Sabha,545,True,1,Dr. B.R. Ambedkar Konaseema(DISTRICT COLLECTOR Dr B R AMBEDKAR KONASEEMA_IDA),LN/MP026/2024-2025/35,Shri Subhas Chandra Bose Pilli (2020-26),23-Aug-2024,495000.0,Andhra Pradesh,71,,Normal/Others,"Construction of Multipurpose Hall at S.C. locality , Juvvipadu H/o Oduru (V), Ramachandrapuram (M), Dr.B.R Ambedkar Konaseema District",,136827
Rajya Sabha,Rajya Sabha,2,Andhra Pradesh,3017190,Shri Subhas Chandra Bose Pilli,2020-26,Works Sanctioned,WS/MP026/2024-2025/136828-Construction of buildings for community cultural activities,,,,,Sitting Rajya Sabha,545,,1,Dr. B.R. Ambedkar Konaseema(DISTRICT COLLECTOR Dr B R AMBEDKAR KONASEEMA_IDA),LN/MP026/2024-2025/35,Shri Subhas Chandra Bose Pilli (2020-26),23-Aug-2024,3000000.0,Andhra Pradesh,72,,Normal/Others,"Construction of Multipurpose Hall near Venkateswara Swamy Temple , Gogannamatam Village, Mamidikuduru(M), ), Dr.B.R Ambedkar Konaseema District",,136828
Rajya Sabha,Rajya Sabha,2,Andhra Pradesh,3017190,Shri Subhas Chandra Bose Pilli,2020-26,Works Sanctioned,WS/MP026/2024-2025/136829-Crematoriums/energy efficient crematoriums or structures on burial/cremation ground,,,2110233,,Sitting Rajya Sabha,545,True,1,Dr. B.R. Ambedkar Konaseema(DISTRICT COLLECTOR Dr B R AMBEDKAR KONASEEMA_IDA),LN/MP026/2024-2025/35,Shri Subhas Chandra Bose Pilli (2020-26),23-Aug-2024,2000000.0,Andhra Pradesh,73,,Normal/Others,"Improvements to Burrial Ground for BC’s at Kandulapalem(V), Ramachandrapuram (M), Dr.B.R Ambedkar Konaseema District",,136829
Rajya Sabha,Rajya Sabha,2,Andhra Pradesh,3017190,Shri Subhas Chandra Bose Pilli,2020-26,Works Sanctioned,"WS/MP026/2024-2025/136830-Construction of roads, link roads, pathways or any other road with or without drainage system",,,1053105,,Sitting Rajya Sabha,545,True,1,Dr. B.R. Ambedkar Konaseema(DISTRICT COLLECTOR Dr B R AMBEDKAR KONASEEMA_IDA),LN/MP026/2024-2025/35,Shri Subhas Chandra Bose Pilli (2020-26),23-Aug-2024,495000.0,Andhra Pradesh,74,,Normal/Others,"Formation of C.C. Road from Medisetti Venkata Ramana House to Parthamsetti Annavaram Cattle Shed in S.C Locality at Bhatlapalika(V), K.Gangavaram Mandal, Dr.B.R.Ambedkar Konaseema District (A.P)",,136830
Rajya Sabha,Rajya Sabha,2,Andhra Pradesh,3017190,Shri Subhas Chandra Bose Pilli,2020-26,Works Sanctioned,"WS/MP026/2024-2025/136831-Construction of roads, link roads, pathways or any other road with or without drainage system",,,1053138,,Sitting Rajya Sabha,545,True,1,Dr. B.R. Ambedkar Konaseema(DISTRICT COLLECTOR Dr B R AMBEDKAR KONASEEMA_IDA),LN/MP026/2024-2025/35,Shri Subhas Chandra Bose Pilli (2020-26),23-Aug-2024,495000.0,Andhra Pradesh,75,,Normal/Others,"Formation of C.C Road From Parthamsetti Ramu Cattle Shed to Pantakalva Bridge Shed in S.C Locality at Bhatlapalika(V), K.Gangavaram Mandal, Dr.B.R.Ambedkar Konaseema District",,136831
Rajya Sabha,Rajya Sabha,2,Andhra Pradesh,3017190,Shri Subhas Chandra Bose Pilli,2020-26,Works Sanctioned,WS/MP026/2024-2025/141527-Crematoriums/energy efficient crematoriums or structures on burial/cremation ground,,,,,Sitting Rajya Sabha,545,,1,Dr. B.R. Ambedkar Konaseema(DISTRICT COLLECTOR Dr B R AMBEDKAR KONASEEMA_IDA),LN/MP026/2024-2025/36,Shri Subhas Chandra Bose Pilli (2020-26),18-Sep-2024,4000000.0,Andhra Pradesh,76,,Normal/Others,Improvements to Burial Ground at Matla Cheruvu H/o Nelaparthipadu Village of Ramachandrapuram Mandal,,141527
Rajya Sabha,Rajya Sabha,2,Andhra Pradesh,3017190,Shri Subhas Chandra Bose Pilli,2020-26,Works Sanctioned,WS/MP026/2024-2025/141528-Construction of buildings for community cultural activities,,,,,Sitting Rajya Sabha,545,,1,Dr. B.R. Ambedkar Konaseema(DISTRICT COLLECTOR Dr B R AMBEDKAR KONASEEMA_IDA),LN/MP026/2024-2025/36,Shri Subhas Chandra Bose Pilli (2020-26),18-Sep-2024,2500000.0,Andhra Pradesh,77,,Normal/Others,Construction of Multipurpose Hall for B.C Community at Venkatayapalem Village of Ramachandrapuram Mandal,,141528
Rajya Sabha,Rajya Sabha,2,Andhra Pradesh,3017190,Shri Subhas Chandra Bose Pilli,2020-26,Works Sanctioned,"WS/MP026/2024-2025/141529-Construction of roads, link roads, pathways or any other road with or without drainage system",,,1352981,,Sitting Rajya Sabha,545,True,1,Dr. B.R. Ambedkar Konaseema(DISTRICT COLLECTOR Dr B R AMBEDKAR KONASEEMA_IDA),LN/MP026/2024-2025/36,Shri Subhas Chandra Bose Pilli (2020-26),18-Sep-2024,494333.0,Andhra Pradesh,78,,Normal/Others,Formation of Approach Road to Burial Ground of S.C Community at Venkatayapalem Village of Ramachandrapuram Mandal,,141529
Rajya Sabha,Rajya Sabha,2,Andhra Pradesh,3017190,Shri Subhas Chandra Bose Pilli,2020-26,Works Sanctioned,"WS/MP026/2024-2025/141531-Construction of roads, link roads, pathways or any other road with or without drainage system",,,1353003,,Sitting Rajya Sabha,545,True,1,Dr. B.R. Ambedkar Konaseema(DISTRICT COLLECTOR Dr B R AMBEDKAR KONASEEMA_IDA),LN/MP026/2024-2025/36,Shri Subhas Chandra Bose Pilli (2020-26),18-Sep-2024,492549.0,Andhra Pradesh,79,,Normal/Others,Construction of Internal CC Roads from K Srinivasaraju House to G.Ramana House &Tadigoyya Road to Dumping Yard  in Venkatayapalem Village of Ramachandrapuram Mandal,,141531
Rajya Sabha,Rajya Sabha,2,Andhra Pradesh,3017190,Shri Subhas Chandra Bose Pilli,2020-26,Works Sanctioned,WS/MP026/2024-2025/141532-Construction of community centers and community halls,,,2173109,,Sitting Rajya Sabha,545,True,1,Dr. B.R. Ambedkar Konaseema(DISTRICT COLLECTOR Dr B R AMBEDKAR KONASEEMA_IDA),LN/MP026/2024-2025/36,Shri Subhas Chandra Bose Pilli (2020-26),18-Sep-2024,1500000.0,Andhra Pradesh,80,,Normal/Others,"Construction of Multipurpose Hall at Seelam Vari Savaram, Ward No.6, Ramachandrapuram Town of Ramachandrapuram Mandal",,141532
Rajya Sabha,Rajya Sabha,2,Andhra Pradesh,3017190,Shri Subhas Chandra Bose Pilli,2020-26,Works Sanctioned,WS/MP026/2024-2025/141533-Construction of community centers and community halls,,,,,Sitting Rajya Sabha,545,,1,Dr. B.R. Ambedkar Konaseema(DISTRICT COLLECTOR Dr B R AMBEDKAR KONASEEMA_IDA),LN/MP026/2024-2025/36,Shri Subhas Chandra Bose Pilli (2020-26),18-Sep-2024,1500000.0,Andhra Pradesh,81,,Normal/Others,"Construction of Multipurpose Hall Near Durga Temple, Ward No.1, Kothuru Road Ramachandrapuram Town of Ramachandrapuram Mandal",,141533
Rajya Sabha,Rajya Sabha,2,Andhra Pradesh,3017190,Shri Subhas Chandra Bose Pilli,2020-26,Works Sanctioned,WS/MP026/2024-2025/141535-Providing drains and gutters for public drainage,,,1440605,,Sitting Rajya Sabha,545,True,1,Dr. B.R. Ambedkar Konaseema(DISTRICT COLLECTOR Dr B R AMBEDKAR KONASEEMA_IDA),LN/MP026/2024-2025/36,Shri Subhas Chandra Bose Pilli (2020-26),18-Sep-2024,495000.0,Andhra Pradesh,82,,Normal/Others,Construction of Drain from Vallu Ramana House to Vallu Vishnu House in Gollalcheruvu H/o Kandulapalem Village of Ramachandrapuram Mandal,,141535
Rajya Sabha,Rajya Sabha,2,Andhra Pradesh,3017190,Shri Subhas Chandra Bose Pilli,2020-26,Works Sanctioned,WS/MP026/2024-2025/141536-Providing drains and gutters for public drainage,,,1440631,,Sitting Rajya Sabha,545,True,1,Dr. B.R. Ambedkar Konaseema(DISTRICT COLLECTOR Dr B R AMBEDKAR KONASEEMA_IDA),LN/MP026/2024-2025/36,Shri Subhas Chandra Bose Pilli (2020-26),18-Sep-2024,491289.0,Andhra Pradesh,83,,Normal/Others,Construction of Drain from Guttula Kesava Rao House to Kudupudi SubbaRao House in Gollalcheruvu H/o Kandulapalem Village of Ramachandrapuram Mandal,,141536
Rajya Sabha,Rajya Sabha,2,Andhra Pradesh,3017190,Shri Subhas Chandra Bose Pilli,2020-26,Works Sanctioned,WS/MP026/2024-2025/141537-Providing drains and gutters for public drainage,,,1661305,,Sitting Rajya Sabha,545,True,1,Dr. B.R. Ambedkar Konaseema(DISTRICT COLLECTOR Dr B R AMBEDKAR KONASEEMA_IDA),LN/MP026/2024-2025/36,Shri Subhas Chandra Bose Pilli (2020-26),18-Sep-2024,495000.0,Andhra Pradesh,84,,Normal/Others,Construction of Drain from PalivelaDevayya House to Surampudi Gangadhar House in Gollalcheruvu H/o Kandulapalem Village of Ramachandrapuram Mandal,,141537
Rajya Sabha,Rajya Sabha,2,Andhra Pradesh,3017190,Shri Subhas Chandra Bose Pilli,2020-26,Works Sanctioned,WS/MP026/2024-2025/141538-Providing drains and gutters for public drainage,,,1661331,,Sitting Rajya Sabha,545,True,1,Dr. B.R. Ambedkar Konaseema(DISTRICT COLLECTOR Dr B R AMBEDKAR KONASEEMA_IDA),LN/MP026/2024-2025/36,Shri Subhas Chandra Bose Pilli (2020-26),18-Sep-2024,495000.0,Andhra Pradesh,85,,Normal/Others,Construction of Drain from Surampudi Gangadhar House to Sri Hanuman Temple  House in Gollalcheruvu H/o Kandulapalem Village of Ramachandrapuram Mandal,,141538
Rajya Sabha,Rajya Sabha,2,Andhra Pradesh,3017190,Shri Subhas Chandra Bose Pilli,2020-26,Works Sanctioned,WS/MP026/2024-2025/141539-Construction of buildings for community cultural activities,,,1476197,,Sitting Rajya Sabha,545,True,1,Dr. B.R. Ambedkar Konaseema(DISTRICT COLLECTOR Dr B R AMBEDKAR KONASEEMA_IDA),LN/MP026/2024-2025/36,Shri Subhas Chandra Bose Pilli (2020-26),18-Sep-2024,3000000.0,Andhra Pradesh,86,,Normal/Others,"Construction of Multipurpose Hall at Annaipeta Village H/o Vegayammapeta in O.C Locality, of Ramachandrapuram Mandal",,141539
Rajya Sabha,Rajya Sabha,2,Andhra Pradesh,3017190,Shri Subhas Chandra Bose Pilli,2020-26,Works Sanctioned,WS/MP026/2024-2025/141603-Development of playfields and sports grounds,,,1587158,,Sitting Rajya Sabha,545,True,1,Dr. B.R. Ambedkar Konaseema(DISTRICT COLLECTOR Dr B R AMBEDKAR KONASEEMA_IDA),LN/MP026/2024-2025/37,Shri Subhas Chandra Bose Pilli (2020-26),18-Sep-2024,2931050.0,Andhra Pradesh,87,,Normal/Others,"Providing Open Gym equipment in ZP High School play ground at Surayanagar, Amalapuram",,141603
Rajya Sabha,Rajya Sabha,2,Andhra Pradesh,3017190,Shri Subhas Chandra Bose Pilli,2020-26,Works Sanctioned,"WS/MP026/2024-2025/154178-Construction of roads, link roads, pathways or any other road with or without drainage system",,,1733593,,Sitting Rajya Sabha,545,True,1,Dr. B.R. Ambedkar Konaseema(DISTRICT COLLECTOR Dr B R AMBEDKAR KONASEEMA_IDA),LN/MP026/2024-2025/38,Shri Subhas Chandra Bose Pilli (2020-26),23-Nov-2024,500000.0,Andhra Pradesh,88,,Normal/Others,"Construction of CC Road from Ganta Apparao House to Old CC Road  atAdampalli (V), K.Gangavaram(M),",,154178
Rajya Sabha,Rajya Sabha,2,Andhra Pradesh,3017190,Shri Subhas Chandra Bose Pilli,2020-26,Works Sanctioned,WS/MP026/2024-2025/154179-Construction of community centers and community halls,,,2154334,,Sitting Rajya Sabha,545,True,1,Dr. B.R. Ambedkar Konaseema(DISTRICT COLLECTOR Dr B R AMBEDKAR KONASEEMA_IDA),LN/MP026/2024-2025/38,Shri Subhas Chandra Bose Pilli (2020-26),23-Nov-2024,500000.0,Andhra Pradesh,89,,Normal/Others,Construction of SC Community Shelter near Ambedkar Statue in SC area at Vatrapudi H/O Addampalli GP of K.Gangavaram,,154179
Rajya Sabha,Rajya Sabha,2,Andhra Pradesh,3017190,Shri Subhas Chandra Bose Pilli,2020-26,Works Sanctioned,"WS/MP026/2024-2025/154180-Construction of roads, link roads, pathways or any other road with or without drainage system",,,1364813,,Sitting Rajya Sabha,545,True,1,Dr. B.R. Ambedkar Konaseema(DISTRICT COLLECTOR Dr B R AMBEDKAR KONASEEMA_IDA),LN/MP026/2024-2025/38,Shri Subhas Chandra Bose Pilli (2020-26),23-Nov-2024,499988.0,Andhra Pradesh,90,,Normal/Others,"Construction of CC Road from Rajive Gandhi Statue to Masabattula Rama rao (H) in SC Colony at Amujuru (V) of K.Gangavaram(M),",,154180
Rajya Sabha,Rajya Sabha,2,Andhra Pradesh,3017190,Shri Subhas Chandra Bose Pilli,2020-26,Works Sanctioned,"WS/MP026/2024-2025/154181-Construction of roads, link roads, pathways or any other road with or without drainage system",,,1364823,,Sitting Rajya Sabha,545,True,1,Dr. B.R. Ambedkar Konaseema(DISTRICT COLLECTOR Dr B R AMBEDKAR KONASEEMA_IDA),LN/MP026/2024-2025/38,Shri Subhas Chandra Bose Pilli (2020-26),23-Nov-2024,499642.0,Andhra Pradesh,91,,Normal/Others,"Construction of CC Road from Namavarapu Satyanarayana (H) to Shadi Khana  atAmujuru (V) of K.Gangavaram(M),",,154181
Rajya Sabha,Rajya Sabha,2,Andhra Pradesh,3017190,Shri Subhas Chandra Bose Pilli,2020-26,Works Sanctioned,"WS/MP026/2024-2025/154182-Construction of roads, link roads, pathways or any other road with or without drainage system",,,1189981,,Sitting Rajya Sabha,545,True,1,Dr. B.R. Ambedkar Konaseema(DISTRICT COLLECTOR Dr B R AMBEDKAR KONASEEMA_IDA),LN/MP026/2024-2025/38,Shri Subhas Chandra Bose Pilli (2020-26),23-Nov-2024,499657.0,Andhra Pradesh,92,,Normal/Others,"Construction of CC Road from Somalamma Temple to Grama Sachivalam at Balanthram (V) of K.Gangavaram(M),",,154182
Rajya Sabha,Rajya Sabha,2,Andhra Pradesh,3017190,Shri Subhas Chandra Bose Pilli,2020-26,Works Sanctioned,WS/MP026/2024-2025/154183-Crematoriums/energy efficient crematoriums or structures on burial/cremation ground,,,1418767,,Sitting Rajya Sabha,545,True,1,Dr. B.R. Ambedkar Konaseema(DISTRICT COLLECTOR Dr B R AMBEDKAR KONASEEMA_IDA),LN/MP026/2024-2025/38,Shri Subhas Chandra Bose Pilli (2020-26),23-Nov-2024,486084.0,Andhra Pradesh,93,,Normal/Others,"Providing Amenities to Burial Ground at Balantram(V) of K.Gangavaram(M),",,154183
Rajya Sabha,Rajya Sabha,2,Andhra Pradesh,3017190,Shri Subhas Chandra Bose Pilli,2020-26,Works Sanctioned,"WS/MP026/2024-2025/154184-Construction of roads, link roads, pathways or any other road with or without drainage system",,,1516238,,Sitting Rajya Sabha,545,True,1,Dr. B.R. Ambedkar Konaseema(DISTRICT COLLECTOR Dr B R AMBEDKAR KONASEEMA_IDA),LN/MP026/2024-2025/38,Shri Subhas Chandra Bose Pilli (2020-26),23-Nov-2024,500000.0,Andhra Pradesh,94,,Normal/Others,"Formation of Gravel and WBM Road from Rallagunta Dam to Pandu Tirupathi Raju Field at Gudigallabhaga GP of K.Gangavaram Mandal,",,154184
Rajya Sabha,Rajya Sabha,2,Andhra Pradesh,3017190,Shri Subhas Chandra Bose Pilli,2020-26,Works Sanctioned,"WS/MP026/2024-2025/154185-Construction of roads, link roads, pathways or any other road with or without drainage system",,,1516214,,Sitting Rajya Sabha,545,True,1,Dr. B.R. Ambedkar Konaseema(DISTRICT COLLECTOR Dr B R AMBEDKAR KONASEEMA_IDA),LN/MP026/2024-2025/38,Shri Subhas Chandra Bose Pilli (2020-26),23-Nov-2024,499487.0,Andhra Pradesh,95,,Normal/Others,"Formation of Gravel and WBM Road from GudigallabhagaBaddi to Pilli Rambabu Field at Gudigallabhaga GP of K.Gangavaram Mandal,",,154185
Rajya Sabha,Rajya Sabha,2,Andhra Pradesh,3017190,Shri Subhas Chandra Bose Pilli,2020-26,Works Sanctioned,WS/MP026/2024-2025/154186-Providing drains and gutters for public drainage,,,1586987,,Sitting Rajya Sabha,545,True,1,Dr. B.R. Ambedkar Konaseema(DISTRICT COLLECTOR Dr B R AMBEDKAR KONASEEMA_IDA),LN/MP026/2024-2025/38,Shri Subhas Chandra Bose Pilli (2020-26),23-Nov-2024,500000.0,Andhra Pradesh,96,,Normal/Others,Construction of CC Drain from Palika Subrahmanyam(H) to Rayudu Srinu(H) at KotipalliSavaram H/o Kotipalli(V) of K.Gangavaram (M),,154186
Rajya Sabha,Rajya Sabha,2,Andhra Pradesh,3017190,Shri Subhas Chandra Bose Pilli,2020-26,Works Sanctioned,WS/MP026/2024-2025/154187-Providing drains and gutters for public drainage,,,1587000,,Sitting Rajya Sabha,545,True,1,Dr. B.R. Ambedkar Konaseema(DISTRICT COLLECTOR Dr B R AMBEDKAR KONASEEMA_IDA),LN/MP026/2024-2025/38,Shri Subhas Chandra Bose Pilli (2020-26),23-Nov-2024,500000.0,Andhra Pradesh,97,,Normal/Others,Construction of CC Drain from 1. DangetiChandrarao(H) to Kanchi Murali Krishna(H) 2. Palika Srinu(H) to Kanchi Suribabu(H) at Kotipalli(V) of K.Gangavaram (M),,154187
Rajya Sabha,Rajya Sabha,2,Andhra Pradesh,3017190,Shri Subhas Chandra Bose Pilli,2020-26,Works Sanctioned,WS/MP026/2024-2025/154188-Construction of community centers and community halls,,,1719540,,Sitting Rajya Sabha,545,True,1,Dr. B.R. Ambedkar Konaseema(DISTRICT COLLECTOR Dr B R AMBEDKAR KONASEEMA_IDA),LN/MP026/2024-2025/38,Shri Subhas Chandra Bose Pilli (2020-26),23-Nov-2024,499991.0,Andhra Pradesh,98,,Normal/Others,"Construction of Multipurpose Hall at Railway New Colony at Kunduru(V), K.Gangavaram(M),",,154188
Rajya Sabha,Rajya Sabha,2,Andhra Pradesh,3017190,Shri Subhas Chandra Bose Pilli,2020-26,Works Sanctioned,WS/MP026/2024-2025/154189-Purchase of furniture and fixtures for educational purposes,,,1719569,,Sitting Rajya Sabha,545,True,1,Dr. B.R. Ambedkar Konaseema(DISTRICT COLLECTOR Dr B R AMBEDKAR KONASEEMA_IDA),LN/MP026/2024-2025/38,Shri Subhas Chandra Bose Pilli (2020-26),23-Nov-2024,499940.0,Andhra Pradesh,99,,Normal/Others,Providing furniture and amenities for education purpose to BC Community Multipurpose Hall at Railway New Colony at Kunduru (V) of K.Gangavaram Mandal,,154189
Rajya Sabha,Rajya Sabha,2,Andhra Pradesh,3017190,Shri Subhas Chandra Bose Pilli,2020-26,Works Sanctioned,"WS/MP026/2024-2025/154190-Construction of roads, link roads, pathways or any other road with or without drainage system",,,1364830,,Sitting Rajya Sabha,545,True,1,Dr. B.R. Ambedkar Konaseema(DISTRICT COLLECTOR Dr B R AMBEDKAR KONASEEMA_IDA),LN/MP026/2024-2025/38,Shri Subhas Chandra Bose Pilli (2020-26),23-Nov-2024,498801.0,Andhra Pradesh,100,,Normal/Others,"Construction of CC Road from Isukapatla Ramana (H) to Vara Abbulu (H) in SC Locality at Pamarru(V) of K.Gangavaram(M),",,154190
Rajya Sabha,Rajya Sabha,2,Andhra Pradesh,3017190,Shri Subhas Chandra Bose Pilli,2020-26,Works Sanctioned,WS/MP026/2024-2025/154191-Providing drains and gutters for public drainage,,,1441136,,Sitting Rajya Sabha,545,True,1,Dr. B.R. Ambedkar Konaseema(DISTRICT COLLECTOR Dr B R AMBEDKAR KONASEEMA_IDA),LN/MP026/2024-2025/38,Shri Subhas Chandra Bose Pilli (2020-26),23-Nov-2024,500000.0,Andhra Pradesh,101,,Normal/Others,Construction of CC Drain from Reddy Rambabu(SatyawadaChivara)(H) to MPP School at Satyawada(V) of K.Gangavaram (M),,154191
Rajya Sabha,Rajya Sabha,2,Andhra Pradesh,3017190,Shri Subhas Chandra Bose Pilli,2020-26,Works Sanctioned,WS/MP026/2024-2025/154192-Providing drains and gutters for public drainage,,,1441186,,Sitting Rajya Sabha,545,True,1,Dr. B.R. Ambedkar Konaseema(DISTRICT COLLECTOR Dr B R AMBEDKAR KONASEEMA_IDA),LN/MP026/2024-2025/38,Shri Subhas Chandra Bose Pilli (2020-26),23-Nov-2024,500000.0,Andhra Pradesh,102,,Normal/Others,Construction of CC Drain from MPP School to Ambedkar Statue at Satyawada(V) of K.Gangavaram (M),,154192
Rajya Sabha,Rajya Sabha,2,Andhra Pradesh,3017190,Shri Subhas Chandra Bose Pilli,2020-26,Works Sanctioned,WS/MP026/2024-2025/154193-Construction of buildings for community cultural activities,,,1953437,,Sitting Rajya Sabha,545,True,1,Dr. B.R. Ambedkar Konaseema(DISTRICT COLLECTOR Dr B R AMBEDKAR KONASEEMA_IDA),LN/MP026/2024-2025/38,Shri Subhas Chandra Bose Pilli (2020-26),23-Nov-2024,499981.0,Andhra Pradesh,103,,Normal/Others,"Construction of Ambedkar Bhavan At Rajawire H/o KOTA(V) of  of K.Gangavaram(M),",,154193
Rajya Sabha,Rajya Sabha,2,Andhra Pradesh,3017190,Shri Subhas Chandra Bose Pilli,2020-26,Works Sanctioned,"WS/MP026/2024-2025/154194-Construction of roads, link roads, pathways or any other road with or without drainage system",,,1190815,,Sitting Rajya Sabha,545,True,1,Dr. B.R. Ambedkar Konaseema(DISTRICT COLLECTOR Dr B R AMBEDKAR KONASEEMA_IDA),LN/MP026/2024-2025/38,Shri Subhas Chandra Bose Pilli (2020-26),23-Nov-2024,499200.0,Andhra Pradesh,104,,Normal/Others,"Construction of CC road from 1. KondepudiNanaji(H) to Venkatarao(H) 2.Rameshkumar(H) to Guttalasubbarao(H) at serilanka(V) of K.Gangavaram(M),",,154194
Rajya Sabha,Rajya Sabha,2,Andhra Pradesh,3017190,Shri Subhas Chandra Bose Pilli,2020-26,Works Sanctioned,"WS/MP026/2024-2025/154195-Construction of roads, link roads, pathways or any other road with or without drainage system",,,1190845,,Sitting Rajya Sabha,545,True,1,Dr. B.R. Ambedkar Konaseema(DISTRICT COLLECTOR Dr B R AMBEDKAR KONASEEMA_IDA),LN/MP026/2024-2025/38,Shri Subhas Chandra Bose Pilli (2020-26),23-Nov-2024,498502.0,Andhra Pradesh,105,,Normal/Others,"Construction of CC road from 1.KondepudiVeeraswami(H) to Kondepudi Nagaveni(H) 2.Kondepudi Chinna Venkatarao(H) to Kondepudisatyanarayana(H) at serilanka(V) of K.Gangavaram(M),",,154195
Rajya Sabha,Rajya Sabha,2,Andhra Pradesh,3017190,Shri Subhas Chandra Bose Pilli,2020-26,Works Sanctioned,WS/MP026/2024-2025/154196-Providing drains and gutters for public drainage,,,1611323,,Sitting Rajya Sabha,545,True,1,Dr. B.R. Ambedkar Konaseema(DISTRICT COLLECTOR Dr B R AMBEDKAR KONASEEMA_IDA),LN/MP026/2024-2025/38,Shri Subhas Chandra Bose Pilli (2020-26),23-Nov-2024,500000.0,Andhra Pradesh,106,,Normal/Others,"Construction of  Drain from Kothapalli Kumar House to Chekuri Kanthamma House B.C. locality at KOTA (V) of K.Gangavaram(M),",,154196
Rajya Sabha,Rajya Sabha,2,Andhra Pradesh,3017190,Shri Subhas Chandra Bose Pilli,2020-26,Works Sanctioned,"WS/MP026/2024-2025/154198-Construction of roads, link roads, pathways or any other road with or without drainage system",,,1375246,,Sitting Rajya Sabha,545,True,1,Dr. B.R. Ambedkar Konaseema(DISTRICT COLLECTOR Dr B R AMBEDKAR KONASEEMA_IDA),LN/MP026/2024-2025/38,Shri Subhas Chandra Bose Pilli (2020-26),23-Nov-2024,499825.0,Andhra Pradesh,107,,Normal/Others,"Construction of CC Road from Namavaripeta Ambedkar Statue to Yamani Satyanarayana Field at Nerredulanka H/o Tallpodu(V) of K.Gangavaram(M),",,154198
Rajya Sabha,Rajya Sabha,2,Andhra Pradesh,3017190,Shri Subhas Chandra Bose Pilli,2020-26,Works Sanctioned,"WS/MP026/2024-2025/154199-Construction of roads, link roads, pathways or any other road with or without drainage system",,,1375253,,Sitting Rajya Sabha,545,True,1,Dr. B.R. Ambedkar Konaseema(DISTRICT COLLECTOR Dr B R AMBEDKAR KONASEEMA_IDA),LN/MP026/2024-2025/38,Shri Subhas Chandra Bose Pilli (2020-26),23-Nov-2024,499825.0,Andhra Pradesh,108,,Normal/Others,"Construction of CC Road from Yamani Satyanarayana Field to MedisettiYedukondalu Field at Nerredulanka H/o Tallpodu(V) of K.Gangavaram(M),",,154199
Rajya Sabha,Rajya Sabha,2,Andhra Pradesh,3017190,Shri Subhas Chandra Bose Pilli,2020-26,Works Sanctioned,WS/MP026/2024-2025/154200-Providing drains and gutters for public drainage,,,1371594,,Sitting Rajya Sabha,545,True,1,Dr. B.R. Ambedkar Konaseema(DISTRICT COLLECTOR Dr B R AMBEDKAR KONASEEMA_IDA),LN/MP026/2024-2025/38,Shri Subhas Chandra Bose Pilli (2020-26),23-Nov-2024,500000.0,Andhra Pradesh,109,,Normal/Others,Construction of CC Drain from Mokana Apparao (H) to Vallem Srinu(H) in SC Locality at Tamarapalli (V) of K.Gangavaram (M),,154200
Rajya Sabha,Rajya Sabha,2,Andhra Pradesh,3017190,Shri Subhas Chandra Bose Pilli,2020-26,Works Sanctioned,WS/MP026/2024-2025/154201-Providing drains and gutters for public drainage,,,1372118,,Sitting Rajya Sabha,545,True,1,Dr. B.R. Ambedkar Konaseema(DISTRICT COLLECTOR Dr B R AMBEDKAR KONASEEMA_IDA),LN/MP026/2024-2025/38,Shri Subhas Chandra Bose Pilli (2020-26),23-Nov-2024,500000.0,Andhra Pradesh,110,,Normal/Others,Construction of CC Drain from Vallem Srinu (H) to Old Community Hall in SC Locality at Tamarapalli (V) of K.Gangavaram (M),,154201
Rajya Sabha,Rajya Sabha,2,Andhra Pradesh,3017190,Shri Subhas Chandra Bose Pilli,2020-26,Works Sanctioned,"WS/MP026/2024-2025/156750-Construction of Government office buildings (Post office, Police station, Police chauki, etc.)",,,1587183,,Sitting Rajya Sabha,545,True,1,Dr. B.R. Ambedkar Konaseema(DISTRICT COLLECTOR Dr B R AMBEDKAR KONASEEMA_IDA),LN/MP026/2024-2025/39,Shri Subhas Chandra Bose Pilli (2020-26),03-Dec-2024,1500000.0,Andhra Pradesh,111,,Normal/Others,Construction of Police Chowki in Police Parade Grounds at Amalapuram,,156750
Rajya Sabha,Rajya Sabha,2,Andhra Pradesh,3017190,Shri Subhas Chandra Bose Pilli,2020-26,Works Sanctioned,"WS/MP026/2024-2025/172990-Construction of roads, link roads, pathways or any other road with or without drainage system",,,2019556,,Sitting Rajya Sabha,545,True,1,Dr. B.R. Ambedkar Konaseema(DISTRICT COLLECTOR Dr B R AMBEDKAR KONASEEMA_IDA),LN/MP026/2024-2025/40,Shri Subhas Chandra Bose Pilli (2020-26),05-Feb-2025,397393.0,Andhra Pradesh,112,,Normal/Others,Construction of BT Road from R and B Road to Adabala Brahmanandam Land at Pallipalem Hamlet of  Gudapalli Village Malikipuram Mandal,,172990
Rajya Sabha,Rajya Sabha,2,Andhra Pradesh,3017190,Shri Subhas Chandra Bose Pilli,2020-26,Works Sanctioned,"WS/MP026/2024-2025/172991-Construction of roads, link roads, pathways or any other road with or without drainage system",,,2019633,,Sitting Rajya Sabha,545,True,1,Dr. B.R. Ambedkar Konaseema(DISTRICT COLLECTOR Dr B R AMBEDKAR KONASEEMA_IDA),LN/MP026/2024-2025/40,Shri Subhas Chandra Bose Pilli (2020-26),05-Feb-2025,387614.0,Andhra Pradesh,113,,Normal/Others,Construction of BT Road from Adabala Brahmanandam Land to Babu Raju land at Pallipalem Hamlet of Gudapalli Village Malikipuram Mandal,,172991
Rajya Sabha,Rajya Sabha,2,Andhra Pradesh,3017190,Shri Subhas Chandra Bose Pilli,2020-26,Works Sanctioned,"WS/MP026/2024-2025/172992-Construction of roads, link roads, pathways or any other road with or without drainage system",,,2019675,,Sitting Rajya Sabha,545,True,1,Dr. B.R. Ambedkar Konaseema(DISTRICT COLLECTOR Dr B R AMBEDKAR KONASEEMA_IDA),LN/MP026/2024-2025/40,Shri Subhas Chandra Bose Pilli (2020-26),05-Feb-2025,400000.0,Andhra Pradesh,114,,Normal/Others,Construction of BT Road from  Babu Raju land to Kopadi Bandi Mutyala Raju Land at Pallipalem Hamlet of Gudapalli Village Malikipuram Mandal,,172992
Rajya Sabha,Rajya Sabha,2,Andhra Pradesh,3017190,Shri Subhas Chandra Bose Pilli,2020-26,Works Sanctioned,"WS/MP026/2024-2025/172993-Construction of roads, link roads, pathways or any other road with or without drainage system",,,2053538,,Sitting Rajya Sabha,545,True,1,Dr. B.R. Ambedkar Konaseema(DISTRICT COLLECTOR Dr B R AMBEDKAR KONASEEMA_IDA),LN/MP026/2024-2025/40,Shri Subhas Chandra Bose Pilli (2020-26),05-Feb-2025,317582.0,Andhra Pradesh,115,,Normal/Others,Construction of BT Road from  Kopadi Bandi Mutyala Raju Land to Adabala Narasimha Rao Land at Pallipalem Hamlet of Gudapalli Village Malikipuram Mandal,,172993
Rajya Sabha,Rajya Sabha,2,Andhra Pradesh,3017190,Shri Subhas Chandra Bose Pilli,2020-26,Works Sanctioned,"WS/MP026/2024-2025/176729-Construction of roads, link roads, pathways or any other road with or without drainage system",,,2019708,,Sitting Rajya Sabha,545,True,1,Dr. B.R. Ambedkar Konaseema(DISTRICT COLLECTOR Dr B R AMBEDKAR KONASEEMA_IDA),LN/MP026/2024-2025/41,Shri Subhas Chandra Bose Pilli (2020-26),20-Feb-2025,369783.0,Andhra Pradesh,116,,Normal/Others,"Construction of BT Road from Koppadi Bandi Mutyala Raju Land to Koppadi Bandi Mutyala Raju Land -Bit2 at Pallipalem Hamlet of  Gudapalli Village, Malikipuram",,176729
Rajya Sabha,Rajya Sabha,2,Andhra Pradesh,3017190,Shri Subhas Chandra Bose Pilli,2020-26,Works Sanctioned,"WS/MP026/2025-2026/187703-Construction of roads, link roads, pathways or any other road with or without drainage system",,,2049215,,Sitting Rajya Sabha,545,True,1,Dr. B.R. Ambedkar Konaseema(DISTRICT COLLECTOR Dr B R AMBEDKAR KONASEEMA_IDA),LN/MP026/2024-2025/42,Shri Subhas Chandra Bose Pilli (2020-26),29-Mar-2025,487357.0,Andhra Pradesh,117,,Normal/Others,Providing Gravel Road from Kadiyam Venkateswara Rao Makam to Mudu Kalva Mogga of Thilakuppa Village I Polavaram Mandal,,187703
Rajya Sabha,Rajya Sabha,2,Andhra Pradesh,3017190,Shri Subhas Chandra Bose Pilli,2020-26,Works Sanctioned,"WS/MP026/2025-2026/187704-Construction of roads, link roads, pathways or any other road with or without drainage system",,,2049298,,Sitting Rajya Sabha,545,True,1,Dr. B.R. Ambedkar Konaseema(DISTRICT COLLECTOR Dr B R AMBEDKAR KONASEEMA_IDA),LN/MP026/2024-2025/42,Shri Subhas Chandra Bose Pilli (2020-26),29-Mar-2025,485978.0,Andhra Pradesh,118,,Normal/Others,Providing Gravel Road from Kadiyam Nagababu Makam to Yalla Dorababu Makam of Thilakuppa Village I Polavaram Mandal,,187704
Rajya Sabha,Rajya Sabha,2,Andhra Pradesh,3017190,Shri Subhas Chandra Bose Pilli,2020-26,Works Sanctioned,"WS/MP026/2025-2026/187705-Construction of roads, link roads, pathways or any other road with or without drainage system",,,2049327,,Sitting Rajya Sabha,545,True,1,Dr. B.R. Ambedkar Konaseema(DISTRICT COLLECTOR Dr B R AMBEDKAR KONASEEMA_IDA),LN/MP026/2024-2025/42,Shri Subhas Chandra Bose Pilli (2020-26),29-Mar-2025,487357.0,Andhra Pradesh,119,,Normal/Others,Providing Gravel Road from Gundepudi Rambabu Raju Makam to Kona Anjaneyulu Makam of Thilakuppa Village I Polavaram Mandal,,187705
Rajya Sabha,Rajya Sabha,2,Andhra Pradesh,3017190,Shri Subhas Chandra Bose Pilli,2020-26,Works Sanctioned,WS/MP026/2025-2026/200348-Construction of community centers and community halls,,,2019505,,Sitting Rajya Sabha,545,True,1,Dr. B.R. Ambedkar Konaseema(DISTRICT COLLECTOR Dr B R AMBEDKAR KONASEEMA_IDA),LN/MP026/2025-2026/43,Shri Subhas Chandra Bose Pilli (2020-26),16-May-2025,495030.0,Andhra Pradesh,120,,Normal/Others,"Construction of Ambedkar Statue Shelter at A Agraharam H_o Yanamadala GP of Ramachandrapuram (M), Dr.B.R.Ambekar Konaseema District.",,200348
Rajya Sabha,Rajya Sabha,2,Andhra Pradesh,3017190,Shri Subhas Chandra Bose Pilli,2020-26,Works Sanctioned,WS/MP026/2025-2026/200349-Providing drains and gutters for public drainage,,,1779576,,Sitting Rajya Sabha,545,True,1,Dr. B.R. Ambedkar Konaseema(DISTRICT COLLECTOR Dr B R AMBEDKAR KONASEEMA_IDA),LN/MP026/2025-2026/43,Shri Subhas Chandra Bose Pilli (2020-26),16-May-2025,500000.0,Andhra Pradesh,121,,Normal/Others,"Construction of CC Drain from Mekala Venkata Ramana(H) to Tekumudi Venkata Rao House in Yanamadala (V), Ramachandrapuram (M), Dr.B.R.Ambekar Konaseema District.",,200349
Rajya Sabha,Rajya Sabha,2,Andhra Pradesh,3017190,Shri Subhas Chandra Bose Pilli,2020-26,Works Sanctioned,"WS/MP026/2025-2026/200350-Construction of roads, link roads, pathways or any other road with or without drainage system",,,1833717,,Sitting Rajya Sabha,545,True,1,Dr. B.R. Ambedkar Konaseema(DISTRICT COLLECTOR Dr B R AMBEDKAR KONASEEMA_IDA),LN/MP026/2025-2026/43,Shri Subhas Chandra Bose Pilli (2020-26),16-May-2025,248765.0,Andhra Pradesh,122,,Normal/Others,"Formation of C.C Road from Pandiri Anasuya House to Battula Subrahmanyam House in Malapadu (V) , of Ramachandrapuram (M), Dr.B.R.Ambekar Konaseema District.",,200350
Rajya Sabha,Rajya Sabha,2,Andhra Pradesh,3017190,Shri Subhas Chandra Bose Pilli,2020-26,Works Sanctioned,WS/MP026/2025-2026/200351-Providing drains and gutters for public drainage,,,1780913,,Sitting Rajya Sabha,545,True,1,Dr. B.R. Ambedkar Konaseema(DISTRICT COLLECTOR Dr B R AMBEDKAR KONASEEMA_IDA),LN/MP026/2025-2026/43,Shri Subhas Chandra Bose Pilli (2020-26),16-May-2025,500000.0,Andhra Pradesh,123,,Normal/Others,"Construction of C.C. Drain from Polinati Nagayya House to Nunna Tatamma House in Malapadu (V), of Ramachandrapuram (M), Dr.B.R.Ambekar Konaseema District.",,200351
Rajya Sabha,Rajya Sabha,2,Andhra Pradesh,3017190,Shri Subhas Chandra Bose Pilli,2020-26,Works Sanctioned,WS/MP026/2025-2026/200352-Providing drains and gutters for public drainage,,,1780952,,Sitting Rajya Sabha,545,True,1,Dr. B.R. Ambedkar Konaseema(DISTRICT COLLECTOR Dr B R AMBEDKAR KONASEEMA_IDA),LN/MP026/2025-2026/43,Shri Subhas Chandra Bose Pilli (2020-26),16-May-2025,500000.0,Andhra Pradesh,124,,Normal/Others,"Construction of C C Drain from Pandiri Anasuya(H) to Bommattula Chittiyya House in Malapadu (V), of Ramachandrapuram (M), Dr.B.R.Ambekar Konaseema District.",,200352
Rajya Sabha,Rajya Sabha,2,Andhra Pradesh,3017190,Shri Subhas Chandra Bose Pilli,2020-26,Works Sanctioned,WS/MP026/2025-2026/200353-Providing drains and gutters for public drainage,,,1827515,,Sitting Rajya Sabha,545,True,1,Dr. B.R. Ambedkar Konaseema(DISTRICT COLLECTOR Dr B R AMBEDKAR KONASEEMA_IDA),LN/MP026/2025-2026/43,Shri Subhas Chandra Bose Pilli (2020-26),16-May-2025,500000.0,Andhra Pradesh,125,,Normal/Others,"Construction of C.C.Drain in B.C General Locality from Anusuri Satyanarayana House to Pilli Tatabbai House at  Hasanbada(V),  Ramachandrapuram (M), Dr.B.R.Ambedkar Konaseema District.",,200353
Rajya Sabha,Rajya Sabha,2,Andhra Pradesh,3017190,Shri Subhas Chandra Bose Pilli,2020-26,Works Sanctioned,WS/MP026/2025-2026/200354-Providing drains and gutters for public drainage,,,1827546,,Sitting Rajya Sabha,545,True,1,Dr. B.R. Ambedkar Konaseema(DISTRICT COLLECTOR Dr B R AMBEDKAR KONASEEMA_IDA),LN/MP026/2025-2026/43,Shri Subhas Chandra Bose Pilli (2020-26),16-May-2025,500000.0,Andhra Pradesh,126,,Normal/Others,"Construction of C.C.Drain in B.C  Locality from  Pilli Tatabbai House to Guttula Sriramulu House at  Hasanbada(V),Ramachandrapuram (M),Dr.B.R.Ambedkar Konaseema District.",,200354
Rajya Sabha,Rajya Sabha,2,Andhra Pradesh,3017190,Shri Subhas Chandra Bose Pilli,2020-26,Works Sanctioned,WS/MP026/2025-2026/200355-Providing drains and gutters for public drainage,,,,,Sitting Rajya Sabha,545,,1,Dr. B.R. Ambedkar Konaseema(DISTRICT COLLECTOR Dr B R AMBEDKAR KONASEEMA_IDA),LN/MP026/2025-2026/43,Shri Subhas Chandra Bose Pilli (2020-26),16-May-2025,500000.0,Andhra Pradesh,127,,Normal/Others,"Construction of C.C.Drain in B.C Localality from Guttula Sriramulu House  to Ketha Sathibabu House at  Hasanbada(V), Ramachandrapuram (M), Dr.B.R.Ambedkar Konaseema District.",,200355
Rajya Sabha,Rajya Sabha,2,Andhra Pradesh,3017190,Shri Subhas Chandra Bose Pilli,2020-26,Works Sanctioned,"WS/MP026/2025-2026/200357-Construction of roads, link roads, pathways or any other road with or without drainage system",,,1733062,,Sitting Rajya Sabha,545,True,1,Dr. B.R. Ambedkar Konaseema(DISTRICT COLLECTOR Dr B R AMBEDKAR KONASEEMA_IDA),LN/MP026/2025-2026/43,Shri Subhas Chandra Bose Pilli (2020-26),16-May-2025,499983.0,Andhra Pradesh,128,,Normal/Others,"Construction of CC Road from Vasamsetti Siva House to Vasamsetti Krishna House at Yaarpothavaram Main(V) , K.Gangavaram (M), Dr.B.R.Ambedkar Konaseema District..",,200357
Rajya Sabha,Rajya Sabha,2,Andhra Pradesh,3017190,Shri Subhas Chandra Bose Pilli,2020-26,Works Sanctioned,"WS/MP026/2025-2026/200358-Construction of roads, link roads, pathways or any other road with or without drainage system",,,1733159,,Sitting Rajya Sabha,545,True,1,Dr. B.R. Ambedkar Konaseema(DISTRICT COLLECTOR Dr B R AMBEDKAR KONASEEMA_IDA),LN/MP026/2025-2026/43,Shri Subhas Chandra Bose Pilli (2020-26),16-May-2025,499517.0,Andhra Pradesh,129,,Normal/Others,"Construction of CC Road from Pilli Satyanarayana House to Rayudu Bhusayya House at Pampana vari palem Colony, Yaarpothavaram (V) , K.Gangavaram (M), Dr.B.R.Ambedkar Konaseema District..",,200358
Rajya Sabha,Rajya Sabha,2,Andhra Pradesh,3017190,Shri Subhas Chandra Bose Pilli,2020-26,Works Sanctioned,"WS/MP026/2025-2026/200359-Construction of roads, link roads, pathways or any other road with or without drainage system",,,1870272,,Sitting Rajya Sabha,545,True,1,Dr. B.R. Ambedkar Konaseema(DISTRICT COLLECTOR Dr B R AMBEDKAR KONASEEMA_IDA),LN/MP026/2025-2026/43,Shri Subhas Chandra Bose Pilli (2020-26),16-May-2025,484176.0,Andhra Pradesh,130,,Normal/Others,"Construction of a CC road  from Gudigalla Bhaga R and B Road to Dontamsetti Naga Malleswara Rao Site at Sivala (V), K. Gangavaram (M), Dr. B.R. Ambedkar Konaseema District..",,200359
Rajya Sabha,Rajya Sabha,2,Andhra Pradesh,3017190,Shri Subhas Chandra Bose Pilli,2020-26,Works Sanctioned,"WS/MP026/2025-2026/200360-Construction of roads, link roads, pathways or any other road with or without drainage system",,,1870316,,Sitting Rajya Sabha,545,True,1,Dr. B.R. Ambedkar Konaseema(DISTRICT COLLECTOR Dr B R AMBEDKAR KONASEEMA_IDA),LN/MP026/2025-2026/43,Shri Subhas Chandra Bose Pilli (2020-26),16-May-2025,484573.0,Andhra Pradesh,131,,Normal/Others,"Construction of a CC Road from Dontamsetti Naga Malleswara Rao Site to Donthamsetti Nagamalleswara Rao Site at Sivala (V), K. Gangavaram (M), Dr. B.R. Ambedkar Konaseema District..(BIT-1)",,200360
Rajya Sabha,Rajya Sabha,2,Andhra Pradesh,3017190,Shri Subhas Chandra Bose Pilli,2020-26,Works Sanctioned,"WS/MP026/2025-2026/200361-Construction of roads, link roads, pathways or any other road with or without drainage system",,,1870346,,Sitting Rajya Sabha,545,True,1,Dr. B.R. Ambedkar Konaseema(DISTRICT COLLECTOR Dr B R AMBEDKAR KONASEEMA_IDA),LN/MP026/2025-2026/43,Shri Subhas Chandra Bose Pilli (2020-26),16-May-2025,485784.0,Andhra Pradesh,132,,Normal/Others,"Construction of a CC road from Dontamsetti Naga Malleswara Rao Site to Main Burial Ground at Sivala (V), K. Gangavaram (M), Dr. B.R. Ambedkar Konaseema District. (BIT-2)",,200361
Rajya Sabha,Rajya Sabha,2,Andhra Pradesh,3017190,Shri Subhas Chandra Bose Pilli,2020-26,Works Sanctioned,WS/MP026/2025-2026/200362-Construction of buildings for community cultural activities,,,1893601,,Sitting Rajya Sabha,545,True,1,Dr. B.R. Ambedkar Konaseema(DISTRICT COLLECTOR Dr B R AMBEDKAR KONASEEMA_IDA),LN/MP026/2025-2026/43,Shri Subhas Chandra Bose Pilli (2020-26),16-May-2025,493019.0,Andhra Pradesh,133,,Normal/Others,"Construction of Multipurpose Hall at BC Area of Bhatlapalika(V) of K.Gangavaram (M), Dr.B.R.Ambedkar Konaseema District",,200362
Rajya Sabha,Rajya Sabha,2,Andhra Pradesh,3017190,Shri Subhas Chandra Bose Pilli,2020-26,Works Sanctioned,WS/MP026/2025-2026/200363-Construction of boundary walls of existing public and community buildings,,,,,Sitting Rajya Sabha,545,,1,Dr. B.R. Ambedkar Konaseema(DISTRICT COLLECTOR Dr B R AMBEDKAR KONASEEMA_IDA),LN/MP026/2025-2026/43,Shri Subhas Chandra Bose Pilli (2020-26),16-May-2025,500000.0,Andhra Pradesh,134,,Normal/Others,"Construction of Compound wall to Multipurpose hall at BC Area of Bhatlapalika(V) of K.Gangavaram(M), Dr.B.R.Ambedkar Konaseema District",,200363
Rajya Sabha,Rajya Sabha,2,Andhra Pradesh,3017190,Shri Subhas Chandra Bose Pilli,2020-26,Works Sanctioned,WS/MP026/2025-2026/200364-Crematoriums/energy efficient crematoriums or structures on burial/cremation ground,,,,,Sitting Rajya Sabha,545,,1,Dr. B.R. Ambedkar Konaseema(DISTRICT COLLECTOR Dr B R AMBEDKAR KONASEEMA_IDA),LN/MP026/2025-2026/43,Shri Subhas Chandra Bose Pilli (2020-26),16-May-2025,2000000.0,Andhra Pradesh,135,,Normal/Others,"Development and Construction of Burial Ground in BC Locality at Thotapeta (V), Ramachandrapuram (M), Dr.B.R.Ambedkar Konaseema District.",,200364
Rajya Sabha,Rajya Sabha,2,Andhra Pradesh,3017190,Shri Subhas Chandra Bose Pilli,2020-26,Works Sanctioned,WS/MP026/2025-2026/200365-Construction of buildings for community cultural activities,,,2007205,,Sitting Rajya Sabha,545,True,1,Dr. B.R. Ambedkar Konaseema(DISTRICT COLLECTOR Dr B R AMBEDKAR KONASEEMA_IDA),LN/MP026/2025-2026/43,Shri Subhas Chandra Bose Pilli (2020-26),16-May-2025,840750.0,Andhra Pradesh,136,,Normal/Others,"Construction of Multipurpose Activities Centre in OC Localality at Thotapeta (V), Ramachandrapuram (M), Dr.B.R.Ambedkar Konaseema District.",,200365
Rajya Sabha,Rajya Sabha,2,Andhra Pradesh,3017190,Shri Subhas Chandra Bose Pilli,2020-26,Works Sanctioned,WS/MP026/2025-2026/200366-Providing drains and gutters for public drainage,,,,,Sitting Rajya Sabha,545,,1,Dr. B.R. Ambedkar Konaseema(DISTRICT COLLECTOR Dr B R AMBEDKAR KONASEEMA_IDA),LN/MP026/2025-2026/43,Shri Subhas Chandra Bose Pilli (2020-26),16-May-2025,1500000.0,Andhra Pradesh,137,,Normal/Others,"Construction of CC Drain at Bapanaya Cheruvu (V), Ramachandrapuram (M), Dr.B.R.Ambedkar Konaseema Dist",,200366
Rajya Sabha,Rajya Sabha,2,Andhra Pradesh,3017190,Shri Subhas Chandra Bose Pilli,2020-26,Works Sanctioned,WS/MP026/2025-2026/200367-Construction of buildings for community cultural activities,,,,,Sitting Rajya Sabha,545,,1,Dr. B.R. Ambedkar Konaseema(DISTRICT COLLECTOR Dr B R AMBEDKAR KONASEEMA_IDA),LN/MP026/2025-2026/43,Shri Subhas Chandra Bose Pilli (2020-26),16-May-2025,1500000.0,Andhra Pradesh,138,,Normal/Others,"Construction of Multi Puropse Hall in BC Locality at Mummidivaram (V), Dr.B.R.Ambedkar Konaseema District.",,200367
Rajya Sabha,Rajya Sabha,2,Andhra Pradesh,3017190,Shri Subhas Chandra Bose Pilli,2020-26,Works Sanctioned,WS/MP026/2025-2026/200368-Providing drains and gutters for public drainage,,,2065896,,Sitting Rajya Sabha,545,True,1,Dr. B.R. Ambedkar Konaseema(DISTRICT COLLECTOR Dr B R AMBEDKAR KONASEEMA_IDA),LN/MP026/2025-2026/43,Shri Subhas Chandra Bose Pilli (2020-26),16-May-2025,500000.0,Andhra Pradesh,139,,Normal/Others,"Construction of CC Drain from Biyyampeta Ramalayam to Pedagadi Veera Brahmam house at Biyyampeta, Draksharam (V), Ramachandrapuram (M), Dr.B.R.Ambedkar Konaseema District.",,200368
Rajya Sabha,Rajya Sabha,2,Andhra Pradesh,3017190,Shri Subhas Chandra Bose Pilli,2020-26,Works Sanctioned,WS/MP026/2025-2026/200369-Providing drains and gutters for public drainage,,,2065923,,Sitting Rajya Sabha,545,True,1,Dr. B.R. Ambedkar Konaseema(DISTRICT COLLECTOR Dr B R AMBEDKAR KONASEEMA_IDA),LN/MP026/2025-2026/43,Shri Subhas Chandra Bose Pilli (2020-26),16-May-2025,500000.0,Andhra Pradesh,140,,Normal/Others,"Construction of CC Drain from Pennada Rama Tulasi House toTeeparthi Rama Krishna House near Masjid site at Biyyampeta, Draksharam (V), Ramachandrapuram (M), Dr.B.R.Ambedkar Konaseema District.",,200369
Rajya Sabha,Rajya Sabha,2,Andhra Pradesh,3017190,Shri Subhas Chandra Bose Pilli,2020-26,Works Sanctioned,"WS/MP026/2025-2026/200372-Construction of roads, link roads, pathways or any other road with or without drainage system",,,1733262,,Sitting Rajya Sabha,545,True,1,Dr. B.R. Ambedkar Konaseema(DISTRICT COLLECTOR Dr B R AMBEDKAR KONASEEMA_IDA),LN/MP026/2025-2026/43,Shri Subhas Chandra Bose Pilli (2020-26),16-May-2025,499650.0,Andhra Pradesh,141,,Normal/Others,"Construction of WBM Road from Dangeru Teki Drain Bridge to Polisetti Raja Site at Dangeru (V), K.Gangavaram (M), Dr.B.R.Ambedkar Konaseema District.",,200372
Rajya Sabha,Rajya Sabha,2,Andhra Pradesh,3017190,Shri Subhas Chandra Bose Pilli,2020-26,Works Sanctioned,"WS/MP026/2025-2026/200373-Construction of roads, link roads, pathways or any other road with or without drainage system",,,1733301,,Sitting Rajya Sabha,545,True,1,Dr. B.R. Ambedkar Konaseema(DISTRICT COLLECTOR Dr B R AMBEDKAR KONASEEMA_IDA),LN/MP026/2025-2026/43,Shri Subhas Chandra Bose Pilli (2020-26),16-May-2025,499330.0,Andhra Pradesh,142,,Normal/Others,"Construction of WBM Road from Polisetti Raja Site to Velampalepu Veeraraju site at Dangeru (V), K.Gangavaram (M), Dr.B.R.Ambedkar Konaseema District.",,200373
Rajya Sabha,Rajya Sabha,2,Andhra Pradesh,3017190,Shri Subhas Chandra Bose Pilli,2020-26,Works Sanctioned,"WS/MP026/2025-2026/200374-Construction of roads, link roads, pathways or any other road with or without drainage system",,,1733482,,Sitting Rajya Sabha,545,True,1,Dr. B.R. Ambedkar Konaseema(DISTRICT COLLECTOR Dr B R AMBEDKAR KONASEEMA_IDA),LN/MP026/2025-2026/43,Shri Subhas Chandra Bose Pilli (2020-26),16-May-2025,499057.0,Andhra Pradesh,143,,Normal/Others,"Construction of WBM Road from   Velampalepu Veeraraju site to Srinivasa Colony at Dangeru (V), K.Gangavaram (M), Dr.B.R.Ambedkar Konaseema District.",,200374
Rajya Sabha,Rajya Sabha,2,Andhra Pradesh,3017190,Shri Subhas Chandra Bose Pilli,2020-26,Works Sanctioned,"WS/MP026/2025-2026/200375-Construction of roads, link roads, pathways or any other road with or without drainage system",,,1733453,,Sitting Rajya Sabha,545,True,1,Dr. B.R. Ambedkar Konaseema(DISTRICT COLLECTOR Dr B R AMBEDKAR KONASEEMA_IDA),LN/MP026/2025-2026/43,Shri Subhas Chandra Bose Pilli (2020-26),16-May-2025,249639.0,Andhra Pradesh,144,,Normal/Others,"Construction of CC Road from Angadi Sathibabu House to Racha Yedukondalu House at Vasalarevu , Hamlet of  Danageru (V), K.Gangavaram (M), Dr.B.R.Ambedkar Konaseema District.",,200375
Rajya Sabha,Rajya Sabha,2,Andhra Pradesh,3017190,Shri Subhas Chandra Bose Pilli,2020-26,Works Sanctioned,"WS/MP026/2025-2026/200376-Construction of roads, link roads, pathways or any other road with or without drainage system",,,1733521,,Sitting Rajya Sabha,545,True,1,Dr. B.R. Ambedkar Konaseema(DISTRICT COLLECTOR Dr B R AMBEDKAR KONASEEMA_IDA),LN/MP026/2025-2026/43,Shri Subhas Chandra Bose Pilli (2020-26),16-May-2025,249590.0,Andhra Pradesh,145,,Normal/Others,"Constructoin of CC Road from Balasadi Lakshmanarao House to Balasadi Srinu House at Vasalarevu , Hamlet of Danageru(V), K.Gangavaram (M), Dr.B.R.Ambedkar Konaseema District.",,200376
Rajya Sabha,Rajya Sabha,2,Andhra Pradesh,3017190,Shri Subhas Chandra Bose Pilli,2020-26,Works Sanctioned,WS/MP026/2025-2026/200382-Construction of buildings for community cultural activities,,,,,Sitting Rajya Sabha,545,,1,Dr. B.R. Ambedkar Konaseema(DISTRICT COLLECTOR Dr B R AMBEDKAR KONASEEMA_IDA),LN/MP026/2025-2026/43,Shri Subhas Chandra Bose Pilli (2020-26),16-May-2025,2000000.0,Andhra Pradesh,146,,Normal/Others,"Construction of Multipurpose Hall at BC Area Main Road, Venkatayapalem (V), Ramachandrapuram (M), Dr.B.R.Ambedkar Konaseema District",,200382
Rajya Sabha,Rajya Sabha,2,Andhra Pradesh,3017190,Shri Subhas Chandra Bose Pilli,2020-26,Works Sanctioned,"WS/MP026/2025-2026/200385-Construction of roads, link roads, pathways or any other road with or without drainage system",,,1893446,,Sitting Rajya Sabha,545,True,1,Dr. B.R. Ambedkar Konaseema(DISTRICT COLLECTOR Dr B R AMBEDKAR KONASEEMA_IDA),LN/MP026/2025-2026/43,Shri Subhas Chandra Bose Pilli (2020-26),16-May-2025,488201.0,Andhra Pradesh,147,,Normal/Others,"Construction of CC Road at Kota vari Street at Balantram (V), K.Gangavaram (M), DR.B.R.Ambedkar Konaseema District.",,200385
Rajya Sabha,Rajya Sabha,2,Andhra Pradesh,3017190,Shri Subhas Chandra Bose Pilli,2020-26,Works Sanctioned,"WS/MP026/2025-2026/200386-Construction of roads, link roads, pathways or any other road with or without drainage system",,,1870411,,Sitting Rajya Sabha,545,True,1,Dr. B.R. Ambedkar Konaseema(DISTRICT COLLECTOR Dr B R AMBEDKAR KONASEEMA_IDA),LN/MP026/2025-2026/43,Shri Subhas Chandra Bose Pilli (2020-26),16-May-2025,487516.0,Andhra Pradesh,148,,Normal/Others,"Construction of CC Road from Nukalamma temple to Kudupudi Nageswara Rao House in Kundalama Cheruvu (V), Hamlet e of  Vegayammapeta (V), Ramachandrapuram Mandal,Dr.B.R.Ambedkar Konaseema District.",,200386
Rajya Sabha,Rajya Sabha,2,Andhra Pradesh,3017190,Shri Subhas Chandra Bose Pilli,2020-26,Works Sanctioned,"WS/MP026/2025-2026/200387-Construction of roads, link roads, pathways or any other road with or without drainage system",,,1870437,,Sitting Rajya Sabha,545,True,1,Dr. B.R. Ambedkar Konaseema(DISTRICT COLLECTOR Dr B R AMBEDKAR KONASEEMA_IDA),LN/MP026/2025-2026/43,Shri Subhas Chandra Bose Pilli (2020-26),16-May-2025,487290.0,Andhra Pradesh,149,,Normal/Others,"Construction of CC Road from Nukalamma temple to MPP School in Kundalama Cheruvu (V), Hamlet of  Vegayammapeta, Ramachandrapuram Mandal,Dr.B.R.Ambedkar Konaseema District.",,200387
Rajya Sabha,Rajya Sabha,2,Andhra Pradesh,3017190,Shri Subhas Chandra Bose Pilli,2020-26,Works Sanctioned,WS/MP026/2025-2026/200388-Construction of community centers and community halls,,,,,Sitting Rajya Sabha,545,,1,Dr. B.R. Ambedkar Konaseema(DISTRICT COLLECTOR Dr B R AMBEDKAR KONASEEMA_IDA),LN/MP026/2025-2026/43,Shri Subhas Chandra Bose Pilli (2020-26),16-May-2025,1500000.0,Andhra Pradesh,150,,Normal/Others,"Construction of Community Hall at Chimaladibba, Hamlet of  Venkatayapalem (V), Ramachandrapuram (M), Dr.B.R.Ambedkar Konaseema District.",,200388
Rajya Sabha,Rajya Sabha,2,Andhra Pradesh,3017190,Shri Subhas Chandra Bose Pilli,2020-26,Works Sanctioned,WS/MP026/2025-2026/200389-Construction of buildings for community cultural activities,,,,,Sitting Rajya Sabha,545,,1,Dr. B.R. Ambedkar Konaseema(DISTRICT COLLECTOR Dr B R AMBEDKAR KONASEEMA_IDA),LN/MP026/2025-2026/43,Shri Subhas Chandra Bose Pilli (2020-26),16-May-2025,2000000.0,Andhra Pradesh,151,,Normal/Others,"Construction of Multipurpose Activities Centre at Annaipeta (V) Ramachandrapuram (M), Dr.B.R.Ambedkar Konaseema District.",,200389
Rajya Sabha,Rajya Sabha,2,Andhra Pradesh,3017190,Shri Subhas Chandra Bose Pilli,2020-26,Works Sanctioned,"WS/MP026/2025-2026/200390-Construction of roads, link roads, pathways or any other road with or without drainage system",,,1893491,,Sitting Rajya Sabha,545,True,1,Dr. B.R. Ambedkar Konaseema(DISTRICT COLLECTOR Dr B R AMBEDKAR KONASEEMA_IDA),LN/MP026/2025-2026/43,Shri Subhas Chandra Bose Pilli (2020-26),16-May-2025,486500.0,Andhra Pradesh,152,,Normal/Others,"Constructon of CC Road from Chitturi Rajeswari house to Dumping Yard at Tallapodu, Hamlet of Pekeru (v) K.Gangavaram (M), Dr.B.R.Ambedkar Konaseema District.",,200390
Rajya Sabha,Rajya Sabha,2,Andhra Pradesh,3017190,Shri Subhas Chandra Bose Pilli,2020-26,Works Sanctioned,WS/MP026/2025-2026/200391-Providing CCTV camera system for security of public areas,,,1748931,,Sitting Rajya Sabha,545,True,1,Dr. B.R. Ambedkar Konaseema(DISTRICT COLLECTOR Dr B R AMBEDKAR KONASEEMA_IDA),LN/MP026/2025-2026/43,Shri Subhas Chandra Bose Pilli (2020-26),16-May-2025,1000000.0,Andhra Pradesh,153,,Normal/Others,"Providing CC Cameras in Ramachandrapuram Muncipality, Ramachandrapuram (M), Dr.B.R.Ambedkar Konaseema District.",,200391
Rajya Sabha,Rajya Sabha,2,Andhra Pradesh,3017190,Shri Subhas Chandra Bose Pilli,2020-26,Works Sanctioned,"WS/MP026/2025-2026/201985-Construction of roads, link roads, pathways or any other road with or without drainage system",,,,,Sitting Rajya Sabha,545,,1,Kakinada(DISTRICT COLLECTOR KAKINADA_IDA),LN/MP026/2025-2026/44,Shri Subhas Chandra Bose Pilli (2020-26),21-May-2025,500000.0,Andhra Pradesh,154,,Normal/Others,"Formation of a CC road from Rayudu Musalayya House to Jagananna Colony at Rachabanda colony, Dugguduru (V), Kajuluru (M), Kakinada District..",,201985
Rajya Sabha,Rajya Sabha,2,Andhra Pradesh,3017190,Shri Subhas Chandra Bose Pilli,2020-26,Works Sanctioned,"WS/MP026/2025-2026/201986-Construction of roads, link roads, pathways or any other road with or without drainage system",,,,,Sitting Rajya Sabha,545,,1,Kakinada(DISTRICT COLLECTOR KAKINADA_IDA),LN/MP026/2025-2026/44,Shri Subhas Chandra Bose Pilli (2020-26),21-May-2025,500000.0,Andhra Pradesh,155,,Normal/Others,"Formation of a CC Road from  Main Road to Remella Mohana Rao Site at Rachabanda colony,Dugguduru (V), Kajuluru (M), Kakinada District..",,201986
Rajya Sabha,Rajya Sabha,2,Andhra Pradesh,3017190,Shri Subhas Chandra Bose Pilli,2020-26,Works Sanctioned,"WS/MP026/2025-2026/201987-Construction of roads, link roads, pathways or any other road with or without drainage system",,,,,Sitting Rajya Sabha,545,,1,Kakinada(DISTRICT COLLECTOR KAKINADA_IDA),LN/MP026/2025-2026/44,Shri Subhas Chandra Bose Pilli (2020-26),21-May-2025,500000.0,Andhra Pradesh,156,,Normal/Others,"Formation of a CC Road from Remella Mohanarao Site to Remella Bose babu site at Rachabanda colony,Dugguduru (V), Kajuluru (M), Kakinada District..",,201987
Rajya Sabha,Rajya Sabha,2,Andhra Pradesh,3017190,Shri Subhas Chandra Bose Pilli,2020-26,Works Sanctioned,WS/MP026/2025-2026/201988-Crematoriums/energy efficient crematoriums or structures on burial/cremation ground,,,,,Sitting Rajya Sabha,545,,1,Kakinada(DISTRICT COLLECTOR KAKINADA_IDA),LN/MP026/2025-2026/44,Shri Subhas Chandra Bose Pilli (2020-26),21-May-2025,2000000.0,Andhra Pradesh,157,,Normal/Others,"Construction  of  Shed and Burning Cots in Burial Ground at Pallipalem (V) Kajuluru(M),Kakinada District.",,201988
Rajya Sabha,Rajya Sabha,2,Andhra Pradesh,3017190,Shri Subhas Chandra Bose Pilli,2020-26,Works Sanctioned,WS/MP026/2025-2026/201989-Installation of fixed garden gym equipment,,,1835853,,Sitting Rajya Sabha,545,True,1,Kakinada(DISTRICT COLLECTOR KAKINADA_IDA),LN/MP026/2025-2026/44,Shri Subhas Chandra Bose Pilli (2020-26),21-May-2025,500000.0,Andhra Pradesh,158,,Normal/Others,"Providing Zym Equipment and Amenities in Badminton Indoor Stadium, DSA, Kakinada, Kakinada District..",,201989
Rajya Sabha,Rajya Sabha,2,Andhra Pradesh,3017190,Shri Subhas Chandra Bose Pilli,2020-26,Works Sanctioned,WS/MP026/2025-2026/201992-Providing drains and gutters for public drainage,,,,,Sitting Rajya Sabha,545,,1,Kakinada(DISTRICT COLLECTOR KAKINADA_IDA),LN/MP026/2025-2026/44,Shri Subhas Chandra Bose Pilli (2020-26),21-May-2025,500000.0,Andhra Pradesh,159,,Normal/Others,"Construction of CC Drain  from Vasamsetti Naga Ratnam House to  Main Drain(masjid)at SC Locality Cheduwada (v) , Kajuluru (M),Kakinada District",,201992
Rajya Sabha,Rajya Sabha,2,Andhra Pradesh,3017190,Shri Subhas Chandra Bose Pilli,2020-26,Works Sanctioned,WS/MP026/2025-2026/201993-Providing drains and gutters for public drainage,,,2070926,,Sitting Rajya Sabha,545,True,1,Kakinada(DISTRICT COLLECTOR KAKINADA_IDA),LN/MP026/2025-2026/44,Shri Subhas Chandra Bose Pilli (2020-26),21-May-2025,498157.0,Andhra Pradesh,160,,Normal/Others,"Construction of CC Drain from Sagi venkata Subbaraju (H) to Pakalapati Jayaraju (H)  in Pillanka(V), Tallarevu(M), Kakinada District.",,201993
Rajya Sabha,Rajya Sabha,2,Andhra Pradesh,3017190,Shri Subhas Chandra Bose Pilli,2020-26,Works Sanctioned,WS/MP026/2025-2026/201994-Providing drains and gutters for public drainage,,,2070857,,Sitting Rajya Sabha,545,True,1,Kakinada(DISTRICT COLLECTOR KAKINADA_IDA),LN/MP026/2025-2026/44,Shri Subhas Chandra Bose Pilli (2020-26),21-May-2025,756833.0,Andhra Pradesh,161,,Normal/Others,"Construction of CC Drain from Sagi Minor Raju (H) to Chodaraju Padmavathi (H) in Pillanka(V), Tallarevu(M), Kakinada District.",,201994
Rajya Sabha,Rajya Sabha,2,Andhra Pradesh,3017190,Shri Subhas Chandra Bose Pilli,2020-26,Works Sanctioned,WS/MP026/2025-2026/201995-Providing drains and gutters for public drainage,,,2070348,,Sitting Rajya Sabha,545,True,1,Kakinada(DISTRICT COLLECTOR KAKINADA_IDA),LN/MP026/2025-2026/44,Shri Subhas Chandra Bose Pilli (2020-26),21-May-2025,398900.0,Andhra Pradesh,162,,Normal/Others,"Construction of CC drain from Katta ramudu (H) to Veluri Venkata Kameswarao (H), in Pillanka(V), Tallarevu(M), Kakinada District.",,201995
Rajya Sabha,Rajya Sabha,2,Andhra Pradesh,3017190,Shri Subhas Chandra Bose Pilli,2020-26,Works Sanctioned,WS/MP026/2025-2026/202399-Construction of additional rooms and halls in the existing public and community building,,,1893773,,Sitting Rajya Sabha,545,True,1,Dr. B.R. Ambedkar Konaseema(DISTRICT COLLECTOR Dr B R AMBEDKAR KONASEEMA_IDA),LN/MP026/2025-2026/45,Shri Subhas Chandra Bose Pilli (2020-26),22-May-2025,492070.0,Andhra Pradesh,163,,Normal/Others,Construction of Additional Room to Multipurpose Hall in BC Area of Patha Bhatlapalika Village of K.Gangavaram Mandal,,202399
Rajya Sabha,Rajya Sabha,2,Andhra Pradesh,3017190,Shri Subhas Chandra Bose Pilli,2020-26,Works Sanctioned,WS/MP026/2025-2026/202400-Crematoriums/energy efficient crematoriums or structures on burial/cremation ground,,,,,Sitting Rajya Sabha,545,,1,Dr. B.R. Ambedkar Konaseema(DISTRICT COLLECTOR Dr B R AMBEDKAR KONASEEMA_IDA),LN/MP026/2025-2026/45,Shri Subhas Chandra Bose Pilli (2020-26),22-May-2025,1500000.0,Andhra Pradesh,164,,Normal/Others,"Construction and Levelling to Burial Ground at Nuuna Vari Steet, Draksharam (V), Ramachandrapuram (M), Dr.B.R.Ambedkar Konaseema District.",,202400
Rajya Sabha,Rajya Sabha,2,Andhra Pradesh,3017190,Shri Subhas Chandra Bose Pilli,2020-26,Works Sanctioned,WS/MP026/2025-2026/202401-Construction of additional rooms and halls in the existing public and community building,,,2049444,,Sitting Rajya Sabha,545,True,1,Dr. B.R. Ambedkar Konaseema(DISTRICT COLLECTOR Dr B R AMBEDKAR KONASEEMA_IDA),LN/MP026/2025-2026/45,Shri Subhas Chandra Bose Pilli (2020-26),22-May-2025,498612.0,Andhra Pradesh,165,,Normal/Others,"Construction of Additional Room to Multipurpose Activities Center (General) in  Satyawada (V), K.Gangavaram (M), Dr.B.R.Ambedkar Konaseema District.",,202401
Rajya Sabha,Rajya Sabha,2,Andhra Pradesh,3017190,Shri Subhas Chandra Bose Pilli,2020-26,Works Sanctioned,WS/MP026/2025-2026/202403-Construction of additional rooms and halls in the existing public and community building,,,2172207,,Sitting Rajya Sabha,545,True,1,Dr. B.R. Ambedkar Konaseema(DISTRICT COLLECTOR Dr B R AMBEDKAR KONASEEMA_IDA),LN/MP026/2025-2026/45,Shri Subhas Chandra Bose Pilli (2020-26),22-May-2025,500000.0,Andhra Pradesh,166,,Normal/Others,"Construction of Additional Room to Multipurpose Activities Center in Vellam pampu locality of Venkatayapalem (V), Ramachandrapuram (M), Dr.B.R.Ambedkar Konaseema District..",,202403
Rajya Sabha,Rajya Sabha,2,Andhra Pradesh,3017190,Shri Subhas Chandra Bose Pilli,2020-26,Works Sanctioned,WS/MP026/2025-2026/202404-Construction of additional rooms and halls in the existing public and community building,,,2154400,,Sitting Rajya Sabha,545,True,1,Dr. B.R. Ambedkar Konaseema(DISTRICT COLLECTOR Dr B R AMBEDKAR KONASEEMA_IDA),LN/MP026/2025-2026/45,Shri Subhas Chandra Bose Pilli (2020-26),22-May-2025,1500000.0,Andhra Pradesh,167,,Normal/Others,"Construction of Additional Room in  Arya Vysya Kalyana Mandapam at Chodavaram (V), Ramachandrapuram (M), Dr.B.R.Ambedkar Konaseema District.",,202404
Rajya Sabha,Rajya Sabha,2,Andhra Pradesh,3017190,Shri Subhas Chandra Bose Pilli,2020-26,Works Sanctioned,WS/MP026/2025-2026/202405-Construction of additional rooms and halls in the existing public and community building,,,2154443,,Sitting Rajya Sabha,545,True,1,Dr. B.R. Ambedkar Konaseema(DISTRICT COLLECTOR Dr B R AMBEDKAR KONASEEMA_IDA),LN/MP026/2025-2026/45,Shri Subhas Chandra Bose Pilli (2020-26),22-May-2025,500000.0,Andhra Pradesh,168,,Normal/Others,"Construction of Additional Room to Multi purpose Hall in SC (Madiga) locality at Hasanbada, Ramachandrapuram (M), DrB.R.Ambedkar Konaseema District.",,202405
Rajya Sabha,Rajya Sabha,2,Andhra Pradesh,3017190,Shri Subhas Chandra Bose Pilli,2020-26,Works Sanctioned,WS/MP026/2025-2026/202407-Construction of additional rooms and halls in the existing public and community building,,,1833677,,Sitting Rajya Sabha,545,True,1,Dr. B.R. Ambedkar Konaseema(DISTRICT COLLECTOR Dr B R AMBEDKAR KONASEEMA_IDA),LN/MP026/2025-2026/45,Shri Subhas Chandra Bose Pilli (2020-26),22-May-2025,500000.0,Andhra Pradesh,169,,Normal/Others,"Construction of Additional Room to Multi purpose Community Hall at Rajaka Community in Palivela(V) Kothapeta Mandal,Dr.B.R.Ambedkar Konaseema District.",,202407
Rajya Sabha,Rajya Sabha,2,Andhra Pradesh,3017190,Shri Subhas Chandra Bose Pilli,2020-26,Works Sanctioned,WS/MP026/2025-2026/202408-Construction of community centers and community halls,,,2172222,,Sitting Rajya Sabha,545,True,1,Dr. B.R. Ambedkar Konaseema(DISTRICT COLLECTOR Dr B R AMBEDKAR KONASEEMA_IDA),LN/MP026/2025-2026/45,Shri Subhas Chandra Bose Pilli (2020-26),22-May-2025,500000.0,Andhra Pradesh,170,,Normal/Others,"Construction of Additional Room to Multipurpose Hall at Narsipudi(V), Alamuru Mandal,Dr.B.R.Ambedkar Konaseema District.",,202408
Rajya Sabha,Rajya Sabha,2,Andhra Pradesh,3017190,Shri Subhas Chandra Bose Pilli,2020-26,Works Sanctioned,WS/MP026/2025-2026/203894-Construction of additional rooms and halls in the existing public and community building,,,,,Sitting Rajya Sabha,545,,1,Kakinada(DISTRICT COLLECTOR KAKINADA_IDA),LN/MP026/2025-2026/46,Shri Subhas Chandra Bose Pilli (2020-26),27-May-2025,1500000.0,Andhra Pradesh,171,,Normal/Others,"Construction  of Additional Hall in existing multipurpose activity centre near Mutyalamma Vepachettu in Kajuluru (V), Kajuluru Mandal of Kakinada District",,203894
Rajya Sabha,Rajya Sabha,2,Andhra Pradesh,3017190,Shri Subhas Chandra Bose Pilli,2020-26,Works Sanctioned,WS/MP026/2025-2026/203899-Crematoriums/energy efficient crematoriums or structures on burial/cremation ground,,,,,Sitting Rajya Sabha,545,,1,Dr. B.R. Ambedkar Konaseema(DISTRICT COLLECTOR Dr B R AMBEDKAR KONASEEMA_IDA),LN/MP026/2025-2026/48,Shri Subhas Chandra Bose Pilli (2020-26),28-May-2025,1500000.0,Andhra Pradesh,172,,Normal/Others,Construction and levelling of burrial ground at Jagannayakulapalem (v) Ramachandrapuram (M) Dr.B.R.Ambedkar Konaseema District (OC Colony),,203899
Rajya Sabha,Rajya Sabha,2,Andhra Pradesh,3017190,Shri Subhas Chandra Bose Pilli,2020-26,Works Sanctioned,"WS/MP026/2025-2026/203900-Construction of roads, link roads, pathways or any other road with or without drainage system",,,2051623,,Sitting Rajya Sabha,545,True,1,Dr. B.R. Ambedkar Konaseema(DISTRICT COLLECTOR Dr B R AMBEDKAR KONASEEMA_IDA),LN/MP026/2025-2026/48,Shri Subhas Chandra Bose Pilli (2020-26),28-May-2025,472345.0,Andhra Pradesh,173,,Normal/Others,"Providing Gravel Road from Neelagiri Narendra House to Narni Shesha Siva Rao land in Mogallamuru (V), Allavaram (M)",,203900
Rajya Sabha,Rajya Sabha,2,Andhra Pradesh,3017190,Shri Subhas Chandra Bose Pilli,2020-26,Works Sanctioned,"WS/MP026/2025-2026/203901-Construction of roads, link roads, pathways or any other road with or without drainage system",,,2051608,,Sitting Rajya Sabha,545,True,1,Dr. B.R. Ambedkar Konaseema(DISTRICT COLLECTOR Dr B R AMBEDKAR KONASEEMA_IDA),LN/MP026/2025-2026/48,Shri Subhas Chandra Bose Pilli (2020-26),28-May-2025,472091.0,Andhra Pradesh,174,,Normal/Others,"Providing Gravel Road from Narni Narayana Murthy House to Rokkala Suseela site in Mogallamuru (V), Allavaram (M)",,203901
Rajya Sabha,Rajya Sabha,2,Andhra Pradesh,3017190,Shri Subhas Chandra Bose Pilli,2020-26,Works Sanctioned,"WS/MP026/2025-2026/222298-Construction of roads, link roads, pathways or any other road with or without drainage system",,,2051593,,Sitting Rajya Sabha,545,True,1,Dr. B.R. Ambedkar Konaseema(DISTRICT COLLECTOR Dr B R AMBEDKAR KONASEEMA_IDA),LN/MP026/2025-2026/49,Shri Subhas Chandra Bose Pilli (2020-26),25-Jul-2025,498838.0,Andhra Pradesh,175,,Normal/Others,Construction of CC Road from Vardanpu Veera Raghavalu House to Namana Anantha House at Magatapalli Village of Mamidikuduru Mandal,,222298
Rajya Sabha,Rajya Sabha,2,Andhra Pradesh,3017190,Shri Subhas Chandra Bose Pilli,2020-26,Works Sanctioned,"WS/MP026/2025-2026/222299-Construction of roads, link roads, pathways or any other road with or without drainage system",,,2051599,,Sitting Rajya Sabha,545,True,1,Dr. B.R. Ambedkar Konaseema(DISTRICT COLLECTOR Dr B R AMBEDKAR KONASEEMA_IDA),LN/MP026/2025-2026/49,Shri Subhas Chandra Bose Pilli (2020-26),25-Jul-2025,497947.0,Andhra Pradesh,176,,Normal/Others,"Construction of CC Road from  Namana Anantha House to Namana Satyanarayana Land at Magatapalli Village of Mamidikuduru Mandal,Dr.B.R.Ambedkar Konaseema District.",,222299
Rajya Sabha,Rajya Sabha,2,Andhra Pradesh,3017190,Shri Subhas Chandra Bose Pilli,2020-26,Works Sanctioned,"WS/MP026/2025-2026/222300-Construction of roads, link roads, pathways or any other road with or without drainage system",,,2051604,,Sitting Rajya Sabha,545,True,1,Dr. B.R. Ambedkar Konaseema(DISTRICT COLLECTOR Dr B R AMBEDKAR KONASEEMA_IDA),LN/MP026/2025-2026/49,Shri Subhas Chandra Bose Pilli (2020-26),25-Jul-2025,499453.0,Andhra Pradesh,177,,Normal/Others,"Construction of CC Road from Namana Satyanarayana Land to Namana Nageswara Rao land at Magatapalli Village of Mamidikuduru Mandal ,Dr.B.R.Ambedkar Konaseema District.",,222300
Rajya Sabha,Rajya Sabha,2,Andhra Pradesh,3017190,Shri Subhas Chandra Bose Pilli,2020-26,Works Sanctioned,"WS/MP026/2025-2026/222301-Construction of roads, link roads, pathways or any other road with or without drainage system",,,2139689,,Sitting Rajya Sabha,545,True,1,Dr. B.R. Ambedkar Konaseema(DISTRICT COLLECTOR Dr B R AMBEDKAR KONASEEMA_IDA),LN/MP026/2025-2026/49,Shri Subhas Chandra Bose Pilli (2020-26),25-Jul-2025,500000.0,Andhra Pradesh,178,,Normal/Others,"Construction of CC Road from Vinayaka Temple fo Fish Market at Kotipalli Village of K.Gangavaram Mandal, Dr.B.R.Ambedkar Konaseema District.",,222301
Rajya Sabha,Rajya Sabha,2,Andhra Pradesh,3017190,Shri Subhas Chandra Bose Pilli,2020-26,Works Sanctioned,WS/MP026/2025-2026/222302-Providing drains and gutters for public drainage,,,2065980,,Sitting Rajya Sabha,545,True,1,Dr. B.R. Ambedkar Konaseema(DISTRICT COLLECTOR Dr B R AMBEDKAR KONASEEMA_IDA),LN/MP026/2025-2026/49,Shri Subhas Chandra Bose Pilli (2020-26),25-Jul-2025,500000.0,Andhra Pradesh,179,,Normal/Others,"Construction of CC Drain from Vinayaka Temple to Fish Market at kotipalli Village of K.Gangavaram Mandal, Dr.B.R.Ambedkar Konaseema District.",,222302
Rajya Sabha,Rajya Sabha,2,Andhra Pradesh,3017190,Shri Subhas Chandra Bose Pilli,2020-26,Works Sanctioned,WS/MP026/2025-2026/222303-Providing drains and gutters for public drainage,,,,,Sitting Rajya Sabha,545,,1,Dr. B.R. Ambedkar Konaseema(DISTRICT COLLECTOR Dr B R AMBEDKAR KONASEEMA_IDA),LN/MP026/2025-2026/49,Shri Subhas Chandra Bose Pilli (2020-26),25-Jul-2025,500000.0,Andhra Pradesh,180,,Normal/Others,"Construction of CC Drain from Anusuri Sathibabau House to Dangeti Venkata Ramana House at Biyyampeta BC area in Draksharam Village of Ramachandrapuram Mandal, Dr.B.R.Ambedkar Konaseema District.",,222303
Rajya Sabha,Rajya Sabha,2,Andhra Pradesh,3017190,Shri Subhas Chandra Bose Pilli,2020-26,Works Sanctioned,WS/MP026/2025-2026/222304-Construction of buildings for community cultural activities,,,2051414,,Sitting Rajya Sabha,545,True,1,Dr. B.R. Ambedkar Konaseema(DISTRICT COLLECTOR Dr B R AMBEDKAR KONASEEMA_IDA),LN/MP026/2025-2026/49,Shri Subhas Chandra Bose Pilli (2020-26),25-Jul-2025,497315.0,Andhra Pradesh,181,,Normal/Others,"Construction of MultiPurose Hall at BC area in  Dongalagudem, H_o Bhatlapalika Village of K.Gangavaram Mandal, Dr.B.R.Ambedkar Konaseema District.",,222304
Rajya Sabha,Rajya Sabha,2,Andhra Pradesh,3017190,Shri Subhas Chandra Bose Pilli,2020-26,Works Sanctioned,WS/MP026/2025-2026/222305-Construction of additional rooms and halls in the existing public and community building,,,2051422,,Sitting Rajya Sabha,545,True,1,Dr. B.R. Ambedkar Konaseema(DISTRICT COLLECTOR Dr B R AMBEDKAR KONASEEMA_IDA),LN/MP026/2025-2026/49,Shri Subhas Chandra Bose Pilli (2020-26),25-Jul-2025,496414.0,Andhra Pradesh,182,,Normal/Others,"Construction of Additional Room to Multipurpose Hall at BC area in Dongalagudem, H_o Bhatlapalika Village of K.Gangavaram Mandal , Dr.B.R.Ambedkar Konaseema District.",,222305
Rajya Sabha,Rajya Sabha,2,Andhra Pradesh,3017190,Shri Subhas Chandra Bose Pilli,2020-26,Works Sanctioned,WS/MP026/2025-2026/222306-Construction of boundary walls of existing public and community buildings,,,,,Sitting Rajya Sabha,545,,1,Dr. B.R. Ambedkar Konaseema(DISTRICT COLLECTOR Dr B R AMBEDKAR KONASEEMA_IDA),LN/MP026/2025-2026/49,Shri Subhas Chandra Bose Pilli (2020-26),25-Jul-2025,500000.0,Andhra Pradesh,183,,Normal/Others,"Construction of Compound wall to Multipurpose hall at BC area in Dongalagudem, H_o Bhatlapalika Village of K.Gangavaram Mandal, Dr.B.R.Ambedkar Konaseema District.",,222306
Rajya Sabha,Rajya Sabha,2,Andhra Pradesh,3017190,Shri Subhas Chandra Bose Pilli,2020-26,Works Sanctioned,WS/MP026/2025-2026/222307-Construction of buildings for community cultural activities,,,,,Sitting Rajya Sabha,545,,1,Dr. B.R. Ambedkar Konaseema(DISTRICT COLLECTOR Dr B R AMBEDKAR KONASEEMA_IDA),LN/MP026/2025-2026/49,Shri Subhas Chandra Bose Pilli (2020-26),25-Jul-2025,500000.0,Andhra Pradesh,184,,Normal/Others,"Construction of Multipurpose Hall at SC area in Yarrapothavaram Village of of K.Gangavaram Mandal , Dr.B.R.Ambedkar Konaseema District.",,222307
Rajya Sabha,Rajya Sabha,2,Andhra Pradesh,3017190,Shri Subhas Chandra Bose Pilli,2020-26,Works Sanctioned,WS/MP026/2025-2026/222308-Construction of additional rooms and halls in the existing public and community building,,,,,Sitting Rajya Sabha,545,,1,Dr. B.R. Ambedkar Konaseema(DISTRICT COLLECTOR Dr B R AMBEDKAR KONASEEMA_IDA),LN/MP026/2025-2026/49,Shri Subhas Chandra Bose Pilli (2020-26),25-Jul-2025,500000.0,Andhra Pradesh,185,,Normal/Others,"Construction of Additional Room to Multipurpose Hall at SC area  in Yarrapothavaram Village of of K.Gangavaram Mandal ,Dr.B.R.Ambedkar Konaseema District.",,222308
Rajya Sabha,Rajya Sabha,2,Andhra Pradesh,3017190,Shri Subhas Chandra Bose Pilli,2020-26,Works Sanctioned,WS/MP026/2025-2026/222309-Construction of boundary walls of existing public and community buildings,,,2154422,,Sitting Rajya Sabha,545,True,1,Dr. B.R. Ambedkar Konaseema(DISTRICT COLLECTOR Dr B R AMBEDKAR KONASEEMA_IDA),LN/MP026/2025-2026/49,Shri Subhas Chandra Bose Pilli (2020-26),25-Jul-2025,500000.0,Andhra Pradesh,186,,Normal/Others,"Construction of Compound wall and other Amenities to  Multi purpose Hall in SC (Madiga)  locality at Hasanbada, Ramachandrapuram (M), Dr.B.R.Ambedkar Konaseema District.",,222309
Rajya Sabha,Rajya Sabha,2,Andhra Pradesh,3017190,Shri Subhas Chandra Bose Pilli,2020-26,Works Sanctioned,"WS/MP026/2025-2026/222310-Construction of roads, link roads, pathways or any other road with or without drainage system",,,1899228,,Sitting Rajya Sabha,545,True,1,Dr. B.R. Ambedkar Konaseema(DISTRICT COLLECTOR Dr B R AMBEDKAR KONASEEMA_IDA),LN/MP026/2025-2026/49,Shri Subhas Chandra Bose Pilli (2020-26),25-Jul-2025,482224.0,Andhra Pradesh,187,,Normal/Others,Construction of WBM Road from Mallipudi RangaRao Field to R and B Road at SC area in Gudigallabhaga Village of K.Gangavaram Mandal,,222310
Rajya Sabha,Rajya Sabha,2,Andhra Pradesh,3017190,Shri Subhas Chandra Bose Pilli,2020-26,Works Sanctioned,"WS/MP026/2025-2026/227861-Construction of roads, link roads, pathways or any other road with or without drainage system",,,2051580,,Sitting Rajya Sabha,545,True,1,Dr. B.R. Ambedkar Konaseema(DISTRICT COLLECTOR Dr B R AMBEDKAR KONASEEMA_IDA),LN/MP026/2025-2026/50,Shri Subhas Chandra Bose Pilli (2020-26),20-Aug-2025,499217.0,Andhra Pradesh,188,,Normal/Others,"Conastruction of BT Road from V Bapiraju Site Ending to N Suresh Land at Magatapalli Village of Mamidikuduru Mandal , Dr.B.R.Ambedkar Konaseema District",,227861
Rajya Sabha,Rajya Sabha,2,Andhra Pradesh,3017190,Shri Subhas Chandra Bose Pilli,2020-26,Works Sanctioned,"WS/MP026/2025-2026/227862-Construction of roads, link roads, pathways or any other road with or without drainage system",,,2051462,,Sitting Rajya Sabha,545,True,1,Dr. B.R. Ambedkar Konaseema(DISTRICT COLLECTOR Dr B R AMBEDKAR KONASEEMA_IDA),LN/MP026/2025-2026/50,Shri Subhas Chandra Bose Pilli (2020-26),20-Aug-2025,499760.0,Andhra Pradesh,189,,Normal/Others,"Conastruction of BT Road from N Suresh Land to G Raja Kumari Land at Magatapalli Village of Mamidikuduru Mandal , Dr.B.R.Ambedkar Konaseema District",,227862
Rajya Sabha,Rajya Sabha,2,Andhra Pradesh,3017190,Shri Subhas Chandra Bose Pilli,2020-26,Works Sanctioned,"WS/MP026/2025-2026/227863-Construction of roads, link roads, pathways or any other road with or without drainage system",,,2051450,,Sitting Rajya Sabha,545,True,1,Dr. B.R. Ambedkar Konaseema(DISTRICT COLLECTOR Dr B R AMBEDKAR KONASEEMA_IDA),LN/MP026/2025-2026/50,Shri Subhas Chandra Bose Pilli (2020-26),20-Aug-2025,499217.0,Andhra Pradesh,190,,Normal/Others,"Conastruction of BT Road from  G Raja Kumari Land to Gundabathula Satyanarayana Land at Magatapalli Village of Mamidikuduru Mandal , Dr.B.R.Ambedkar Konaseema District",,227863
Rajya Sabha,Rajya Sabha,2,Andhra Pradesh,3017190,Shri Subhas Chandra Bose Pilli,2020-26,Works Sanctioned,"WS/MP026/2025-2026/227864-Construction of roads, link roads, pathways or any other road with or without drainage system",,,2051588,,Sitting Rajya Sabha,545,True,1,Dr. B.R. Ambedkar Konaseema(DISTRICT COLLECTOR Dr B R AMBEDKAR KONASEEMA_IDA),LN/MP026/2025-2026/50,Shri Subhas Chandra Bose Pilli (2020-26),20-Aug-2025,499640.0,Andhra Pradesh,191,,Normal/Others,"Conastruction of BT Road from  Gundabathula Satyanarayana Land to Bhupathi Satyanarayana House  at Magatapalli Village of Mamidikuduru Mandal , Dr.B.R.Ambedkar Konaseema District",,227864
Rajya Sabha,Rajya Sabha,2,Andhra Pradesh,3017190,Shri Subhas Chandra Bose Pilli,2020-26,Works Sanctioned,"WS/MP026/2025-2026/227865-Construction of roads, link roads, pathways or any other road with or without drainage system",,,2051538,,Sitting Rajya Sabha,545,True,1,Dr. B.R. Ambedkar Konaseema(DISTRICT COLLECTOR Dr B R AMBEDKAR KONASEEMA_IDA),LN/MP026/2025-2026/50,Shri Subhas Chandra Bose Pilli (2020-26),20-Aug-2025,499522.0,Andhra Pradesh,192,,Normal/Others,"Conastruction of BT Road from   Bhupathi Satyanarayana House  to Vunduru Narasaimha  Murthy House at Magatapalli Village of Mamidikuduru Mandal , Dr.B.R.Ambedkar Konaseema District",,227865
Rajya Sabha,Rajya Sabha,2,Andhra Pradesh,3017190,Shri Subhas Chandra Bose Pilli,2020-26,Works Sanctioned,"WS/MP026/2025-2026/227866-Construction of roads, link roads, pathways or any other road with or without drainage system",,,2051439,,Sitting Rajya Sabha,545,True,1,Dr. B.R. Ambedkar Konaseema(DISTRICT COLLECTOR Dr B R AMBEDKAR KONASEEMA_IDA),LN/MP026/2025-2026/50,Shri Subhas Chandra Bose Pilli (2020-26),20-Aug-2025,499839.0,Andhra Pradesh,193,,Normal/Others,"Conastruction of BT Road from    Vunduru Narasaimha  Murthy House to Vakalapudi Krishna House at Magatapalli Village of Mamidikuduru Mandal , Dr.B.R.Ambedkar Konaseema District",,227866
Rajya Sabha,Rajya Sabha,2,Andhra Pradesh,3017190,Shri Subhas Chandra Bose Pilli,2020-26,Works Sanctioned,"WS/MP026/2025-2026/227867-Construction of roads, link roads, pathways or any other road with or without drainage system",,,2051523,,Sitting Rajya Sabha,545,True,1,Dr. B.R. Ambedkar Konaseema(DISTRICT COLLECTOR Dr B R AMBEDKAR KONASEEMA_IDA),LN/MP026/2025-2026/50,Shri Subhas Chandra Bose Pilli (2020-26),20-Aug-2025,495617.0,Andhra Pradesh,194,,Normal/Others,"Conastruction of BT Road from    Vardhineedi Venkateswara Rao House to Namana  Nageswara Rao Land at Magatapalli Village of Mamidikuduru Mandal , Dr.B.R.Ambedkar Konaseema District",,227867
Rajya Sabha,Rajya Sabha,2,Andhra Pradesh,3017190,Shri Subhas Chandra Bose Pilli,2020-26,Works Sanctioned,WS/MP026/2025-2026/233252-Construction of community centers and community halls,,,,,Sitting Rajya Sabha,545,,1,Dr. B.R. Ambedkar Konaseema(DISTRICT COLLECTOR Dr B R AMBEDKAR KONASEEMA_IDA),LN/MP026/2025-2026/51,Shri Subhas Chandra Bose Pilli (2020-26),12-Sep-2025,2500000.0,Andhra Pradesh,195,,Normal/Others,Construction of Multi-Purpose Hall at Gopalapuram Village of Ravulapalem Mandal in Kothapeta Constituency,,233252
Rajya Sabha,Rajya Sabha,2,Andhra Pradesh,3017190,Shri Subhas Chandra Bose Pilli,2020-26,Works Sanctioned,"WS/MP026/2025-2026/235086-Construction of roads, link roads, pathways or any other road with or without drainage system",,,,,Sitting Rajya Sabha,545,,1,Kakinada(DISTRICT COLLECTOR KAKINADA_IDA),LN/MP026/2025-2026/52,Shri Subhas Chandra Bose Pilli (2020-26),18-Sep-2025,500000.0,Andhra Pradesh,196,,Normal/Others,"Construction of C.C Road Jr.College to Drinking Water Well in S.C Locality, Ramji Nagar at Kajuluru Village and Mandal",,235086
Rajya Sabha,Rajya Sabha,2,Andhra Pradesh,3017190,Shri Subhas Chandra Bose Pilli,2020-26,Works Sanctioned,"WS/MP026/2025-2026/235087-Construction of roads, link roads, pathways or any other road with or without drainage system",,,,,Sitting Rajya Sabha,545,,1,Kakinada(DISTRICT COLLECTOR KAKINADA_IDA),LN/MP026/2025-2026/52,Shri Subhas Chandra Bose Pilli (2020-26),18-Sep-2025,500000.0,Andhra Pradesh,197,,Normal/Others,"Construction of C.C. Road from Ambedkar Statue to Pedda Church S.C Locality, Ramji Nagar at Kajuluru Village and Mandal",,235087
Rajya Sabha,Rajya Sabha,2,Andhra Pradesh,3017190,Shri Subhas Chandra Bose Pilli,2020-26,Works Sanctioned,"WS/MP026/2025-2026/235088-Construction of roads, link roads, pathways or any other road with or without drainage system",,,,,Sitting Rajya Sabha,545,,1,Kakinada(DISTRICT COLLECTOR KAKINADA_IDA),LN/MP026/2025-2026/52,Shri Subhas Chandra Bose Pilli (2020-26),18-Sep-2025,500000.0,Andhra Pradesh,198,,Normal/Others,"Construction of C.C Road from Marri Chettu to Chinna Church in S.C Locality, Ramji Nagar at Kajuluru Village and Mandal",,235088
Rajya Sabha,Rajya Sabha,2,Andhra Pradesh,3017190,Shri Subhas Chandra Bose Pilli,2020-26,Works Sanctioned,"WS/MP026/2025-2026/258255-Construction of roads, link roads, pathways or any other road with or without drainage system",,,,,Sitting Rajya Sabha,545,,1,Dr. B.R. Ambedkar Konaseema(DISTRICT COLLECTOR Dr B R AMBEDKAR KONASEEMA_IDA),LN/MP026/2025-2026/54,Shri Subhas Chandra Bose Pilli (2020-26),09-Jan-2026,500000.0,Andhra Pradesh,199,,Normal/Others,"Construction of CC Road from Nagesh Tower to Vardhineedi Gangadhar House in BC area at Magatapalli Village of Mamidikuduru Mandal, Dr. B. R. Ambedkar Konaseema District",,258255
Rajya Sabha,Rajya Sabha,2,Andhra Pradesh,3017190,Shri Subhas Chandra Bose Pilli,2020-26,Works Sanctioned,"WS/MP026/2025-2026/258256-Construction of roads, link roads, pathways or any other road with or without drainage system",,,,,Sitting Rajya Sabha,545,,1,Dr. B.R. Ambedkar Konaseema(DISTRICT COLLECTOR Dr B R AMBEDKAR KONASEEMA_IDA),LN/MP026/2025-2026/54,Shri Subhas Chandra Bose Pilli (2020-26),09-Jan-2026,500000.0,Andhra Pradesh,200,,Normal/Others,"Construction of CC Road from Vardhineedi Gangadhar House to Vardhineedi Venkateswara Rao House  in BC area at Magatapalli Village of Mamidikuduru Mandal, Dr. B. R. Ambedkar Konaseema District",,258256
Rajya Sabha,Rajya Sabha,2,Andhra Pradesh,3017190,Shri Subhas Chandra Bose Pilli,2020-26,Works Sanctioned,"WS/MP026/2025-2026/258257-Construction of roads, link roads, pathways or any other road with or without drainage system",,,,,Sitting Rajya Sabha,545,,1,Dr. B.R. Ambedkar Konaseema(DISTRICT COLLECTOR Dr B R AMBEDKAR KONASEEMA_IDA),LN/MP026/2025-2026/54,Shri Subhas Chandra Bose Pilli (2020-26),09-Jan-2026,500000.0,Andhra Pradesh,201,,Normal/Others,"Construction of CC Road from  Vardhineedi Venkateswara Rao House to Vardhineedi Bapiraju House in BC area at Magatapalli Village of Mamidikuduru Mandal, Dr. B. R. Ambedkar Konaseema District",,258257
Rajya Sabha,Rajya Sabha,2,Andhra Pradesh,3017190,Shri Subhas Chandra Bose Pilli,2020-26,Works Sanctioned,"WS/MP026/2025-2026/258258-Construction of roads, link roads, pathways or any other road with or without drainage system",,,,,Sitting Rajya Sabha,545,,1,Dr. B.R. Ambedkar Konaseema(DISTRICT COLLECTOR Dr B R AMBEDKAR KONASEEMA_IDA),LN/MP026/2025-2026/54,Shri Subhas Chandra Bose Pilli (2020-26),09-Jan-2026,500000.0,Andhra Pradesh,202,,Normal/Others,"Construction of CC Road from   Vardhineedi Bapiraju House to Vardhineedi Ramarao House in BC area at Magatapalli Village of Mamidikuduru Mandal, Dr. B. R. Ambedkar Konaseema District",,258258
Rajya Sabha,Rajya Sabha,2,Andhra Pradesh,3017190,Shri Subhas Chandra Bose Pilli,2020-26,Works Sanctioned,"WS/MP026/2025-2026/258259-Construction of roads, link roads, pathways or any other road with or without drainage system",,,,,Sitting Rajya Sabha,545,,1,Dr. B.R. Ambedkar Konaseema(DISTRICT COLLECTOR Dr B R AMBEDKAR KONASEEMA_IDA),LN/MP026/2025-2026/54,Shri Subhas Chandra Bose Pilli (2020-26),09-Jan-2026,500000.0,Andhra Pradesh,203,,Normal/Others,"Construction of CC Road from  Vardhineedi Ramarao House to Matta LakshmiBhai House in BC area at Magatapalli Village of Mamidikuduru Mandal, Dr. B. R. Ambedkar Konaseema District",,258259
Rajya Sabha,Rajya Sabha,2,Andhra Pradesh,3017190,Shri Subhas Chandra Bose Pilli,2020-26,Works Sanctioned,"WS/MP026/2025-2026/258260-Construction of roads, link roads, pathways or any other road with or without drainage system",,,,,Sitting Rajya Sabha,545,,1,Dr. B.R. Ambedkar Konaseema(DISTRICT COLLECTOR Dr B R AMBEDKAR KONASEEMA_IDA),LN/MP026/2025-2026/54,Shri Subhas Chandra Bose Pilli (2020-26),09-Jan-2026,500000.0,Andhra Pradesh,204,,Normal/Others,"Construction of CC Road from Matta LakshmiBhai House to Undru Lakshmi Narasimha Murthy House in BC area at Magatapalli Village of Mamidikuduru Mandal, Dr. B. R. Ambedkar Konaseema District",,258260
Rajya Sabha,Rajya Sabha,2,Andhra Pradesh,3017190,Shri Subhas Chandra Bose Pilli,2020-26,Works Sanctioned,"WS/MP026/2025-2026/258261-Construction of roads, link roads, pathways or any other road with or without drainage system",,,,,Sitting Rajya Sabha,545,,1,Dr. B.R. Ambedkar Konaseema(DISTRICT COLLECTOR Dr B R AMBEDKAR KONASEEMA_IDA),LN/MP026/2025-2026/54,Shri Subhas Chandra Bose Pilli (2020-26),09-Jan-2026,500000.0,Andhra Pradesh,205,,Normal/Others,"Construction of C.C Road from Pampana Krishna House to Saripella Viswanadha Raju site in Madyakompalu Ramachandrapuram Municipality, Dr. B.R. Ambedkar Konaseema District",,258261
Rajya Sabha,Rajya Sabha,2,Andhra Pradesh,3017190,Shri Subhas Chandra Bose Pilli,2020-26,Works Sanctioned,"WS/MP026/2025-2026/258262-Construction of roads, link roads, pathways or any other road with or without drainage system",,,,,Sitting Rajya Sabha,545,,1,Dr. B.R. Ambedkar Konaseema(DISTRICT COLLECTOR Dr B R AMBEDKAR KONASEEMA_IDA),LN/MP026/2025-2026/54,Shri Subhas Chandra Bose Pilli (2020-26),09-Jan-2026,500000.0,Andhra Pradesh,206,,Normal/Others,"Construction of C.C Road from  Saripella Viswanadha Raju site to Pilli Satyanaryana Cattle Shed in Madyakompalu Ramachandrapuram Municipality, Dr. B.R. Ambedkar Konaseema District",,258262
Rajya Sabha,Rajya Sabha,2,Andhra Pradesh,3017190,Shri Subhas Chandra Bose Pilli,2020-26,Works Sanctioned,"WS/MP026/2025-2026/258264-Construction of roads, link roads, pathways or any other road with or without drainage system",,,,,Sitting Rajya Sabha,545,,1,Dr. B.R. Ambedkar Konaseema(DISTRICT COLLECTOR Dr B R AMBEDKAR KONASEEMA_IDA),LN/MP026/2025-2026/54,Shri Subhas Chandra Bose Pilli (2020-26),09-Jan-2026,500000.0,Andhra Pradesh,207,,Normal/Others,"Construction of C.C Road from  Pilli Satyanaryana Cattle Shed to Guttula srinu House  in Madyakompalu Ramachandrapuram Municipality, Dr. B.R. Ambedkar Konaseema District",,258264
Rajya Sabha,Rajya Sabha,2,Andhra Pradesh,3017190,Shri Subhas Chandra Bose Pilli,2020-26,Works Sanctioned,WS/MP026/2025-2026/258298-Providing drains and gutters for public drainage,,,,,Sitting Rajya Sabha,545,,1,Kakinada(DISTRICT COLLECTOR KAKINADA_IDA),LN/MP026/2025-2026/55,Shri Subhas Chandra Bose Pilli (2020-26),09-Jan-2026,150000.0,Andhra Pradesh,208,,Normal/Others,"Construction of C C Drain From Penke Chandra Rao House to Chandala Suryanarayana House at B.C Colony in Cheduwada Village of Kajuluru Mandal, Kakinada Distict",,258298
Rajya Sabha,Rajya Sabha,2,Andhra Pradesh,3017190,Shri Subhas Chandra Bose Pilli,2020-26,Works Sanctioned,WS/MP026/2025-2026/258299-Crematoriums/energy efficient crematoriums or structures on burial/cremation ground,,,,,Sitting Rajya Sabha,545,,1,Kakinada(DISTRICT COLLECTOR KAKINADA_IDA),LN/MP026/2025-2026/55,Shri Subhas Chandra Bose Pilli (2020-26),09-Jan-2026,350000.0,Andhra Pradesh,209,,Normal/Others,"Construction of Shelter and Burning Cots in Burial Ground at Cheduwada Village of Kajuluru Mandal, Kakinada Distict",,258299
Rajya Sabha,Rajya Sabha,2,Andhra Pradesh,3017190,Shri Subhas Chandra Bose Pilli,2020-26,Works Sanctioned,WS/MP026/2025-2026/258300-Providing drains and gutters for public drainage,,,,,Sitting Rajya Sabha,545,,1,Kakinada(DISTRICT COLLECTOR KAKINADA_IDA),LN/MP026/2025-2026/55,Shri Subhas Chandra Bose Pilli (2020-26),09-Jan-2026,100000.0,Andhra Pradesh,210,,Normal/Others,"Construction of C C Drain From Nammi Ganeswara Rao House to Dadala Apparao House in S.C Locality at Aryavatam Village, Kakinada Distict",,258300
Rajya Sabha,Rajya Sabha,2,Andhra Pradesh,3017190,Shri Subhas Chandra Bose Pilli,2020-26,Works Sanctioned,"WS/MP026/2025-2026/258301-Construction of roads, link roads, pathways or any other road with or without drainage system",,,,,Sitting Rajya Sabha,545,,1,Kakinada(DISTRICT COLLECTOR KAKINADA_IDA),LN/MP026/2025-2026/55,Shri Subhas Chandra Bose Pilli (2020-26),09-Jan-2026,400000.0,Andhra Pradesh,211,,Normal/Others,"Construction of C C Road From Nammi Ganeswara Rao House to Dadala Apparao House in S.C Locality at Aryavatam Village, Kakinada Distict",,258301
Rajya Sabha,Rajya Sabha,2,Andhra Pradesh,3017190,Shri Subhas Chandra Bose Pilli,2020-26,Works Sanctioned,WS/MP026/2025-2026/258302-Construction of boundary walls of existing public and community buildings,,,,,Sitting Rajya Sabha,545,,1,Kakinada(DISTRICT COLLECTOR KAKINADA_IDA),LN/MP026/2025-2026/55,Shri Subhas Chandra Bose Pilli (2020-26),09-Jan-2026,400000.0,Andhra Pradesh,212,,Normal/Others,"Construction of wing walls and side walls to Pillanka Bridge in Pillanka Village of Tallarevu Mandal, Kakinada District",,258302
Rajya Sabha,Rajya Sabha,2,Andhra Pradesh,3017190,Shri Subhas Chandra Bose Pilli,2020-26,Works Sanctioned,WS/MP026/2026-2027/268873-Construction of community centers and community halls,,,,,Sitting Rajya Sabha,545,,1,Dr. B.R. Ambedkar Konaseema(DISTRICT COLLECTOR Dr B R AMBEDKAR KONASEEMA_IDA),LN/MP026/2025-2026/56,Shri Subhas Chandra Bose Pilli (2020-26),17-Feb-2026,500000.0,Andhra Pradesh,213,,Normal/Others,"Construction of Multipurpose Community Hall in S.C Locality at Gudigalla Bhaga Village of K.Gangavaram Mandal, Dr.B.R.Ambedkar Konaseema District",,268873
Rajya Sabha,Rajya Sabha,2,Andhra Pradesh,3017190,Shri Subhas Chandra Bose Pilli,2020-26,Works Sanctioned,WS/MP026/2026-2027/268874-Construction of additional rooms and halls in the existing public and community building,,,,,Sitting Rajya Sabha,545,,1,Dr. B.R. Ambedkar Konaseema(DISTRICT COLLECTOR Dr B R AMBEDKAR KONASEEMA_IDA),LN/MP026/2025-2026/56,Shri Subhas Chandra Bose Pilli (2020-26),17-Feb-2026,500000.0,Andhra Pradesh,214,,Normal/Others,"Construction of Additional Room to Multipurpose Hall in SC area of  Gudigalla Bhaga Village of K.Gangavaram Mandal, Dr.B.R.Ambedkar Konaseema District",,268874
Rajya Sabha,Rajya Sabha,2,Andhra Pradesh,3017190,Shri Subhas Chandra Bose Pilli,2020-26,Works Sanctioned,WS/MP026/2026-2027/268875-Construction of community centers and community halls,,,,,Sitting Rajya Sabha,545,,1,Dr. B.R. Ambedkar Konaseema(DISTRICT COLLECTOR Dr B R AMBEDKAR KONASEEMA_IDA),LN/MP026/2025-2026/56,Shri Subhas Chandra Bose Pilli (2020-26),17-Feb-2026,500000.0,Andhra Pradesh,215,,Repair and Renovation,"Construction of Flooring and elevation work to SC Community Hall at Hasanabada Village of Ramachandrapuram Mandal, Dr.B.R.Ambedkar Konaseema District",,268875
Rajya Sabha,Rajya Sabha,2,Andhra Pradesh,3017190,Shri Subhas Chandra Bose Pilli,2020-26,Works Sanctioned,WS/MP026/2026-2027/273457-Construction of additional rooms and halls in the existing public and community building,,,,,Sitting Rajya Sabha,545,,1,Dr. B.R. Ambedkar Konaseema(DISTRICT COLLECTOR Dr B R AMBEDKAR KONASEEMA_IDA),LN/MP026/2025-2026/57,Shri Subhas Chandra Bose Pilli (2020-26),10-Mar-2026,500000.0,Andhra Pradesh,216,,Normal/Others,"Construction of an additional room to Multipurpose Activities Center in BC Area of Dasaripadu Village Habitationof  Venkatyapalem Village of Ramachandrapuram Mandal, Dr.B.R.Ambedkar Konaseema District",,273457
Rajya Sabha,Rajya Sabha,2,Andhra Pradesh,3017190,Shri Subhas Chandra Bose Pilli,2020-26,Works Sanctioned,WS/MP026/2026-2027/273458-Construction of boundary walls of existing public and community buildings,,,,,Sitting Rajya Sabha,545,,1,Dr. B.R. Ambedkar Konaseema(DISTRICT COLLECTOR Dr B R AMBEDKAR KONASEEMA_IDA),LN/MP026/2025-2026/58,Shri Subhas Chandra Bose Pilli (2020-26),10-Mar-2026,500000.0,Andhra Pradesh,217,,Normal/Others,"Construction of Compound Wall to Multipurpose Activities Center in BC Area of Dasaripadu Village Habitation of  Venkatyapalem Village of Ramachandrapuram Mandal, Dr.B.R.Ambedkar Konaseema District",,273458
Rajya Sabha,Rajya Sabha,2,Andhra Pradesh,3017190,Shri Subhas Chandra Bose Pilli,2020-26,Works Sanctioned,"WS/MP026/2026-2027/273459-Construction of cycle tracks, cycle stand and segregated non-motorized vehicle (NMV) lanes",,,,,Sitting Rajya Sabha,545,,1,Dr. B.R. Ambedkar Konaseema(DISTRICT COLLECTOR Dr B R AMBEDKAR KONASEEMA_IDA),LN/MP026/2025-2026/58,Shri Subhas Chandra Bose Pilli (2020-26),10-Mar-2026,480000.0,Andhra Pradesh,218,,Normal/Others,"Construction of Cycle Shelter in Z.P High School at Kunduru Village of K.Gangavaram Mandal , Dr.B.R.Ambedkar Konaseema District",,273459
Rajya Sabha,Rajya Sabha,2,Andhra Pradesh,3017190,Shri Subhas Chandra Bose Pilli,2020-26,Works Sanctioned,,,,,,,,,,,,,,,,,193511713.0,,,,
Rajya Sabha,Rajya Sabha,2,Andhra Pradesh,3017190,Shri Subhas Chandra Bose Pilli,2020-26,Works Completed,WS/MP026/2023-2024/47280-Construction of community centers and community halls,2496627,21-Jul-2025,584926,0.0,Sitting Rajya Sabha,545,True,3,Dr. B.R. Ambedkar Konaseema(DISTRICT COLLECTOR Dr B R AMBEDKAR KONASEEMA_IDA),LN/MP026/2023-2024/1,Shri Subhas Chandra Bose Pilli (2020-26),,,Andhra Pradesh,1,,Normal/Others,Construction of Multipurpose Hall at Devarapalli Village of Ravulapalem,50568,47280
Rajya Sabha,Rajya Sabha,2,Andhra Pradesh,3017190,Shri Subhas Chandra Bose Pilli,2020-26,Works Completed,WS/MP026/2023-2024/47365-Construction of community centers and community halls,2496695,21-Jul-2025,584951,0.0,Sitting Rajya Sabha,545,True,3,Dr. B.R. Ambedkar Konaseema(DISTRICT COLLECTOR Dr B R AMBEDKAR KONASEEMA_IDA),LN/MP026/2023-2024/5,Shri Subhas Chandra Bose Pilli (2020-26),,,Andhra Pradesh,2,,Normal/Others,Construction of BC Community Hall at Alamuru Village and Mandal,50576,47365
Rajya Sabha,Rajya Sabha,2,Andhra Pradesh,3017190,Shri Subhas Chandra Bose Pilli,2020-26,Works Completed,WS/MP026/2023-2024/47979-Construction of buildings for community cultural activities,2298615,17-Feb-2024,585454,0.0,Sitting Rajya Sabha,545,True,3,Kakinada(DISTRICT COLLECTOR KAKINADA_IDA),LN/MP026/2023-2024/8,Shri Subhas Chandra Bose Pilli (2020-26),,,Andhra Pradesh,3,,Normal/Others,"Construction of Multipurpose activity Centre for BC Community at Turangi Village, kakinada Rural mandal",7976,47979
Rajya Sabha,Rajya Sabha,2,Andhra Pradesh,3017190,Shri Subhas Chandra Bose Pilli,2020-26,Works Completed,WS/MP026/2023-2024/48056-Construction of buildings for community cultural activities,1935666,21-Oct-2025,1545255,0.0,Sitting Rajya Sabha,545,True,3,Kakinada(DISTRICT COLLECTOR KAKINADA_IDA),LN/MP026/2023-2024/9,Shri Subhas Chandra Bose Pilli (2020-26),,,Andhra Pradesh,4,,Normal/Others,Construction of Multipurpose activity Centre in BC Locality near Vepachettu of Kajuluru Village and Mandal,63424,48056
Rajya Sabha,Rajya Sabha,2,Andhra Pradesh,3017190,Shri Subhas Chandra Bose Pilli,2020-26,Works Completed,WS/MP026/2023-2024/48057-Construction of buildings for community cultural activities,891738,13-Jan-2026,1777098,0.0,Sitting Rajya Sabha,545,True,3,Kakinada(DISTRICT COLLECTOR KAKINADA_IDA),LN/MP026/2023-2024/9,Shri Subhas Chandra Bose Pilli (2020-26),,,Andhra Pradesh,5,,Normal/Others,Construction of Multipurpose Activity Centre in B.C. Loacality at Chakirevu Meraka of kajuluru Village and Mandal,142930,48057
Rajya Sabha,Rajya Sabha,2,Andhra Pradesh,3017190,Shri Subhas Chandra Bose Pilli,2020-26,Works Completed,WS/MP026/2023-2024/52391-Construction of community centers and community halls,999903,12-Mar-2026,2106614,0.0,Sitting Rajya Sabha,545,True,3,WEST GODAVARI(DISTRICT COLLECTOR WEST GODAVARI_IDA),LN/MP026/2023-2024/12,Shri Subhas Chandra Bose Pilli (2020-26),,,Andhra Pradesh,6,,Normal/Others,"Construction of Multipurpose hall in S.C. Locality at Alamuru (V), Achanta Constituency, West Godavari District",9247,52391
Rajya Sabha,Rajya Sabha,2,Andhra Pradesh,3017190,Shri Subhas Chandra Bose Pilli,2020-26,Works Completed,WS/MP026/2023-2024/52695-Construction of buildings for community cultural activities,1950978,19-Jul-2025,1079654,0.0,Sitting Rajya Sabha,545,True,3,Dr. B.R. Ambedkar Konaseema(DISTRICT COLLECTOR Dr B R AMBEDKAR KONASEEMA_IDA),LN/MP026/2023-2024/13,Shri Subhas Chandra Bose Pilli (2020-26),,,Andhra Pradesh,7,,Normal/Others,Construction of Multipurpose Activity Center at Cheruvugattu Peta H/o Venture Village of Rayavaram Mandal,85494,52695
Rajya Sabha,Rajya Sabha,2,Andhra Pradesh,3017190,Shri Subhas Chandra Bose Pilli,2020-26,Works Completed,"WS/MP026/2023-2024/52705-Construction of roads, link roads, pathways or any other road with or without drainage system",496814,21-Jul-2025,577531,0.0,Sitting Rajya Sabha,545,True,3,Dr. B.R. Ambedkar Konaseema(DISTRICT COLLECTOR Dr B R AMBEDKAR KONASEEMA_IDA),LN/MP026/2023-2024/15,Shri Subhas Chandra Bose Pilli (2020-26),,,Andhra Pradesh,8,,Normal/Others,Construction of CC Road Yenduru Subhadra Land to Medisetti Satyanarayana House  in K.Gagannadhapuram (V) of Ainavilli Mandal,49810,52705
Rajya Sabha,Rajya Sabha,2,Andhra Pradesh,3017190,Shri Subhas Chandra Bose Pilli,2020-26,Works Completed,"WS/MP026/2023-2024/52706-Construction of roads, link roads, pathways or any other road with or without drainage system",496814,21-Jul-2025,577495,0.0,Sitting Rajya Sabha,545,True,3,Dr. B.R. Ambedkar Konaseema(DISTRICT COLLECTOR Dr B R AMBEDKAR KONASEEMA_IDA),LN/MP026/2023-2024/15,Shri Subhas Chandra Bose Pilli (2020-26),,,Andhra Pradesh,9,,Normal/Others,Construction of CC Road at Seela palem locality from Munukoti Kannaji Land to Nichana Kolla Krishna Land in K.Gagannadhapuram (V) of Ayinavilli Mandal,49797,52706
Rajya Sabha,Rajya Sabha,2,Andhra Pradesh,3017190,Shri Subhas Chandra Bose Pilli,2020-26,Works Completed,"WS/MP026/2023-2024/52707-Construction of roads, link roads, pathways or any other road with or without drainage system",496814,21-Jul-2025,577557,0.0,Sitting Rajya Sabha,545,True,3,Dr. B.R. Ambedkar Konaseema(DISTRICT COLLECTOR Dr B R AMBEDKAR KONASEEMA_IDA),LN/MP026/2023-2024/15,Shri Subhas Chandra Bose Pilli (2020-26),,,Andhra Pradesh,10,,Normal/Others,Construction of CC Road from Yenduri Ravi Land to Yenduri Subhadra Land in K.Gagannadhapuram (V) of Ayinavilli Mandal,49812,52707
Rajya Sabha,Rajya Sabha,2,Andhra Pradesh,3017190,Shri Subhas Chandra Bose Pilli,2020-26,Works Completed,WS/MP026/2023-2024/52720-Construction of buildings for community cultural activities,1418529,21-Oct-2025,1679502,0.0,Sitting Rajya Sabha,545,True,3,Kakinada(DISTRICT COLLECTOR KAKINADA_IDA),LN/MP026/2023-2024/16,Shri Subhas Chandra Bose Pilli (2020-26),,,Andhra Pradesh,11,,Normal/Others,Construction of Multipurpose Activities Center at Ghorsa (V) of Kothapalli Mandal of Kakinada District,133005,52720
Rajya Sabha,Rajya Sabha,2,Andhra Pradesh,3017190,Shri Subhas Chandra Bose Pilli,2020-26,Works Completed,WS/MP026/2023-2024/52721-Providing drains and gutters for public drainage,499179,22-Jul-2025,1186864,0.0,Sitting Rajya Sabha,545,True,3,Kakinada(DISTRICT COLLECTOR KAKINADA_IDA),LN/MP026/2023-2024/16,Shri Subhas Chandra Bose Pilli (2020-26),,,Andhra Pradesh,12,,Normal/Others,Construction of CC Drains from Datla Bhaskaramma (H) to Sudharsan Gopalachari (H) in Pillanka Village of Tallarevu Mandal,92066,52721
Rajya Sabha,Rajya Sabha,2,Andhra Pradesh,3017190,Shri Subhas Chandra Bose Pilli,2020-26,Works Completed,WS/MP026/2023-2024/52722-Providing drains and gutters for public drainage,498455,22-Jul-2025,1186813,0.0,Sitting Rajya Sabha,545,True,3,Kakinada(DISTRICT COLLECTOR KAKINADA_IDA),LN/MP026/2023-2024/16,Shri Subhas Chandra Bose Pilli (2020-26),,,Andhra Pradesh,13,,Normal/Others,Construction of CC Drains fromSagi Venkatapathi Raju (H) to  Datla Bhaskaramma (H)  in Pillanka Village of Tallarevu Mandal,92054,52722
Rajya Sabha,Rajya Sabha,2,Andhra Pradesh,3017190,Shri Subhas Chandra Bose Pilli,2020-26,Works Completed,WS/MP026/2023-2024/52723-Providing drains and gutters for public drainage,498302,22-Jul-2025,1186888,0.0,Sitting Rajya Sabha,545,True,3,Kakinada(DISTRICT COLLECTOR KAKINADA_IDA),LN/MP026/2023-2024/16,Shri Subhas Chandra Bose Pilli (2020-26),,,Andhra Pradesh,14,,Normal/Others,Construction of CC Drains from Sagi Subrahmanyam Raju (H) to Sagi Venkatapathi Raju (H)  in Pillanka Village of Tallarevu Mandal,92072,52723
Rajya Sabha,Rajya Sabha,2,Andhra Pradesh,3017190,Shri Subhas Chandra Bose Pilli,2020-26,Works Completed,WS/MP026/2023-2024/52724-Providing drains and gutters for public drainage,496320,11-Jul-2025,654526,0.0,Sitting Rajya Sabha,545,True,3,Kakinada(DISTRICT COLLECTOR KAKINADA_IDA),LN/MP026/2023-2024/16,Shri Subhas Chandra Bose Pilli (2020-26),,,Andhra Pradesh,15,,Normal/Others,Construction of CC Drains from Uta Kalva to Mokkarala Ramachandra Rao (H) in Pillanka Village of Tallarevu Mandal,57495,52724
Rajya Sabha,Rajya Sabha,2,Andhra Pradesh,3017190,Shri Subhas Chandra Bose Pilli,2020-26,Works Completed,WS/MP026/2023-2024/52725-Providing drains and gutters for public drainage,497919,22-Jul-2025,654558,0.0,Sitting Rajya Sabha,545,True,3,Kakinada(DISTRICT COLLECTOR KAKINADA_IDA),LN/MP026/2023-2024/16,Shri Subhas Chandra Bose Pilli (2020-26),,,Andhra Pradesh,16,,Normal/Others,Construction of CC Drains from Mokkarala Ramachandra Rao (H) to ZPHS School in  Pillanka Village of Tallarevu Mandal,57498,52725
Rajya Sabha,Rajya Sabha,2,Andhra Pradesh,3017190,Shri Subhas Chandra Bose Pilli,2020-26,Works Completed,WS/MP026/2023-2024/52726-Construction of buildings for community cultural activities,894752,16-May-2026,,0.0,Sitting Rajya Sabha,545,,3,WEST GODAVARI(DISTRICT COLLECTOR WEST GODAVARI_IDA),LN/MP026/2023-2024/17,Shri Subhas Chandra Bose Pilli (2020-26),,,Andhra Pradesh,17,,Normal/Others,"Construction of Multipurpose Activities Center in SC Locality at Lankapeta, Siddam (V), Penugonda (M) of WG District",145534,52726
Rajya Sabha,Rajya Sabha,2,Andhra Pradesh,3017190,Shri Subhas Chandra Bose Pilli,2020-26,Works Completed,WS/MP026/2023-2024/52727-Construction of community centers and community halls,898181,16-May-2026,,0.0,Sitting Rajya Sabha,545,,3,WEST GODAVARI(DISTRICT COLLECTOR WEST GODAVARI_IDA),LN/MP026/2023-2024/17,Shri Subhas Chandra Bose Pilli (2020-26),,,Andhra Pradesh,18,,Normal/Others,"Construction of SC Community Hall at cheruvupeta, Siddantam (V), Penugonda (M) of WG Dist",154215,52727
Rajya Sabha,Rajya Sabha,2,Andhra Pradesh,3017190,Shri Subhas Chandra Bose Pilli,2020-26,Works Completed,WS/MP026/2023-2024/52728-Construction of buildings for community cultural activities,902778,16-May-2026,,0.0,Sitting Rajya Sabha,545,,3,WEST GODAVARI(DISTRICT COLLECTOR WEST GODAVARI_IDA),LN/MP026/2023-2024/17,Shri Subhas Chandra Bose Pilli (2020-26),,,Andhra Pradesh,19,,Normal/Others,"Construction of Multipurpose Activities Center at Dongaravipalem (V), Penugonda (M) of WG Dist",162728,52728
Rajya Sabha,Rajya Sabha,2,Andhra Pradesh,3017190,Shri Subhas Chandra Bose Pilli,2020-26,Works Completed,WS/MP026/2023-2024/55422-Construction of boundary walls of existing public and community buildings,1428197,29-Mar-2026,2121125,0.0,Sitting Rajya Sabha,545,True,3,Bapatla(DISTRICT COLLECTOR BAPATLA_IDA),LN/MP026/2023-2024/18,Shri Subhas Chandra Bose Pilli (2020-26),,,Andhra Pradesh,20,,Normal/Others,"Construction of Compound Wall to Community Hall at Bharatha Nagar ( SC Locality) Kondubhotlapalem Village, Bapatla Mandal and District",103144,55422
Rajya Sabha,Rajya Sabha,2,Andhra Pradesh,3017190,Shri Subhas Chandra Bose Pilli,2020-26,Works Completed,WS/MP026/2023-2024/55423-Construction of boundary walls of existing public and community buildings,666492,29-Mar-2026,2121121,0.0,Sitting Rajya Sabha,545,True,3,Bapatla(DISTRICT COLLECTOR BAPATLA_IDA),LN/MP026/2023-2024/18,Shri Subhas Chandra Bose Pilli (2020-26),,,Andhra Pradesh,21,,Normal/Others,"Construction of Compound Wall to the Reading Room at Dalithwada, Kondubhotlapalem Village of Bapatla Mandal and District",103139,55423
Rajya Sabha,Rajya Sabha,2,Andhra Pradesh,3017190,Shri Subhas Chandra Bose Pilli,2020-26,Works Completed,"WS/MP026/2023-2024/71440-Construction of roads, link roads, pathways or any other road with or without drainage system",477012,23-Feb-2024,634021,0.0,Sitting Rajya Sabha,545,True,3,Sri Potti Sriramulu Nellore(DISTRICT COLLECTOR NELLORE_IDA),LN/MP026/2023-2024/21,Shri Subhas Chandra Bose Pilli (2020-26),,,Andhra Pradesh,22,,Normal/Others,Construction of CC Road (Bit-1) at Rayalaseema Colony of Iskapalem Gram Panchayat in Buchireddypalem Mandal of SPSR Nellore District,23843,71440
Rajya Sabha,Rajya Sabha,2,Andhra Pradesh,3017190,Shri Subhas Chandra Bose Pilli,2020-26,Works Completed,"WS/MP026/2023-2024/71441-Construction of roads, link roads, pathways or any other road with or without drainage system",434704,23-Feb-2024,634039,0.0,Sitting Rajya Sabha,545,True,3,Sri Potti Sriramulu Nellore(DISTRICT COLLECTOR NELLORE_IDA),LN/MP026/2023-2024/21,Shri Subhas Chandra Bose Pilli (2020-26),,,Andhra Pradesh,23,,Normal/Others,Construction of CC Road (Bit-II) at Rayalaseema Colony of Iskapalem Gram Panchayat in Buchireddypalem Mandal of SPSR Nellore District,23839,71441
Rajya Sabha,Rajya Sabha,2,Andhra Pradesh,3017190,Shri Subhas Chandra Bose Pilli,2020-26,Works Completed,WS/MP026/2023-2024/72933-Construction of culverts and bridges,2814190,14-Jan-2026,920544,0.0,Sitting Rajya Sabha,545,True,3,Dr. B.R. Ambedkar Konaseema(DISTRICT COLLECTOR Dr B R AMBEDKAR KONASEEMA_IDA),LN/MP026/2023-2024/23,Shri Subhas Chandra Bose Pilli (2020-26),,,Andhra Pradesh,24,,Normal/Others,Construction of Culvert on the Irrgation Drain at Kannadathota H/O Thotapeta Village of Ramachandrapuram,75247,72933
Rajya Sabha,Rajya Sabha,2,Andhra Pradesh,3017190,Shri Subhas Chandra Bose Pilli,2020-26,Works Completed,WS/MP026/2024-2025/136823-Crematoriums/energy efficient crematoriums or structures on burial/cremation ground,1894566,14-Jan-2026,1852769,0.0,Sitting Rajya Sabha,545,True,3,Dr. B.R. Ambedkar Konaseema(DISTRICT COLLECTOR Dr B R AMBEDKAR KONASEEMA_IDA),LN/MP026/2024-2025/35,Shri Subhas Chandra Bose Pilli (2020-26),,,Andhra Pradesh,25,,Normal/Others,"Construction of Burrial Ground at Bhimakrosupalem, Ramachandrapuram (M), Dr.B.R Ambedkar Konaseema District.",149937,136823
Rajya Sabha,Rajya Sabha,2,Andhra Pradesh,3017190,Shri Subhas Chandra Bose Pilli,2020-26,Works Completed,WS/MP026/2024-2025/136824-Construction of additional rooms and halls in the existing public and community building,935884,21-Jul-2025,1216969,0.0,Sitting Rajya Sabha,545,True,3,Dr. B.R. Ambedkar Konaseema(DISTRICT COLLECTOR Dr B R AMBEDKAR KONASEEMA_IDA),LN/MP026/2024-2025/35,Shri Subhas Chandra Bose Pilli (2020-26),,,Andhra Pradesh,26,,Normal/Others,"Construction of Additional Room and Slab  at S.C.(Madiga) Community hall Hasanbada, Ramachandrapuram (M), Dr.B.R Ambedkar Konaseema District",93931,136824
Rajya Sabha,Rajya Sabha,2,Andhra Pradesh,3017190,Shri Subhas Chandra Bose Pilli,2020-26,Works Completed,"WS/MP026/2024-2025/141529-Construction of roads, link roads, pathways or any other road with or without drainage system",494333,21-Jul-2025,1352981,0.0,Sitting Rajya Sabha,545,True,3,Dr. B.R. Ambedkar Konaseema(DISTRICT COLLECTOR Dr B R AMBEDKAR KONASEEMA_IDA),LN/MP026/2024-2025/36,Shri Subhas Chandra Bose Pilli (2020-26),,,Andhra Pradesh,27,,Normal/Others,Formation of Approach Road to Burial Ground of S.C Community at Venkatayapalem Village of Ramachandrapuram Mandal,103306,141529
Rajya Sabha,Rajya Sabha,2,Andhra Pradesh,3017190,Shri Subhas Chandra Bose Pilli,2020-26,Works Completed,"WS/MP026/2024-2025/141531-Construction of roads, link roads, pathways or any other road with or without drainage system",492549,21-Jul-2025,1353003,0.0,Sitting Rajya Sabha,545,True,3,Dr. B.R. Ambedkar Konaseema(DISTRICT COLLECTOR Dr B R AMBEDKAR KONASEEMA_IDA),LN/MP026/2024-2025/36,Shri Subhas Chandra Bose Pilli (2020-26),,,Andhra Pradesh,28,,Normal/Others,Construction of Internal CC Roads from K Srinivasaraju House to G.Ramana House &Tadigoyya Road to Dumping Yard  in Venkatayapalem Village of Ramachandrapuram Mandal,103309,141531
Rajya Sabha,Rajya Sabha,2,Andhra Pradesh,3017190,Shri Subhas Chandra Bose Pilli,2020-26,Works Completed,WS/MP026/2024-2025/141536-Providing drains and gutters for public drainage,491289,17-Jul-2025,1440631,0.0,Sitting Rajya Sabha,545,True,3,Dr. B.R. Ambedkar Konaseema(DISTRICT COLLECTOR Dr B R AMBEDKAR KONASEEMA_IDA),LN/MP026/2024-2025/36,Shri Subhas Chandra Bose Pilli (2020-26),,,Andhra Pradesh,29,,Normal/Others,Construction of Drain from Guttula Kesava Rao House to Kudupudi SubbaRao House in Gollalcheruvu H/o Kandulapalem Village of Ramachandrapuram Mandal,111406,141536
Rajya Sabha,Rajya Sabha,2,Andhra Pradesh,3017190,Shri Subhas Chandra Bose Pilli,2020-26,Works Completed,WS/MP026/2024-2025/141603-Development of playfields and sports grounds,2931050,19-Apr-2026,1587158,0.0,Sitting Rajya Sabha,545,True,3,Dr. B.R. Ambedkar Konaseema(DISTRICT COLLECTOR Dr B R AMBEDKAR KONASEEMA_IDA),LN/MP026/2024-2025/37,Shri Subhas Chandra Bose Pilli (2020-26),,,Andhra Pradesh,30,,Normal/Others,"Providing Open Gym equipment in ZP High School play ground at Surayanagar, Amalapuram",124343,141603
Rajya Sabha,Rajya Sabha,2,Andhra Pradesh,3017190,Shri Subhas Chandra Bose Pilli,2020-26,Works Completed,"WS/MP026/2024-2025/154178-Construction of roads, link roads, pathways or any other road with or without drainage system",500000,19-Apr-2026,1733593,0.0,Sitting Rajya Sabha,545,True,3,Dr. B.R. Ambedkar Konaseema(DISTRICT COLLECTOR Dr B R AMBEDKAR KONASEEMA_IDA),LN/MP026/2024-2025/38,Shri Subhas Chandra Bose Pilli (2020-26),,,Andhra Pradesh,31,,Normal/Others,"Construction of CC Road from Ganta Apparao House to Old CC Road  atAdampalli (V), K.Gangavaram(M),",138664,154178
Rajya Sabha,Rajya Sabha,2,Andhra Pradesh,3017190,Shri Subhas Chandra Bose Pilli,2020-26,Works Completed,"WS/MP026/2024-2025/154180-Construction of roads, link roads, pathways or any other road with or without drainage system",499988,17-Jul-2025,1364813,0.0,Sitting Rajya Sabha,545,True,3,Dr. B.R. Ambedkar Konaseema(DISTRICT COLLECTOR Dr B R AMBEDKAR KONASEEMA_IDA),LN/MP026/2024-2025/38,Shri Subhas Chandra Bose Pilli (2020-26),,,Andhra Pradesh,32,,Normal/Others,"Construction of CC Road from Rajive Gandhi Statue to Masabattula Rama rao (H) in SC Colony at Amujuru (V) of K.Gangavaram(M),",104378,154180
Rajya Sabha,Rajya Sabha,2,Andhra Pradesh,3017190,Shri Subhas Chandra Bose Pilli,2020-26,Works Completed,"WS/MP026/2024-2025/154181-Construction of roads, link roads, pathways or any other road with or without drainage system",499642,17-Jul-2025,1364823,0.0,Sitting Rajya Sabha,545,True,3,Dr. B.R. Ambedkar Konaseema(DISTRICT COLLECTOR Dr B R AMBEDKAR KONASEEMA_IDA),LN/MP026/2024-2025/38,Shri Subhas Chandra Bose Pilli (2020-26),,,Andhra Pradesh,33,,Normal/Others,"Construction of CC Road from Namavarapu Satyanarayana (H) to Shadi Khana  atAmujuru (V) of K.Gangavaram(M),",104381,154181
Rajya Sabha,Rajya Sabha,2,Andhra Pradesh,3017190,Shri Subhas Chandra Bose Pilli,2020-26,Works Completed,"WS/MP026/2024-2025/154182-Construction of roads, link roads, pathways or any other road with or without drainage system",499657,17-Jul-2025,1189981,0.0,Sitting Rajya Sabha,545,True,3,Dr. B.R. Ambedkar Konaseema(DISTRICT COLLECTOR Dr B R AMBEDKAR KONASEEMA_IDA),LN/MP026/2024-2025/38,Shri Subhas Chandra Bose Pilli (2020-26),,,Andhra Pradesh,34,,Normal/Others,"Construction of CC Road from Somalamma Temple to Grama Sachivalam at Balanthram (V) of K.Gangavaram(M),",92242,154182
Rajya Sabha,Rajya Sabha,2,Andhra Pradesh,3017190,Shri Subhas Chandra Bose Pilli,2020-26,Works Completed,WS/MP026/2024-2025/154183-Crematoriums/energy efficient crematoriums or structures on burial/cremation ground,486084,21-Jul-2025,1418767,0.0,Sitting Rajya Sabha,545,True,3,Dr. B.R. Ambedkar Konaseema(DISTRICT COLLECTOR Dr B R AMBEDKAR KONASEEMA_IDA),LN/MP026/2024-2025/38,Shri Subhas Chandra Bose Pilli (2020-26),,,Andhra Pradesh,35,,Normal/Others,"Providing Amenities to Burial Ground at Balantram(V) of K.Gangavaram(M),",109268,154183
Rajya Sabha,Rajya Sabha,2,Andhra Pradesh,3017190,Shri Subhas Chandra Bose Pilli,2020-26,Works Completed,"WS/MP026/2024-2025/154185-Construction of roads, link roads, pathways or any other road with or without drainage system",499487,19-Apr-2026,1516214,0.0,Sitting Rajya Sabha,545,True,3,Dr. B.R. Ambedkar Konaseema(DISTRICT COLLECTOR Dr B R AMBEDKAR KONASEEMA_IDA),LN/MP026/2024-2025/38,Shri Subhas Chandra Bose Pilli (2020-26),,,Andhra Pradesh,36,,Normal/Others,"Formation of Gravel and WBM Road from GudigallabhagaBaddi to Pilli Rambabu Field at Gudigallabhaga GP of K.Gangavaram Mandal,",118305,154185
Rajya Sabha,Rajya Sabha,2,Andhra Pradesh,3017190,Shri Subhas Chandra Bose Pilli,2020-26,Works Completed,WS/MP026/2024-2025/154188-Construction of community centers and community halls,499991,19-Apr-2026,1719540,0.0,Sitting Rajya Sabha,545,True,3,Dr. B.R. Ambedkar Konaseema(DISTRICT COLLECTOR Dr B R AMBEDKAR KONASEEMA_IDA),LN/MP026/2024-2025/38,Shri Subhas Chandra Bose Pilli (2020-26),,,Andhra Pradesh,37,,Normal/Others,"Construction of Multipurpose Hall at Railway New Colony at Kunduru(V), K.Gangavaram(M),",137108,154188
Rajya Sabha,Rajya Sabha,2,Andhra Pradesh,3017190,Shri Subhas Chandra Bose Pilli,2020-26,Works Completed,WS/MP026/2024-2025/154189-Purchase of furniture and fixtures for educational purposes,499940,19-Apr-2026,1719569,0.0,Sitting Rajya Sabha,545,True,3,Dr. B.R. Ambedkar Konaseema(DISTRICT COLLECTOR Dr B R AMBEDKAR KONASEEMA_IDA),LN/MP026/2024-2025/38,Shri Subhas Chandra Bose Pilli (2020-26),,,Andhra Pradesh,38,,Normal/Others,Providing furniture and amenities for education purpose to BC Community Multipurpose Hall at Railway New Colony at Kunduru (V) of K.Gangavaram Mandal,137114,154189
Rajya Sabha,Rajya Sabha,2,Andhra Pradesh,3017190,Shri Subhas Chandra Bose Pilli,2020-26,Works Completed,"WS/MP026/2024-2025/154190-Construction of roads, link roads, pathways or any other road with or without drainage system",498801,17-Jul-2025,1364830,0.0,Sitting Rajya Sabha,545,True,3,Dr. B.R. Ambedkar Konaseema(DISTRICT COLLECTOR Dr B R AMBEDKAR KONASEEMA_IDA),LN/MP026/2024-2025/38,Shri Subhas Chandra Bose Pilli (2020-26),,,Andhra Pradesh,39,,Normal/Others,"Construction of CC Road from Isukapatla Ramana (H) to Vara Abbulu (H) in SC Locality at Pamarru(V) of K.Gangavaram(M),",104382,154190
Rajya Sabha,Rajya Sabha,2,Andhra Pradesh,3017190,Shri Subhas Chandra Bose Pilli,2020-26,Works Completed,WS/MP026/2024-2025/154193-Construction of buildings for community cultural activities,499981,19-Apr-2026,1953437,0.0,Sitting Rajya Sabha,545,True,3,Dr. B.R. Ambedkar Konaseema(DISTRICT COLLECTOR Dr B R AMBEDKAR KONASEEMA_IDA),LN/MP026/2024-2025/38,Shri Subhas Chandra Bose Pilli (2020-26),,,Andhra Pradesh,40,,Normal/Others,"Construction of Ambedkar Bhavan At Rajawire H/o KOTA(V) of  of K.Gangavaram(M),",156911,154193
Rajya Sabha,Rajya Sabha,2,Andhra Pradesh,3017190,Shri Subhas Chandra Bose Pilli,2020-26,Works Completed,"WS/MP026/2024-2025/154194-Construction of roads, link roads, pathways or any other road with or without drainage system",499200,17-Jul-2025,1190815,0.0,Sitting Rajya Sabha,545,True,3,Dr. B.R. Ambedkar Konaseema(DISTRICT COLLECTOR Dr B R AMBEDKAR KONASEEMA_IDA),LN/MP026/2024-2025/38,Shri Subhas Chandra Bose Pilli (2020-26),,,Andhra Pradesh,41,,Normal/Others,"Construction of CC road from 1. KondepudiNanaji(H) to Venkatarao(H) 2.Rameshkumar(H) to Guttalasubbarao(H) at serilanka(V) of K.Gangavaram(M),",92324,154194
Rajya Sabha,Rajya Sabha,2,Andhra Pradesh,3017190,Shri Subhas Chandra Bose Pilli,2020-26,Works Completed,"WS/MP026/2024-2025/154195-Construction of roads, link roads, pathways or any other road with or without drainage system",498502,17-Jul-2025,1190845,0.0,Sitting Rajya Sabha,545,True,3,Dr. B.R. Ambedkar Konaseema(DISTRICT COLLECTOR Dr B R AMBEDKAR KONASEEMA_IDA),LN/MP026/2024-2025/38,Shri Subhas Chandra Bose Pilli (2020-26),,,Andhra Pradesh,42,,Normal/Others,"Construction of CC road from 1.KondepudiVeeraswami(H) to Kondepudi Nagaveni(H) 2.Kondepudi Chinna Venkatarao(H) to Kondepudisatyanarayana(H) at serilanka(V) of K.Gangavaram(M),",92332,154195
Rajya Sabha,Rajya Sabha,2,Andhra Pradesh,3017190,Shri Subhas Chandra Bose Pilli,2020-26,Works Completed,"WS/MP026/2024-2025/154198-Construction of roads, link roads, pathways or any other road with or without drainage system",499825,19-Apr-2026,1375246,0.0,Sitting Rajya Sabha,545,True,3,Dr. B.R. Ambedkar Konaseema(DISTRICT COLLECTOR Dr B R AMBEDKAR KONASEEMA_IDA),LN/MP026/2024-2025/38,Shri Subhas Chandra Bose Pilli (2020-26),,,Andhra Pradesh,43,,Normal/Others,"Construction of CC Road from Namavaripeta Ambedkar Statue to Yamani Satyanarayana Field at Nerredulanka H/o Tallpodu(V) of K.Gangavaram(M),",105082,154198
Rajya Sabha,Rajya Sabha,2,Andhra Pradesh,3017190,Shri Subhas Chandra Bose Pilli,2020-26,Works Completed,"WS/MP026/2024-2025/154199-Construction of roads, link roads, pathways or any other road with or without drainage system",499825,19-Apr-2026,1375253,0.0,Sitting Rajya Sabha,545,True,3,Dr. B.R. Ambedkar Konaseema(DISTRICT COLLECTOR Dr B R AMBEDKAR KONASEEMA_IDA),LN/MP026/2024-2025/38,Shri Subhas Chandra Bose Pilli (2020-26),,,Andhra Pradesh,44,,Normal/Others,"Construction of CC Road from Yamani Satyanarayana Field to MedisettiYedukondalu Field at Nerredulanka H/o Tallpodu(V) of K.Gangavaram(M),",105086,154199
Rajya Sabha,Rajya Sabha,2,Andhra Pradesh,3017190,Shri Subhas Chandra Bose Pilli,2020-26,Works Completed,"WS/MP026/2024-2025/172990-Construction of roads, link roads, pathways or any other road with or without drainage system",397393,19-Apr-2026,2019556,0.0,Sitting Rajya Sabha,545,True,3,Dr. B.R. Ambedkar Konaseema(DISTRICT COLLECTOR Dr B R AMBEDKAR KONASEEMA_IDA),LN/MP026/2024-2025/40,Shri Subhas Chandra Bose Pilli (2020-26),,,Andhra Pradesh,45,,Normal/Others,Construction of BT Road from R and B Road to Adabala Brahmanandam Land at Pallipalem Hamlet of  Gudapalli Village Malikipuram Mandal,163462,172990
Rajya Sabha,Rajya Sabha,2,Andhra Pradesh,3017190,Shri Subhas Chandra Bose Pilli,2020-26,Works Completed,"WS/MP026/2024-2025/172991-Construction of roads, link roads, pathways or any other road with or without drainage system",387614,19-Apr-2026,2019633,0.0,Sitting Rajya Sabha,545,True,3,Dr. B.R. Ambedkar Konaseema(DISTRICT COLLECTOR Dr B R AMBEDKAR KONASEEMA_IDA),LN/MP026/2024-2025/40,Shri Subhas Chandra Bose Pilli (2020-26),,,Andhra Pradesh,46,,Normal/Others,Construction of BT Road from Adabala Brahmanandam Land to Babu Raju land at Pallipalem Hamlet of Gudapalli Village Malikipuram Mandal,163471,172991
Rajya Sabha,Rajya Sabha,2,Andhra Pradesh,3017190,Shri Subhas Chandra Bose Pilli,2020-26,Works Completed,"WS/MP026/2024-2025/172993-Construction of roads, link roads, pathways or any other road with or without drainage system",317582,19-Apr-2026,2053538,0.0,Sitting Rajya Sabha,545,True,3,Dr. B.R. Ambedkar Konaseema(DISTRICT COLLECTOR Dr B R AMBEDKAR KONASEEMA_IDA),LN/MP026/2024-2025/40,Shri Subhas Chandra Bose Pilli (2020-26),,,Andhra Pradesh,47,,Normal/Others,Construction of BT Road from  Kopadi Bandi Mutyala Raju Land to Adabala Narasimha Rao Land at Pallipalem Hamlet of Gudapalli Village Malikipuram Mandal,166413,172993
Rajya Sabha,Rajya Sabha,2,Andhra Pradesh,3017190,Shri Subhas Chandra Bose Pilli,2020-26,Works Completed,"WS/MP026/2024-2025/176729-Construction of roads, link roads, pathways or any other road with or without drainage system",369783,19-Apr-2026,2019708,0.0,Sitting Rajya Sabha,545,True,3,Dr. B.R. Ambedkar Konaseema(DISTRICT COLLECTOR Dr B R AMBEDKAR KONASEEMA_IDA),LN/MP026/2024-2025/41,Shri Subhas Chandra Bose Pilli (2020-26),,,Andhra Pradesh,48,,Normal/Others,"Construction of BT Road from Koppadi Bandi Mutyala Raju Land to Koppadi Bandi Mutyala Raju Land -Bit2 at Pallipalem Hamlet of  Gudapalli Village, Malikipuram",163481,176729
Rajya Sabha,Rajya Sabha,2,Andhra Pradesh,3017190,Shri Subhas Chandra Bose Pilli,2020-26,Works Completed,"WS/MP026/2025-2026/187703-Construction of roads, link roads, pathways or any other road with or without drainage system",487357,19-Apr-2026,2049215,0.0,Sitting Rajya Sabha,545,True,3,Dr. B.R. Ambedkar Konaseema(DISTRICT COLLECTOR Dr B R AMBEDKAR KONASEEMA_IDA),LN/MP026/2024-2025/42,Shri Subhas Chandra Bose Pilli (2020-26),,,Andhra Pradesh,49,,Normal/Others,Providing Gravel Road from Kadiyam Venkateswara Rao Makam to Mudu Kalva Mogga of Thilakuppa Village I Polavaram Mandal,166055,187703
Rajya Sabha,Rajya Sabha,2,Andhra Pradesh,3017190,Shri Subhas Chandra Bose Pilli,2020-26,Works Completed,"WS/MP026/2025-2026/187704-Construction of roads, link roads, pathways or any other road with or without drainage system",485978,19-Apr-2026,2049298,0.0,Sitting Rajya Sabha,545,True,3,Dr. B.R. Ambedkar Konaseema(DISTRICT COLLECTOR Dr B R AMBEDKAR KONASEEMA_IDA),LN/MP026/2024-2025/42,Shri Subhas Chandra Bose Pilli (2020-26),,,Andhra Pradesh,50,,Normal/Others,Providing Gravel Road from Kadiyam Nagababu Makam to Yalla Dorababu Makam of Thilakuppa Village I Polavaram Mandal,166078,187704
Rajya Sabha,Rajya Sabha,2,Andhra Pradesh,3017190,Shri Subhas Chandra Bose Pilli,2020-26,Works Completed,"WS/MP026/2025-2026/187705-Construction of roads, link roads, pathways or any other road with or without drainage system",487357,19-Apr-2026,2049327,0.0,Sitting Rajya Sabha,545,True,3,Dr. B.R. Ambedkar Konaseema(DISTRICT COLLECTOR Dr B R AMBEDKAR KONASEEMA_IDA),LN/MP026/2024-2025/42,Shri Subhas Chandra Bose Pilli (2020-26),,,Andhra Pradesh,51,,Normal/Others,Providing Gravel Road from Gundepudi Rambabu Raju Makam to Kona Anjaneyulu Makam of Thilakuppa Village I Polavaram Mandal,166081,187705
Rajya Sabha,Rajya Sabha,2,Andhra Pradesh,3017190,Shri Subhas Chandra Bose Pilli,2020-26,Works Completed,WS/MP026/2025-2026/200348-Construction of community centers and community halls,495030,19-Apr-2026,2019505,0.0,Sitting Rajya Sabha,545,True,3,Dr. B.R. Ambedkar Konaseema(DISTRICT COLLECTOR Dr B R AMBEDKAR KONASEEMA_IDA),LN/MP026/2025-2026/43,Shri Subhas Chandra Bose Pilli (2020-26),,,Andhra Pradesh,52,,Normal/Others,"Construction of Ambedkar Statue Shelter at A Agraharam H_o Yanamadala GP of Ramachandrapuram (M), Dr.B.R.Ambekar Konaseema District.",162204,200348
Rajya Sabha,Rajya Sabha,2,Andhra Pradesh,3017190,Shri Subhas Chandra Bose Pilli,2020-26,Works Completed,"WS/MP026/2025-2026/200350-Construction of roads, link roads, pathways or any other road with or without drainage system",248765,14-Jan-2026,1833717,0.0,Sitting Rajya Sabha,545,True,3,Dr. B.R. Ambedkar Konaseema(DISTRICT COLLECTOR Dr B R AMBEDKAR KONASEEMA_IDA),LN/MP026/2025-2026/43,Shri Subhas Chandra Bose Pilli (2020-26),,,Andhra Pradesh,53,,Normal/Others,"Formation of C.C Road from Pandiri Anasuya House to Battula Subrahmanyam House in Malapadu (V) , of Ramachandrapuram (M), Dr.B.R.Ambekar Konaseema District.",147822,200350
Rajya Sabha,Rajya Sabha,2,Andhra Pradesh,3017190,Shri Subhas Chandra Bose Pilli,2020-26,Works Completed,"WS/MP026/2025-2026/200357-Construction of roads, link roads, pathways or any other road with or without drainage system",499983,19-Apr-2026,1733062,0.0,Sitting Rajya Sabha,545,True,3,Dr. B.R. Ambedkar Konaseema(DISTRICT COLLECTOR Dr B R AMBEDKAR KONASEEMA_IDA),LN/MP026/2025-2026/43,Shri Subhas Chandra Bose Pilli (2020-26),,,Andhra Pradesh,54,,Normal/Others,"Construction of CC Road from Vasamsetti Siva House to Vasamsetti Krishna House at Yaarpothavaram Main(V) , K.Gangavaram (M), Dr.B.R.Ambedkar Konaseema District..",138585,200357
Rajya Sabha,Rajya Sabha,2,Andhra Pradesh,3017190,Shri Subhas Chandra Bose Pilli,2020-26,Works Completed,"WS/MP026/2025-2026/200358-Construction of roads, link roads, pathways or any other road with or without drainage system",499517,19-Apr-2026,1733159,0.0,Sitting Rajya Sabha,545,True,3,Dr. B.R. Ambedkar Konaseema(DISTRICT COLLECTOR Dr B R AMBEDKAR KONASEEMA_IDA),LN/MP026/2025-2026/43,Shri Subhas Chandra Bose Pilli (2020-26),,,Andhra Pradesh,55,,Normal/Others,"Construction of CC Road from Pilli Satyanarayana House to Rayudu Bhusayya House at Pampana vari palem Colony, Yaarpothavaram (V) , K.Gangavaram (M), Dr.B.R.Ambedkar Konaseema District..",138605,200358
Rajya Sabha,Rajya Sabha,2,Andhra Pradesh,3017190,Shri Subhas Chandra Bose Pilli,2020-26,Works Completed,"WS/MP026/2025-2026/200359-Construction of roads, link roads, pathways or any other road with or without drainage system",484176,14-Jan-2026,1870272,0.0,Sitting Rajya Sabha,545,True,3,Dr. B.R. Ambedkar Konaseema(DISTRICT COLLECTOR Dr B R AMBEDKAR KONASEEMA_IDA),LN/MP026/2025-2026/43,Shri Subhas Chandra Bose Pilli (2020-26),,,Andhra Pradesh,56,,Normal/Others,"Construction of a CC road  from Gudigalla Bhaga R and B Road to Dontamsetti Naga Malleswara Rao Site at Sivala (V), K. Gangavaram (M), Dr. B.R. Ambedkar Konaseema District..",151754,200359
Rajya Sabha,Rajya Sabha,2,Andhra Pradesh,3017190,Shri Subhas Chandra Bose Pilli,2020-26,Works Completed,"WS/MP026/2025-2026/200360-Construction of roads, link roads, pathways or any other road with or without drainage system",484573,14-Jan-2026,1870316,0.0,Sitting Rajya Sabha,545,True,3,Dr. B.R. Ambedkar Konaseema(DISTRICT COLLECTOR Dr B R AMBEDKAR KONASEEMA_IDA),LN/MP026/2025-2026/43,Shri Subhas Chandra Bose Pilli (2020-26),,,Andhra Pradesh,57,,Normal/Others,"Construction of a CC Road from Dontamsetti Naga Malleswara Rao Site to Donthamsetti Nagamalleswara Rao Site at Sivala (V), K. Gangavaram (M), Dr. B.R. Ambedkar Konaseema District..(BIT-1)",151757,200360
Rajya Sabha,Rajya Sabha,2,Andhra Pradesh,3017190,Shri Subhas Chandra Bose Pilli,2020-26,Works Completed,"WS/MP026/2025-2026/200361-Construction of roads, link roads, pathways or any other road with or without drainage system",485784,14-Jan-2026,1870346,0.0,Sitting Rajya Sabha,545,True,3,Dr. B.R. Ambedkar Konaseema(DISTRICT COLLECTOR Dr B R AMBEDKAR KONASEEMA_IDA),LN/MP026/2025-2026/43,Shri Subhas Chandra Bose Pilli (2020-26),,,Andhra Pradesh,58,,Normal/Others,"Construction of a CC road from Dontamsetti Naga Malleswara Rao Site to Main Burial Ground at Sivala (V), K. Gangavaram (M), Dr. B.R. Ambedkar Konaseema District. (BIT-2)",151759,200361
Rajya Sabha,Rajya Sabha,2,Andhra Pradesh,3017190,Shri Subhas Chandra Bose Pilli,2020-26,Works Completed,WS/MP026/2025-2026/200362-Construction of buildings for community cultural activities,493019,14-Jan-2026,1893601,0.0,Sitting Rajya Sabha,545,True,3,Dr. B.R. Ambedkar Konaseema(DISTRICT COLLECTOR Dr B R AMBEDKAR KONASEEMA_IDA),LN/MP026/2025-2026/43,Shri Subhas Chandra Bose Pilli (2020-26),,,Andhra Pradesh,59,,Normal/Others,"Construction of Multipurpose Hall at BC Area of Bhatlapalika(V) of K.Gangavaram (M), Dr.B.R.Ambedkar Konaseema District",154053,200362
Rajya Sabha,Rajya Sabha,2,Andhra Pradesh,3017190,Shri Subhas Chandra Bose Pilli,2020-26,Works Completed,WS/MP026/2025-2026/200365-Construction of buildings for community cultural activities,840750,19-Apr-2026,2007205,0.0,Sitting Rajya Sabha,545,True,3,Dr. B.R. Ambedkar Konaseema(DISTRICT COLLECTOR Dr B R AMBEDKAR KONASEEMA_IDA),LN/MP026/2025-2026/43,Shri Subhas Chandra Bose Pilli (2020-26),,,Andhra Pradesh,60,,Normal/Others,"Construction of Multipurpose Activities Centre in OC Localality at Thotapeta (V), Ramachandrapuram (M), Dr.B.R.Ambedkar Konaseema District.",162197,200365
Rajya Sabha,Rajya Sabha,2,Andhra Pradesh,3017190,Shri Subhas Chandra Bose Pilli,2020-26,Works Completed,"WS/MP026/2025-2026/200372-Construction of roads, link roads, pathways or any other road with or without drainage system",499650,19-Apr-2026,1733262,0.0,Sitting Rajya Sabha,545,True,3,Dr. B.R. Ambedkar Konaseema(DISTRICT COLLECTOR Dr B R AMBEDKAR KONASEEMA_IDA),LN/MP026/2025-2026/43,Shri Subhas Chandra Bose Pilli (2020-26),,,Andhra Pradesh,61,,Normal/Others,"Construction of WBM Road from Dangeru Teki Drain Bridge to Polisetti Raja Site at Dangeru (V), K.Gangavaram (M), Dr.B.R.Ambedkar Konaseema District.",138617,200372
Rajya Sabha,Rajya Sabha,2,Andhra Pradesh,3017190,Shri Subhas Chandra Bose Pilli,2020-26,Works Completed,"WS/MP026/2025-2026/200373-Construction of roads, link roads, pathways or any other road with or without drainage system",499330,19-Apr-2026,1733301,0.0,Sitting Rajya Sabha,545,True,3,Dr. B.R. Ambedkar Konaseema(DISTRICT COLLECTOR Dr B R AMBEDKAR KONASEEMA_IDA),LN/MP026/2025-2026/43,Shri Subhas Chandra Bose Pilli (2020-26),,,Andhra Pradesh,62,,Normal/Others,"Construction of WBM Road from Polisetti Raja Site to Velampalepu Veeraraju site at Dangeru (V), K.Gangavaram (M), Dr.B.R.Ambedkar Konaseema District.",138627,200373
Rajya Sabha,Rajya Sabha,2,Andhra Pradesh,3017190,Shri Subhas Chandra Bose Pilli,2020-26,Works Completed,"WS/MP026/2025-2026/200374-Construction of roads, link roads, pathways or any other road with or without drainage system",499057,19-Apr-2026,1733482,0.0,Sitting Rajya Sabha,545,True,3,Dr. B.R. Ambedkar Konaseema(DISTRICT COLLECTOR Dr B R AMBEDKAR KONASEEMA_IDA),LN/MP026/2025-2026/43,Shri Subhas Chandra Bose Pilli (2020-26),,,Andhra Pradesh,63,,Normal/Others,"Construction of WBM Road from   Velampalepu Veeraraju site to Srinivasa Colony at Dangeru (V), K.Gangavaram (M), Dr.B.R.Ambedkar Konaseema District.",138634,200374
Rajya Sabha,Rajya Sabha,2,Andhra Pradesh,3017190,Shri Subhas Chandra Bose Pilli,2020-26,Works Completed,"WS/MP026/2025-2026/200375-Construction of roads, link roads, pathways or any other road with or without drainage system",249639,19-Apr-2026,1733453,0.0,Sitting Rajya Sabha,545,True,3,Dr. B.R. Ambedkar Konaseema(DISTRICT COLLECTOR Dr B R AMBEDKAR KONASEEMA_IDA),LN/MP026/2025-2026/43,Shri Subhas Chandra Bose Pilli (2020-26),,,Andhra Pradesh,64,,Normal/Others,"Construction of CC Road from Angadi Sathibabu House to Racha Yedukondalu House at Vasalarevu , Hamlet of  Danageru (V), K.Gangavaram (M), Dr.B.R.Ambedkar Konaseema District.",138651,200375
Rajya Sabha,Rajya Sabha,2,Andhra Pradesh,3017190,Shri Subhas Chandra Bose Pilli,2020-26,Works Completed,"WS/MP026/2025-2026/200376-Construction of roads, link roads, pathways or any other road with or without drainage system",249590,19-Apr-2026,1733521,0.0,Sitting Rajya Sabha,545,True,3,Dr. B.R. Ambedkar Konaseema(DISTRICT COLLECTOR Dr B R AMBEDKAR KONASEEMA_IDA),LN/MP026/2025-2026/43,Shri Subhas Chandra Bose Pilli (2020-26),,,Andhra Pradesh,65,,Normal/Others,"Constructoin of CC Road from Balasadi Lakshmanarao House to Balasadi Srinu House at Vasalarevu , Hamlet of Danageru(V), K.Gangavaram (M), Dr.B.R.Ambedkar Konaseema District.",138660,200376
Rajya Sabha,Rajya Sabha,2,Andhra Pradesh,3017190,Shri Subhas Chandra Bose Pilli,2020-26,Works Completed,"WS/MP026/2025-2026/200385-Construction of roads, link roads, pathways or any other road with or without drainage system",488201,14-Jan-2026,1893446,0.0,Sitting Rajya Sabha,545,True,3,Dr. B.R. Ambedkar Konaseema(DISTRICT COLLECTOR Dr B R AMBEDKAR KONASEEMA_IDA),LN/MP026/2025-2026/43,Shri Subhas Chandra Bose Pilli (2020-26),,,Andhra Pradesh,66,,Normal/Others,"Construction of CC Road at Kota vari Street at Balantram (V), K.Gangavaram (M), DR.B.R.Ambedkar Konaseema District.",154039,200385
Rajya Sabha,Rajya Sabha,2,Andhra Pradesh,3017190,Shri Subhas Chandra Bose Pilli,2020-26,Works Completed,"WS/MP026/2025-2026/200386-Construction of roads, link roads, pathways or any other road with or without drainage system",487516,14-Jan-2026,1870411,0.0,Sitting Rajya Sabha,545,True,3,Dr. B.R. Ambedkar Konaseema(DISTRICT COLLECTOR Dr B R AMBEDKAR KONASEEMA_IDA),LN/MP026/2025-2026/43,Shri Subhas Chandra Bose Pilli (2020-26),,,Andhra Pradesh,67,,Normal/Others,"Construction of CC Road from Nukalamma temple to Kudupudi Nageswara Rao House in Kundalama Cheruvu (V), Hamlet e of  Vegayammapeta (V), Ramachandrapuram Mandal,Dr.B.R.Ambedkar Konaseema District.",151766,200386
Rajya Sabha,Rajya Sabha,2,Andhra Pradesh,3017190,Shri Subhas Chandra Bose Pilli,2020-26,Works Completed,"WS/MP026/2025-2026/200387-Construction of roads, link roads, pathways or any other road with or without drainage system",487290,19-Apr-2026,1870437,0.0,Sitting Rajya Sabha,545,True,3,Dr. B.R. Ambedkar Konaseema(DISTRICT COLLECTOR Dr B R AMBEDKAR KONASEEMA_IDA),LN/MP026/2025-2026/43,Shri Subhas Chandra Bose Pilli (2020-26),,,Andhra Pradesh,68,,Normal/Others,"Construction of CC Road from Nukalamma temple to MPP School in Kundalama Cheruvu (V), Hamlet of  Vegayammapeta, Ramachandrapuram Mandal,Dr.B.R.Ambedkar Konaseema District.",151768,200387
Rajya Sabha,Rajya Sabha,2,Andhra Pradesh,3017190,Shri Subhas Chandra Bose Pilli,2020-26,Works Completed,"WS/MP026/2025-2026/200390-Construction of roads, link roads, pathways or any other road with or without drainage system",486500,14-Jan-2026,1893491,0.0,Sitting Rajya Sabha,545,True,3,Dr. B.R. Ambedkar Konaseema(DISTRICT COLLECTOR Dr B R AMBEDKAR KONASEEMA_IDA),LN/MP026/2025-2026/43,Shri Subhas Chandra Bose Pilli (2020-26),,,Andhra Pradesh,69,,Normal/Others,"Constructon of CC Road from Chitturi Rajeswari house to Dumping Yard at Tallapodu, Hamlet of Pekeru (v) K.Gangavaram (M), Dr.B.R.Ambedkar Konaseema District.",151769,200390
Rajya Sabha,Rajya Sabha,2,Andhra Pradesh,3017190,Shri Subhas Chandra Bose Pilli,2020-26,Works Completed,WS/MP026/2025-2026/201989-Installation of fixed garden gym equipment,500000,13-Jan-2026,1835853,0.0,Sitting Rajya Sabha,545,True,3,Kakinada(DISTRICT COLLECTOR KAKINADA_IDA),LN/MP026/2025-2026/44,Shri Subhas Chandra Bose Pilli (2020-26),,,Andhra Pradesh,70,,Normal/Others,"Providing Zym Equipment and Amenities in Badminton Indoor Stadium, DSA, Kakinada, Kakinada District..",139476,201989
Rajya Sabha,Rajya Sabha,2,Andhra Pradesh,3017190,Shri Subhas Chandra Bose Pilli,2020-26,Works Completed,WS/MP026/2025-2026/201993-Providing drains and gutters for public drainage,498157,20-Mar-2026,2070926,0.0,Sitting Rajya Sabha,545,True,3,Kakinada(DISTRICT COLLECTOR KAKINADA_IDA),LN/MP026/2025-2026/44,Shri Subhas Chandra Bose Pilli (2020-26),,,Andhra Pradesh,71,,Normal/Others,"Construction of CC Drain from Sagi venkata Subbaraju (H) to Pakalapati Jayaraju (H)  in Pillanka(V), Tallarevu(M), Kakinada District.",168166,201993
Rajya Sabha,Rajya Sabha,2,Andhra Pradesh,3017190,Shri Subhas Chandra Bose Pilli,2020-26,Works Completed,WS/MP026/2025-2026/201994-Providing drains and gutters for public drainage,756833,20-Mar-2026,2070857,0.0,Sitting Rajya Sabha,545,True,3,Kakinada(DISTRICT COLLECTOR KAKINADA_IDA),LN/MP026/2025-2026/44,Shri Subhas Chandra Bose Pilli (2020-26),,,Andhra Pradesh,72,,Normal/Others,"Construction of CC Drain from Sagi Minor Raju (H) to Chodaraju Padmavathi (H) in Pillanka(V), Tallarevu(M), Kakinada District.",168159,201994
Rajya Sabha,Rajya Sabha,2,Andhra Pradesh,3017190,Shri Subhas Chandra Bose Pilli,2020-26,Works Completed,WS/MP026/2025-2026/201995-Providing drains and gutters for public drainage,398900,20-Mar-2026,2070348,0.0,Sitting Rajya Sabha,545,True,3,Kakinada(DISTRICT COLLECTOR KAKINADA_IDA),LN/MP026/2025-2026/44,Shri Subhas Chandra Bose Pilli (2020-26),,,Andhra Pradesh,73,,Normal/Others,"Construction of CC drain from Katta ramudu (H) to Veluri Venkata Kameswarao (H), in Pillanka(V), Tallarevu(M), Kakinada District.",168113,201995
Rajya Sabha,Rajya Sabha,2,Andhra Pradesh,3017190,Shri Subhas Chandra Bose Pilli,2020-26,Works Completed,WS/MP026/2025-2026/202399-Construction of additional rooms and halls in the existing public and community building,492070,14-Jan-2026,1893773,0.0,Sitting Rajya Sabha,545,True,3,Dr. B.R. Ambedkar Konaseema(DISTRICT COLLECTOR Dr B R AMBEDKAR KONASEEMA_IDA),LN/MP026/2025-2026/45,Shri Subhas Chandra Bose Pilli (2020-26),,,Andhra Pradesh,74,,Normal/Others,Construction of Additional Room to Multipurpose Hall in BC Area of Patha Bhatlapalika Village of K.Gangavaram Mandal,154072,202399
Rajya Sabha,Rajya Sabha,2,Andhra Pradesh,3017190,Shri Subhas Chandra Bose Pilli,2020-26,Works Completed,WS/MP026/2025-2026/202401-Construction of additional rooms and halls in the existing public and community building,498612,19-Apr-2026,2049444,0.0,Sitting Rajya Sabha,545,True,3,Dr. B.R. Ambedkar Konaseema(DISTRICT COLLECTOR Dr B R AMBEDKAR KONASEEMA_IDA),LN/MP026/2025-2026/45,Shri Subhas Chandra Bose Pilli (2020-26),,,Andhra Pradesh,75,,Normal/Others,"Construction of Additional Room to Multipurpose Activities Center (General) in  Satyawada (V), K.Gangavaram (M), Dr.B.R.Ambedkar Konaseema District.",166084,202401
Rajya Sabha,Rajya Sabha,2,Andhra Pradesh,3017190,Shri Subhas Chandra Bose Pilli,2020-26,Works Completed,WS/MP026/2025-2026/202407-Construction of additional rooms and halls in the existing public and community building,500000,14-Jan-2026,1833677,0.0,Sitting Rajya Sabha,545,True,3,Dr. B.R. Ambedkar Konaseema(DISTRICT COLLECTOR Dr B R AMBEDKAR KONASEEMA_IDA),LN/MP026/2025-2026/45,Shri Subhas Chandra Bose Pilli (2020-26),,,Andhra Pradesh,76,,Normal/Others,"Construction of Additional Room to Multi purpose Community Hall at Rajaka Community in Palivela(V) Kothapeta Mandal,Dr.B.R.Ambedkar Konaseema District.",147301,202407
Rajya Sabha,Rajya Sabha,2,Andhra Pradesh,3017190,Shri Subhas Chandra Bose Pilli,2020-26,Works Completed,"WS/MP026/2025-2026/203900-Construction of roads, link roads, pathways or any other road with or without drainage system",472345,19-Apr-2026,2051623,0.0,Sitting Rajya Sabha,545,True,3,Dr. B.R. Ambedkar Konaseema(DISTRICT COLLECTOR Dr B R AMBEDKAR KONASEEMA_IDA),LN/MP026/2025-2026/48,Shri Subhas Chandra Bose Pilli (2020-26),,,Andhra Pradesh,77,,Normal/Others,"Providing Gravel Road from Neelagiri Narendra House to Narni Shesha Siva Rao land in Mogallamuru (V), Allavaram (M)",166274,203900
Rajya Sabha,Rajya Sabha,2,Andhra Pradesh,3017190,Shri Subhas Chandra Bose Pilli,2020-26,Works Completed,"WS/MP026/2025-2026/203901-Construction of roads, link roads, pathways or any other road with or without drainage system",472091,19-Apr-2026,2051608,0.0,Sitting Rajya Sabha,545,True,3,Dr. B.R. Ambedkar Konaseema(DISTRICT COLLECTOR Dr B R AMBEDKAR KONASEEMA_IDA),LN/MP026/2025-2026/48,Shri Subhas Chandra Bose Pilli (2020-26),,,Andhra Pradesh,78,,Normal/Others,"Providing Gravel Road from Narni Narayana Murthy House to Rokkala Suseela site in Mogallamuru (V), Allavaram (M)",166270,203901
Rajya Sabha,Rajya Sabha,2,Andhra Pradesh,3017190,Shri Subhas Chandra Bose Pilli,2020-26,Works Completed,"WS/MP026/2025-2026/222298-Construction of roads, link roads, pathways or any other road with or without drainage system",498838,19-Apr-2026,2051593,0.0,Sitting Rajya Sabha,545,True,3,Dr. B.R. Ambedkar Konaseema(DISTRICT COLLECTOR Dr B R AMBEDKAR KONASEEMA_IDA),LN/MP026/2025-2026/49,Shri Subhas Chandra Bose Pilli (2020-26),,,Andhra Pradesh,79,,Normal/Others,Construction of CC Road from Vardanpu Veera Raghavalu House to Namana Anantha House at Magatapalli Village of Mamidikuduru Mandal,166266,222298
Rajya Sabha,Rajya Sabha,2,Andhra Pradesh,3017190,Shri Subhas Chandra Bose Pilli,2020-26,Works Completed,"WS/MP026/2025-2026/222299-Construction of roads, link roads, pathways or any other road with or without drainage system",497947,19-Apr-2026,2051599,0.0,Sitting Rajya Sabha,545,True,3,Dr. B.R. Ambedkar Konaseema(DISTRICT COLLECTOR Dr B R AMBEDKAR KONASEEMA_IDA),LN/MP026/2025-2026/49,Shri Subhas Chandra Bose Pilli (2020-26),,,Andhra Pradesh,80,,Normal/Others,"Construction of CC Road from  Namana Anantha House to Namana Satyanarayana Land at Magatapalli Village of Mamidikuduru Mandal,Dr.B.R.Ambedkar Konaseema District.",166267,222299
Rajya Sabha,Rajya Sabha,2,Andhra Pradesh,3017190,Shri Subhas Chandra Bose Pilli,2020-26,Works Completed,"WS/MP026/2025-2026/222300-Construction of roads, link roads, pathways or any other road with or without drainage system",499453,19-Apr-2026,2051604,0.0,Sitting Rajya Sabha,545,True,3,Dr. B.R. Ambedkar Konaseema(DISTRICT COLLECTOR Dr B R AMBEDKAR KONASEEMA_IDA),LN/MP026/2025-2026/49,Shri Subhas Chandra Bose Pilli (2020-26),,,Andhra Pradesh,81,,Normal/Others,"Construction of CC Road from Namana Satyanarayana Land to Namana Nageswara Rao land at Magatapalli Village of Mamidikuduru Mandal ,Dr.B.R.Ambedkar Konaseema District.",166269,222300
Rajya Sabha,Rajya Sabha,2,Andhra Pradesh,3017190,Shri Subhas Chandra Bose Pilli,2020-26,Works Completed,WS/MP026/2025-2026/222304-Construction of buildings for community cultural activities,497315,19-Apr-2026,2051414,0.0,Sitting Rajya Sabha,545,True,3,Dr. B.R. Ambedkar Konaseema(DISTRICT COLLECTOR Dr B R AMBEDKAR KONASEEMA_IDA),LN/MP026/2025-2026/49,Shri Subhas Chandra Bose Pilli (2020-26),,,Andhra Pradesh,82,,Normal/Others,"Construction of MultiPurose Hall at BC area in  Dongalagudem, H_o Bhatlapalika Village of K.Gangavaram Mandal, Dr.B.R.Ambedkar Konaseema District.",166252,222304
Rajya Sabha,Rajya Sabha,2,Andhra Pradesh,3017190,Shri Subhas Chandra Bose Pilli,2020-26,Works Completed,WS/MP026/2025-2026/222305-Construction of additional rooms and halls in the existing public and community building,496414,19-Apr-2026,2051422,0.0,Sitting Rajya Sabha,545,True,3,Dr. B.R. Ambedkar Konaseema(DISTRICT COLLECTOR Dr B R AMBEDKAR KONASEEMA_IDA),LN/MP026/2025-2026/49,Shri Subhas Chandra Bose Pilli (2020-26),,,Andhra Pradesh,83,,Normal/Others,"Construction of Additional Room to Multipurpose Hall at BC area in Dongalagudem, H_o Bhatlapalika Village of K.Gangavaram Mandal , Dr.B.R.Ambedkar Konaseema District.",166253,222305
Rajya Sabha,Rajya Sabha,2,Andhra Pradesh,3017190,Shri Subhas Chandra Bose Pilli,2020-26,Works Completed,"WS/MP026/2025-2026/222310-Construction of roads, link roads, pathways or any other road with or without drainage system",482224,19-Apr-2026,1899228,0.0,Sitting Rajya Sabha,545,True,3,Dr. B.R. Ambedkar Konaseema(DISTRICT COLLECTOR Dr B R AMBEDKAR KONASEEMA_IDA),LN/MP026/2025-2026/49,Shri Subhas Chandra Bose Pilli (2020-26),,,Andhra Pradesh,84,,Normal/Others,Construction of WBM Road from Mallipudi RangaRao Field to R and B Road at SC area in Gudigallabhaga Village of K.Gangavaram Mandal,154603,222310
Rajya Sabha,Rajya Sabha,2,Andhra Pradesh,3017190,Shri Subhas Chandra Bose Pilli,2020-26,Works Completed,"WS/MP026/2025-2026/227861-Construction of roads, link roads, pathways or any other road with or without drainage system",499217,19-Apr-2026,2051580,0.0,Sitting Rajya Sabha,545,True,3,Dr. B.R. Ambedkar Konaseema(DISTRICT COLLECTOR Dr B R AMBEDKAR KONASEEMA_IDA),LN/MP026/2025-2026/50,Shri Subhas Chandra Bose Pilli (2020-26),,,Andhra Pradesh,85,,Normal/Others,"Conastruction of BT Road from V Bapiraju Site Ending to N Suresh Land at Magatapalli Village of Mamidikuduru Mandal , Dr.B.R.Ambedkar Konaseema District",166263,227861
Rajya Sabha,Rajya Sabha,2,Andhra Pradesh,3017190,Shri Subhas Chandra Bose Pilli,2020-26,Works Completed,"WS/MP026/2025-2026/227862-Construction of roads, link roads, pathways or any other road with or without drainage system",499760,19-Apr-2026,2051462,0.0,Sitting Rajya Sabha,545,True,3,Dr. B.R. Ambedkar Konaseema(DISTRICT COLLECTOR Dr B R AMBEDKAR KONASEEMA_IDA),LN/MP026/2025-2026/50,Shri Subhas Chandra Bose Pilli (2020-26),,,Andhra Pradesh,86,,Normal/Others,"Conastruction of BT Road from N Suresh Land to G Raja Kumari Land at Magatapalli Village of Mamidikuduru Mandal , Dr.B.R.Ambedkar Konaseema District",166257,227862
Rajya Sabha,Rajya Sabha,2,Andhra Pradesh,3017190,Shri Subhas Chandra Bose Pilli,2020-26,Works Completed,"WS/MP026/2025-2026/227863-Construction of roads, link roads, pathways or any other road with or without drainage system",499217,19-Apr-2026,2051450,0.0,Sitting Rajya Sabha,545,True,3,Dr. B.R. Ambedkar Konaseema(DISTRICT COLLECTOR Dr B R AMBEDKAR KONASEEMA_IDA),LN/MP026/2025-2026/50,Shri Subhas Chandra Bose Pilli (2020-26),,,Andhra Pradesh,87,,Normal/Others,"Conastruction of BT Road from  G Raja Kumari Land to Gundabathula Satyanarayana Land at Magatapalli Village of Mamidikuduru Mandal , Dr.B.R.Ambedkar Konaseema District",166256,227863
Rajya Sabha,Rajya Sabha,2,Andhra Pradesh,3017190,Shri Subhas Chandra Bose Pilli,2020-26,Works Completed,"WS/MP026/2025-2026/227864-Construction of roads, link roads, pathways or any other road with or without drainage system",499640,19-Apr-2026,2051588,0.0,Sitting Rajya Sabha,545,True,3,Dr. B.R. Ambedkar Konaseema(DISTRICT COLLECTOR Dr B R AMBEDKAR KONASEEMA_IDA),LN/MP026/2025-2026/50,Shri Subhas Chandra Bose Pilli (2020-26),,,Andhra Pradesh,88,,Normal/Others,"Conastruction of BT Road from  Gundabathula Satyanarayana Land to Bhupathi Satyanarayana House  at Magatapalli Village of Mamidikuduru Mandal , Dr.B.R.Ambedkar Konaseema District",166265,227864
Rajya Sabha,Rajya Sabha,2,Andhra Pradesh,3017190,Shri Subhas Chandra Bose Pilli,2020-26,Works Completed,"WS/MP026/2025-2026/227865-Construction of roads, link roads, pathways or any other road with or without drainage system",499522,19-Apr-2026,2051538,0.0,Sitting Rajya Sabha,545,True,3,Dr. B.R. Ambedkar Konaseema(DISTRICT COLLECTOR Dr B R AMBEDKAR KONASEEMA_IDA),LN/MP026/2025-2026/50,Shri Subhas Chandra Bose Pilli (2020-26),,,Andhra Pradesh,89,,Normal/Others,"Conastruction of BT Road from   Bhupathi Satyanarayana House  to Vunduru Narasaimha  Murthy House at Magatapalli Village of Mamidikuduru Mandal , Dr.B.R.Ambedkar Konaseema District",166260,227865
Rajya Sabha,Rajya Sabha,2,Andhra Pradesh,3017190,Shri Subhas Chandra Bose Pilli,2020-26,Works Completed,"WS/MP026/2025-2026/227866-Construction of roads, link roads, pathways or any other road with or without drainage system",499839,19-Apr-2026,2051439,0.0,Sitting Rajya Sabha,545,True,3,Dr. B.R. Ambedkar Konaseema(DISTRICT COLLECTOR Dr B R AMBEDKAR KONASEEMA_IDA),LN/MP026/2025-2026/50,Shri Subhas Chandra Bose Pilli (2020-26),,,Andhra Pradesh,90,,Normal/Others,"Conastruction of BT Road from    Vunduru Narasaimha  Murthy House to Vakalapudi Krishna House at Magatapalli Village of Mamidikuduru Mandal , Dr.B.R.Ambedkar Konaseema District",166255,227866
Rajya Sabha,Rajya Sabha,2,Andhra Pradesh,3017190,Shri Subhas Chandra Bose Pilli,2020-26,Works Completed,"WS/MP026/2025-2026/227867-Construction of roads, link roads, pathways or any other road with or without drainage system",495617,19-Apr-2026,2051523,0.0,Sitting Rajya Sabha,545,True,3,Dr. B.R. Ambedkar Konaseema(DISTRICT COLLECTOR Dr B R AMBEDKAR KONASEEMA_IDA),LN/MP026/2025-2026/50,Shri Subhas Chandra Bose Pilli (2020-26),,,Andhra Pradesh,91,,Normal/Others,"Conastruction of BT Road from    Vardhineedi Venkateswara Rao House to Namana  Nageswara Rao Land at Magatapalli Village of Mamidikuduru Mandal , Dr.B.R.Ambedkar Konaseema District",166258,227867
Rajya Sabha,Rajya Sabha,2,Andhra Pradesh,3017190,Shri Subhas Chandra Bose Pilli,2020-26,Works Completed,,,,,,,,,,,,,,,,,63671713.0,,,,
Rajya Sabha,Rajya Sabha,2,Andhra Pradesh,3017191,Shri Parimal Nathwani,2020-26,Works Recommended,WS/MP027/2024-2025/138529-Construction of community centers and community halls,,,736885,,Sitting Rajya Sabha,545,True,1,Y.S.R.(DISTRICT COLLECTOR CUDDAPAH_IDA),LN/MP027/2024-2025/5,Shri Parimal Nathwani (2020-26),03-Sep-2024,21732308.0,Andhra Pradesh,1,,Normal/Others,Construction of BC Bhavan (Backward Classes Bhavan) in Kadapa district headquarters.  Balance amount of already recommended work vide my letter no. MPO/AP/001/2022 dated 28th May 2022.,,138529
Rajya Sabha,Rajya Sabha,2,Andhra Pradesh,3017191,Shri Parimal Nathwani,2020-26,Works Recommended,WS/MP027/2023-2024/100042-Establishing public lift irrigation projects,,,630299,,Sitting Rajya Sabha,545,True,1,Y.S.R.(DISTRICT COLLECTOR CUDDAPAH_IDA),LN/MP027/2023-2024/4,Shri Parimal Nathwani (2020-26),08-Feb-2024,48898689.0,Andhra Pradesh,2,,Normal/Others,"Proposed lift irrigation scheme to lift 85 Mcft water from SPVBR left canal at Km. 39.00 to fill tanks of Tadukuvagu tank, Melakunta tank near their respective villages in Tellapadu, Kalasapadu Mandal of YSR Kadapa District.",,100042
Rajya Sabha,Rajya Sabha,2,Andhra Pradesh,3017191,Shri Parimal Nathwani,2020-26,Works Recommended,WS/MP027/2023-2024/48423-Construction of stadiums,,,,,Sitting Rajya Sabha,545,,1,Eluru(DISTRICT COLLECTOR ELURU_IDA),LN/MP027/2023-2024/3,Shri Parimal Nathwani (2020-26),10-Nov-2023,2000000.0,Andhra Pradesh,3,,Normal/Others,"Construction of Stadium at Nuzvid, Eluru District",,48423
Rajya Sabha,Rajya Sabha,2,Andhra Pradesh,3017191,Shri Parimal Nathwani,2020-26,Works Recommended,WS/MP027/2025-2026/190077-Construction of public irrigation facilities,,,1505186,,Sitting Rajya Sabha,545,True,1,Y.S.R.(DISTRICT COLLECTOR CUDDAPAH_IDA),LN/MP027/2025-2026/8,Shri Parimal Nathwani (2020-26),08-Apr-2025,3989565.0,Andhra Pradesh,4,,Normal/Others,"Protection of Vagu course on U oblique s of Potladurthi  Kogatam road of Moolavanka Reach-VIII, Potladurthi village of Yerraguntla Mandal, YSR District.",,190077
Rajya Sabha,Rajya Sabha,2,Andhra Pradesh,3017191,Shri Parimal Nathwani,2020-26,Works Recommended,WS/MP027/2025-2026/190078-Construction of public irrigation facilities,,,1505132,,Sitting Rajya Sabha,545,True,1,Y.S.R.(DISTRICT COLLECTOR CUDDAPAH_IDA),LN/MP027/2025-2026/8,Shri Parimal Nathwani (2020-26),08-Apr-2025,3990888.0,Andhra Pradesh,5,,Normal/Others,"Protection of Vagu course on U oblique s of Potladurthi  Kogatam road of Moolavanka Reach-XI, Potladurthi village of Yerraguntla Mandal, YSR District.",,190078
Rajya Sabha,Rajya Sabha,2,Andhra Pradesh,3017191,Shri Parimal Nathwani,2020-26,Works Recommended,WS/MP027/2025-2026/190079-Construction of public irrigation facilities,,,1505223,,Sitting Rajya Sabha,545,True,1,Y.S.R.(DISTRICT COLLECTOR CUDDAPAH_IDA),LN/MP027/2025-2026/8,Shri Parimal Nathwani (2020-26),08-Apr-2025,3994135.0,Andhra Pradesh,6,,Normal/Others,"Protection of Vagu course on U oblique s of Potladurthi  Kogatam road of Moolavanka Reach-XIII, Potladurthi village of Yerraguntla Mandal, YSR District.",,190079
Rajya Sabha,Rajya Sabha,2,Andhra Pradesh,3017191,Shri Parimal Nathwani,2020-26,Works Recommended,WS/MP027/2025-2026/190080-Construction of public irrigation facilities,,,1505600,,Sitting Rajya Sabha,545,True,1,Y.S.R.(DISTRICT COLLECTOR CUDDAPAH_IDA),LN/MP027/2025-2026/8,Shri Parimal Nathwani (2020-26),08-Apr-2025,2098504.0,Andhra Pradesh,7,,Normal/Others,"Protection of Vagu course on U oblique s of Potladurthi  Kogatam road of Moolavanka Reach-XV, Potladurthi village of Yerraguntla Mandal, YSR District.",,190080
Rajya Sabha,Rajya Sabha,2,Andhra Pradesh,3017191,Shri Parimal Nathwani,2020-26,Works Recommended,WS/MP027/2025-2026/227888-Construction of buildings for community cultural activities,,,,,Sitting Rajya Sabha,545,,1,Sri Potti Sriramulu Nellore(DISTRICT COLLECTOR NELLORE_IDA),LN/MP027/2025-2026/9,Shri Parimal Nathwani (2020-26),20-Aug-2025,5000000.0,Andhra Pradesh,8,,Normal/Others,"Construction of Building for Community Cultural Activities at Sambunipalem,  Iskapalli GP, Allur Mandal, SPSR Nellore District, Andhra Pradesh.",,227888
Rajya Sabha,Rajya Sabha,2,Andhra Pradesh,3017191,Shri Parimal Nathwani,2020-26,Works Recommended,WS/MP027/2025-2026/227889-Construction of community centers and community halls,,,,,Sitting Rajya Sabha,545,,1,Sri Potti Sriramulu Nellore(DISTRICT COLLECTOR NELLORE_IDA),LN/MP027/2025-2026/9,Shri Parimal Nathwani (2020-26),20-Aug-2025,5000000.0,Andhra Pradesh,9,,Normal/Others,"Construction of Community Hall at Harizana Wada of Iskapalli Village, Allur Mandal, SPSR Nellore District, Andhra Pradesh.",,227889
Rajya Sabha,Rajya Sabha,2,Andhra Pradesh,3017191,Shri Parimal Nathwani,2020-26,Works Recommended,WS/MP027/2025-2026/227890-Construction of community centers and community halls,,,,,Sitting Rajya Sabha,545,,1,Sri Potti Sriramulu Nellore(DISTRICT COLLECTOR NELLORE_IDA),LN/MP027/2025-2026/9,Shri Parimal Nathwani (2020-26),20-Aug-2025,2500000.0,Andhra Pradesh,10,,Normal/Others,"Construction of Community Hall at Arundhatiya Wada of Iskapalli Village, Allur Mandal, SPSR Nellore District, Andhra Pradesh.",,227890
Rajya Sabha,Rajya Sabha,2,Andhra Pradesh,3017191,Shri Parimal Nathwani,2020-26,Works Recommended,WS/MP027/2023-2024/5062-Construction of culverts and bridges,,,,,Sitting Rajya Sabha,545,,1,KRISHNA(DISTRICT COLLECTOR KRISHNA_IDA),LN/MP027/2023-2024/2,Shri Parimal Nathwani (2020-26),20-Jul-2023,2500000.0,Andhra Pradesh,11,,Normal/Others,Construction of single road bridge at KM 6.500 on Mangaleru medium drain,,5062
Rajya Sabha,Rajya Sabha,2,Andhra Pradesh,3017191,Shri Parimal Nathwani,2020-26,Works Recommended,WS/MP027/2023-2024/5063-Construction of culverts and bridges,,,1314004,,Sitting Rajya Sabha,545,True,1,KRISHNA(DISTRICT COLLECTOR KRISHNA_IDA),LN/MP027/2023-2024/2,Shri Parimal Nathwani (2020-26),20-Jul-2023,2500000.0,Andhra Pradesh,12,,Normal/Others,Construction of single lane bridge at KM 8.800 on Bantumilli main canal,,5063
Rajya Sabha,Rajya Sabha,2,Andhra Pradesh,3017191,Shri Parimal Nathwani,2020-26,Works Recommended,WS/MP027/2023-2024/5064-Construction of community centers and community halls,,,,,Sitting Rajya Sabha,545,,1,KRISHNA(DISTRICT COLLECTOR KRISHNA_IDA),LN/MP027/2023-2024/2,Shri Parimal Nathwani (2020-26),20-Jul-2023,5000000.0,Andhra Pradesh,13,,Normal/Others,Construction of community Hall building,,5064
Rajya Sabha,Rajya Sabha,2,Andhra Pradesh,3017191,Shri Parimal Nathwani,2020-26,Works Recommended,"WS/MP027/2023-2024/5065-Construction of roads, link roads, pathways or any other road with or without drainage system",,,,,Sitting Rajya Sabha,545,,1,KRISHNA(DISTRICT COLLECTOR KRISHNA_IDA),LN/MP027/2023-2024/2,Shri Parimal Nathwani (2020-26),20-Jul-2023,2500000.0,Andhra Pradesh,14,,Normal/Others,Construction of Cement Concrete Roads,,5065
Rajya Sabha,Rajya Sabha,2,Andhra Pradesh,3017191,Shri Parimal Nathwani,2020-26,Works Recommended,WS/MP027/2023-2024/4795-Construction of community centers and community halls,,,607857,,Sitting Rajya Sabha,545,True,1,Y.S.R.(DISTRICT COLLECTOR CUDDAPAH_IDA),LN/MP027/2023-2024/1,Shri Parimal Nathwani (2020-26),19-Jul-2023,14999972.0,Andhra Pradesh,15,,Normal/Others,"Construction of B.C. Community Hall / B.C. Bhavan to Potladurthi Village of Yerraguntla Mandal, YSR District.",,4795
Rajya Sabha,Rajya Sabha,2,Andhra Pradesh,3017191,Shri Parimal Nathwani,2020-26,Works Recommended,WS/MP027/2024-2025/138845-Improvement of electricity distribution infrastructure,,,1462234,,Sitting Rajya Sabha,545,True,1,Y.S.R.(DISTRICT COLLECTOR CUDDAPAH_IDA),LN/MP027/2024-2025/6,Shri Parimal Nathwani (2020-26),04-Sep-2024,24475765.0,Andhra Pradesh,16,,Normal/Others,"Providing MS Pipe line, HDPE Pipe line with Power supply arrangements towards Ambakapalli village from sothrium in Lingala Mandal, YSR District.",,138845
Rajya Sabha,Rajya Sabha,2,Andhra Pradesh,3017191,Shri Parimal Nathwani,2020-26,Works Recommended,NA-Forest conservation infrastructure,,,,,Sitting Rajya Sabha,545,,1,Y.S.R.(DISTRICT COLLECTOR CUDDAPAH_IDA),LN/MP027/2024-2025/6,Shri Parimal Nathwani (2020-26),04-Sep-2024,2450000.0,Andhra Pradesh,17,,Normal/Others,"Jungle Clearance and filling earth opposite Nandhika Hospital for Jeepula Stand at Kadapa road, Pulivendula Municipality.",,138846
Rajya Sabha,Rajya Sabha,2,Andhra Pradesh,3017191,Shri Parimal Nathwani,2020-26,Works Recommended,WS/MP027/2025-2026/190070-Construction of public irrigation facilities,,,1505072,,Sitting Rajya Sabha,545,True,1,Y.S.R.(DISTRICT COLLECTOR CUDDAPAH_IDA),LN/MP027/2025-2026/7,Shri Parimal Nathwani (2020-26),08-Apr-2025,3992710.0,Andhra Pradesh,18,,Normal/Others,"Protection of Vagu course on U oblique s of Potladurthi  Kogatam road of Moolavanka Reach-IX, Potladurthi village of Yerraguntla Mandal, YSR District.",,190070
Rajya Sabha,Rajya Sabha,2,Andhra Pradesh,3017191,Shri Parimal Nathwani,2020-26,Works Recommended,WS/MP027/2025-2026/190071-Construction of public irrigation facilities,,,1505092,,Sitting Rajya Sabha,545,True,1,Y.S.R.(DISTRICT COLLECTOR CUDDAPAH_IDA),LN/MP027/2025-2026/7,Shri Parimal Nathwani (2020-26),08-Apr-2025,3983381.0,Andhra Pradesh,19,,Normal/Others,"Protection of Vagu course on U oblique s of Potladurthi  Kogatam road of Moolavanka Reach-X, Potladurthi village of Yerraguntla Mandal, YSR District.",,190071
Rajya Sabha,Rajya Sabha,2,Andhra Pradesh,3017191,Shri Parimal Nathwani,2020-26,Works Recommended,WS/MP027/2025-2026/190072-Construction of public irrigation facilities,,,1505307,,Sitting Rajya Sabha,545,True,1,Y.S.R.(DISTRICT COLLECTOR CUDDAPAH_IDA),LN/MP027/2025-2026/7,Shri Parimal Nathwani (2020-26),08-Apr-2025,3979183.0,Andhra Pradesh,20,,Normal/Others,"Protection of Vagu course on U oblique s of Potladurthi  Kogatam road of Moolavanka Reach-XII, Potladurthi village of Yerraguntla Mandal, YSR District.",,190072
Rajya Sabha,Rajya Sabha,2,Andhra Pradesh,3017191,Shri Parimal Nathwani,2020-26,Works Recommended,WS/MP027/2025-2026/190073-Construction of public irrigation facilities,,,1505371,,Sitting Rajya Sabha,545,True,1,Y.S.R.(DISTRICT COLLECTOR CUDDAPAH_IDA),LN/MP027/2025-2026/7,Shri Parimal Nathwani (2020-26),08-Apr-2025,3949839.0,Andhra Pradesh,21,,Normal/Others,"Protection of Vagu course on U oblique s of Potladurthi  Kogatam road of Moolavanka Reach-XIV, Potladurthi village of Yerraguntla Mandal, YSR District.",,190073
Rajya Sabha,Rajya Sabha,2,Andhra Pradesh,3017191,Shri Parimal Nathwani,2020-26,Works Recommended,WS/MP027/2025-2026/235901-Setting up of kitchen and pantries,,,,,Sitting Rajya Sabha,545,,1,Y.S.R.(DISTRICT COLLECTOR CUDDAPAH_IDA),LN/MP027/2025-2026/10,Shri Parimal Nathwani (2020-26),20-Sep-2025,25000000.0,Andhra Pradesh,22,,Normal/Others,"Kitchen Equipment for Smart Kitchens at the rate of Rs.25 Lakhs per mandal at YSR Kadapa District, Andhra Pradesh.",,235901
Rajya Sabha,Rajya Sabha,2,Andhra Pradesh,3017191,Shri Parimal Nathwani,2020-26,Works Recommended,,,,,,,,,,,,,,,,,194534939.0,,,,
Rajya Sabha,Rajya Sabha,2,Andhra Pradesh,3017191,Shri Parimal Nathwani,2020-26,Works Sanctioned,WS/MP027/2023-2024/4795-Construction of community centers and community halls,,,607857,,Sitting Rajya Sabha,545,True,1,Y.S.R.(DISTRICT COLLECTOR CUDDAPAH_IDA),LN/MP027/2023-2024/1,Shri Parimal Nathwani (2020-26),19-Jul-2023,14999972.0,Andhra Pradesh,1,,Normal/Others,"Construction of B.C. Community Hall / B.C. Bhavan to Potladurthi Village of Yerraguntla Mandal, YSR District.",,4795
Rajya Sabha,Rajya Sabha,2,Andhra Pradesh,3017191,Shri Parimal Nathwani,2020-26,Works Sanctioned,WS/MP027/2023-2024/5062-Construction of culverts and bridges,,,,,Sitting Rajya Sabha,545,,1,KRISHNA(DISTRICT COLLECTOR KRISHNA_IDA),LN/MP027/2023-2024/2,Shri Parimal Nathwani (2020-26),20-Jul-2023,2500000.0,Andhra Pradesh,2,,Normal/Others,Construction of single road bridge at KM 6.500 on Mangaleru medium drain,,5062
Rajya Sabha,Rajya Sabha,2,Andhra Pradesh,3017191,Shri Parimal Nathwani,2020-26,Works Sanctioned,WS/MP027/2023-2024/5063-Construction of culverts and bridges,,,1314004,,Sitting Rajya Sabha,545,True,1,KRISHNA(DISTRICT COLLECTOR KRISHNA_IDA),LN/MP027/2023-2024/2,Shri Parimal Nathwani (2020-26),20-Jul-2023,2500000.0,Andhra Pradesh,3,,Normal/Others,Construction of single lane bridge at KM 8.800 on Bantumilli main canal,,5063
Rajya Sabha,Rajya Sabha,2,Andhra Pradesh,3017191,Shri Parimal Nathwani,2020-26,Works Sanctioned,WS/MP027/2023-2024/5064-Construction of community centers and community halls,,,,,Sitting Rajya Sabha,545,,1,KRISHNA(DISTRICT COLLECTOR KRISHNA_IDA),LN/MP027/2023-2024/2,Shri Parimal Nathwani (2020-26),20-Jul-2023,5000000.0,Andhra Pradesh,4,,Normal/Others,Construction of community Hall building,,5064
Rajya Sabha,Rajya Sabha,2,Andhra Pradesh,3017191,Shri Parimal Nathwani,2020-26,Works Sanctioned,"WS/MP027/2023-2024/5065-Construction of roads, link roads, pathways or any other road with or without drainage system",,,,,Sitting Rajya Sabha,545,,1,KRISHNA(DISTRICT COLLECTOR KRISHNA_IDA),LN/MP027/2023-2024/2,Shri Parimal Nathwani (2020-26),20-Jul-2023,2500000.0,Andhra Pradesh,5,,Normal/Others,Construction of Cement Concrete Roads,,5065
Rajya Sabha,Rajya Sabha,2,Andhra Pradesh,3017191,Shri Parimal Nathwani,2020-26,Works Sanctioned,WS/MP027/2023-2024/48423-Construction of stadiums,,,,,Sitting Rajya Sabha,545,,1,Eluru(DISTRICT COLLECTOR ELURU_IDA),LN/MP027/2023-2024/3,Shri Parimal Nathwani (2020-26),10-Nov-2023,2000000.0,Andhra Pradesh,6,,Normal/Others,"Construction of Stadium at Nuzvid, Eluru District",,48423
Rajya Sabha,Rajya Sabha,2,Andhra Pradesh,3017191,Shri Parimal Nathwani,2020-26,Works Sanctioned,WS/MP027/2023-2024/100042-Establishing public lift irrigation projects,,,630299,,Sitting Rajya Sabha,545,True,1,Y.S.R.(DISTRICT COLLECTOR CUDDAPAH_IDA),LN/MP027/2023-2024/4,Shri Parimal Nathwani (2020-26),08-Feb-2024,48898689.0,Andhra Pradesh,7,,Normal/Others,"Proposed lift irrigation scheme to lift 85 Mcft water from SPVBR left canal at Km. 39.00 to fill tanks of Tadukuvagu tank, Melakunta tank near their respective villages in Tellapadu, Kalasapadu Mandal of YSR Kadapa District.",,100042
Rajya Sabha,Rajya Sabha,2,Andhra Pradesh,3017191,Shri Parimal Nathwani,2020-26,Works Sanctioned,WS/MP027/2024-2025/138529-Construction of community centers and community halls,,,736885,,Sitting Rajya Sabha,545,True,1,Y.S.R.(DISTRICT COLLECTOR CUDDAPAH_IDA),LN/MP027/2024-2025/5,Shri Parimal Nathwani (2020-26),03-Sep-2024,21732308.0,Andhra Pradesh,8,,Normal/Others,Construction of BC Bhavan (Backward Classes Bhavan) in Kadapa district headquarters.  Balance amount of already recommended work vide my letter no. MPO/AP/001/2022 dated 28th May 2022.,,138529
Rajya Sabha,Rajya Sabha,2,Andhra Pradesh,3017191,Shri Parimal Nathwani,2020-26,Works Sanctioned,WS/MP027/2024-2025/138845-Improvement of electricity distribution infrastructure,,,1462234,,Sitting Rajya Sabha,545,True,1,Y.S.R.(DISTRICT COLLECTOR CUDDAPAH_IDA),LN/MP027/2024-2025/6,Shri Parimal Nathwani (2020-26),04-Sep-2024,24475765.0,Andhra Pradesh,9,,Normal/Others,"Providing MS Pipe line, HDPE Pipe line with Power supply arrangements towards Ambakapalli village from sothrium in Lingala Mandal, YSR District.",,138845
Rajya Sabha,Rajya Sabha,2,Andhra Pradesh,3017191,Shri Parimal Nathwani,2020-26,Works Sanctioned,WS/MP027/2025-2026/190070-Construction of public irrigation facilities,,,1505072,,Sitting Rajya Sabha,545,True,1,Y.S.R.(DISTRICT COLLECTOR CUDDAPAH_IDA),LN/MP027/2025-2026/7,Shri Parimal Nathwani (2020-26),08-Apr-2025,3992710.0,Andhra Pradesh,10,,Normal/Others,"Protection of Vagu course on U oblique s of Potladurthi  Kogatam road of Moolavanka Reach-IX, Potladurthi village of Yerraguntla Mandal, YSR District.",,190070
Rajya Sabha,Rajya Sabha,2,Andhra Pradesh,3017191,Shri Parimal Nathwani,2020-26,Works Sanctioned,WS/MP027/2025-2026/190071-Construction of public irrigation facilities,,,1505092,,Sitting Rajya Sabha,545,True,1,Y.S.R.(DISTRICT COLLECTOR CUDDAPAH_IDA),LN/MP027/2025-2026/7,Shri Parimal Nathwani (2020-26),08-Apr-2025,3983381.0,Andhra Pradesh,11,,Normal/Others,"Protection of Vagu course on U oblique s of Potladurthi  Kogatam road of Moolavanka Reach-X, Potladurthi village of Yerraguntla Mandal, YSR District.",,190071
Rajya Sabha,Rajya Sabha,2,Andhra Pradesh,3017191,Shri Parimal Nathwani,2020-26,Works Sanctioned,WS/MP027/2025-2026/190072-Construction of public irrigation facilities,,,1505307,,Sitting Rajya Sabha,545,True,1,Y.S.R.(DISTRICT COLLECTOR CUDDAPAH_IDA),LN/MP027/2025-2026/7,Shri Parimal Nathwani (2020-26),08-Apr-2025,3979183.0,Andhra Pradesh,12,,Normal/Others,"Protection of Vagu course on U oblique s of Potladurthi  Kogatam road of Moolavanka Reach-XII, Potladurthi village of Yerraguntla Mandal, YSR District.",,190072
Rajya Sabha,Rajya Sabha,2,Andhra Pradesh,3017191,Shri Parimal Nathwani,2020-26,Works Sanctioned,WS/MP027/2025-2026/190073-Construction of public irrigation facilities,,,1505371,,Sitting Rajya Sabha,545,True,1,Y.S.R.(DISTRICT COLLECTOR CUDDAPAH_IDA),LN/MP027/2025-2026/7,Shri Parimal Nathwani (2020-26),08-Apr-2025,3949839.0,Andhra Pradesh,13,,Normal/Others,"Protection of Vagu course on U oblique s of Potladurthi  Kogatam road of Moolavanka Reach-XIV, Potladurthi village of Yerraguntla Mandal, YSR District.",,190073
Rajya Sabha,Rajya Sabha,2,Andhra Pradesh,3017191,Shri Parimal Nathwani,2020-26,Works Sanctioned,WS/MP027/2025-2026/190077-Construction of public irrigation facilities,,,1505186,,Sitting Rajya Sabha,545,True,1,Y.S.R.(DISTRICT COLLECTOR CUDDAPAH_IDA),LN/MP027/2025-2026/8,Shri Parimal Nathwani (2020-26),08-Apr-2025,3989565.0,Andhra Pradesh,14,,Normal/Others,"Protection of Vagu course on U oblique s of Potladurthi  Kogatam road of Moolavanka Reach-VIII, Potladurthi village of Yerraguntla Mandal, YSR District.",,190077
Rajya Sabha,Rajya Sabha,2,Andhra Pradesh,3017191,Shri Parimal Nathwani,2020-26,Works Sanctioned,WS/MP027/2025-2026/190078-Construction of public irrigation facilities,,,1505132,,Sitting Rajya Sabha,545,True,1,Y.S.R.(DISTRICT COLLECTOR CUDDAPAH_IDA),LN/MP027/2025-2026/8,Shri Parimal Nathwani (2020-26),08-Apr-2025,3990888.0,Andhra Pradesh,15,,Normal/Others,"Protection of Vagu course on U oblique s of Potladurthi  Kogatam road of Moolavanka Reach-XI, Potladurthi village of Yerraguntla Mandal, YSR District.",,190078
Rajya Sabha,Rajya Sabha,2,Andhra Pradesh,3017191,Shri Parimal Nathwani,2020-26,Works Sanctioned,WS/MP027/2025-2026/190079-Construction of public irrigation facilities,,,1505223,,Sitting Rajya Sabha,545,True,1,Y.S.R.(DISTRICT COLLECTOR CUDDAPAH_IDA),LN/MP027/2025-2026/8,Shri Parimal Nathwani (2020-26),08-Apr-2025,3994135.0,Andhra Pradesh,16,,Normal/Others,"Protection of Vagu course on U oblique s of Potladurthi  Kogatam road of Moolavanka Reach-XIII, Potladurthi village of Yerraguntla Mandal, YSR District.",,190079
Rajya Sabha,Rajya Sabha,2,Andhra Pradesh,3017191,Shri Parimal Nathwani,2020-26,Works Sanctioned,WS/MP027/2025-2026/190080-Construction of public irrigation facilities,,,1505600,,Sitting Rajya Sabha,545,True,1,Y.S.R.(DISTRICT COLLECTOR CUDDAPAH_IDA),LN/MP027/2025-2026/8,Shri Parimal Nathwani (2020-26),08-Apr-2025,2098504.0,Andhra Pradesh,17,,Normal/Others,"Protection of Vagu course on U oblique s of Potladurthi  Kogatam road of Moolavanka Reach-XV, Potladurthi village of Yerraguntla Mandal, YSR District.",,190080
Rajya Sabha,Rajya Sabha,2,Andhra Pradesh,3017191,Shri Parimal Nathwani,2020-26,Works Sanctioned,WS/MP027/2025-2026/227888-Construction of buildings for community cultural activities,,,,,Sitting Rajya Sabha,545,,1,Sri Potti Sriramulu Nellore(DISTRICT COLLECTOR NELLORE_IDA),LN/MP027/2025-2026/9,Shri Parimal Nathwani (2020-26),20-Aug-2025,5000000.0,Andhra Pradesh,18,,Normal/Others,"Construction of Building for Community Cultural Activities at Sambunipalem,  Iskapalli GP, Allur Mandal, SPSR Nellore District, Andhra Pradesh.",,227888
Rajya Sabha,Rajya Sabha,2,Andhra Pradesh,3017191,Shri Parimal Nathwani,2020-26,Works Sanctioned,WS/MP027/2025-2026/227889-Construction of community centers and community halls,,,,,Sitting Rajya Sabha,545,,1,Sri Potti Sriramulu Nellore(DISTRICT COLLECTOR NELLORE_IDA),LN/MP027/2025-2026/9,Shri Parimal Nathwani (2020-26),20-Aug-2025,5000000.0,Andhra Pradesh,19,,Normal/Others,"Construction of Community Hall at Harizana Wada of Iskapalli Village, Allur Mandal, SPSR Nellore District, Andhra Pradesh.",,227889
Rajya Sabha,Rajya Sabha,2,Andhra Pradesh,3017191,Shri Parimal Nathwani,2020-26,Works Sanctioned,WS/MP027/2025-2026/227890-Construction of community centers and community halls,,,,,Sitting Rajya Sabha,545,,1,Sri Potti Sriramulu Nellore(DISTRICT COLLECTOR NELLORE_IDA),LN/MP027/2025-2026/9,Shri Parimal Nathwani (2020-26),20-Aug-2025,2500000.0,Andhra Pradesh,20,,Normal/Others,"Construction of Community Hall at Arundhatiya Wada of Iskapalli Village, Allur Mandal, SPSR Nellore District, Andhra Pradesh.",,227890
Rajya Sabha,Rajya Sabha,2,Andhra Pradesh,3017191,Shri Parimal Nathwani,2020-26,Works Sanctioned,WS/MP027/2025-2026/235901-Setting up of kitchen and pantries,,,,,Sitting Rajya Sabha,545,,1,Y.S.R.(DISTRICT COLLECTOR CUDDAPAH_IDA),LN/MP027/2025-2026/10,Shri Parimal Nathwani (2020-26),20-Sep-2025,25000000.0,Andhra Pradesh,21,,Normal/Others,"Kitchen Equipment for Smart Kitchens at the rate of Rs.25 Lakhs per mandal at YSR Kadapa District, Andhra Pradesh.",,235901
Rajya Sabha,Rajya Sabha,2,Andhra Pradesh,3017191,Shri Parimal Nathwani,2020-26,Works Sanctioned,,,,,,,,,,,,,,,,,192084939.0,,,,
Rajya Sabha,Rajya Sabha,2,Andhra Pradesh,3017191,Shri Parimal Nathwani,2020-26,Works Completed,WS/MP027/2023-2024/4795-Construction of community centers and community halls,14999972,31-Jan-2026,607857,0.0,Sitting Rajya Sabha,545,True,3,Y.S.R.(DISTRICT COLLECTOR CUDDAPAH_IDA),LN/MP027/2023-2024/1,Shri Parimal Nathwani (2020-26),,,Andhra Pradesh,1,,Normal/Others,"Construction of B.C. Community Hall / B.C. Bhavan to Potladurthi Village of Yerraguntla Mandal, YSR District.",47496,4795
Rajya Sabha,Rajya Sabha,2,Andhra Pradesh,3017191,Shri Parimal Nathwani,2020-26,Works Completed,WS/MP027/2023-2024/100042-Establishing public lift irrigation projects,48898689,31-Jan-2026,630299,0.0,Sitting Rajya Sabha,545,True,3,Y.S.R.(DISTRICT COLLECTOR CUDDAPAH_IDA),LN/MP027/2023-2024/4,Shri Parimal Nathwani (2020-26),,,Andhra Pradesh,2,,Normal/Others,"Proposed lift irrigation scheme to lift 85 Mcft water from SPVBR left canal at Km. 39.00 to fill tanks of Tadukuvagu tank, Melakunta tank near their respective villages in Tellapadu, Kalasapadu Mandal of YSR Kadapa District.",20253,100042
Rajya Sabha,Rajya Sabha,2,Andhra Pradesh,3017191,Shri Parimal Nathwani,2020-26,Works Completed,WS/MP027/2024-2025/138529-Construction of community centers and community halls,21732308,09-Feb-2026,736885,0.0,Sitting Rajya Sabha,545,True,3,Y.S.R.(DISTRICT COLLECTOR CUDDAPAH_IDA),LN/MP027/2024-2025/5,Shri Parimal Nathwani (2020-26),,,Andhra Pradesh,3,,Normal/Others,Construction of BC Bhavan (Backward Classes Bhavan) in Kadapa district headquarters.  Balance amount of already recommended work vide my letter no. MPO/AP/001/2022 dated 28th May 2022.,64271,138529
Rajya Sabha,Rajya Sabha,2,Andhra Pradesh,3017191,Shri Parimal Nathwani,2020-26,Works Completed,WS/MP027/2024-2025/138845-Improvement of electricity distribution infrastructure,24475765,31-Jan-2026,1462234,0.0,Sitting Rajya Sabha,545,True,3,Y.S.R.(DISTRICT COLLECTOR CUDDAPAH_IDA),LN/MP027/2024-2025/6,Shri Parimal Nathwani (2020-26),,,Andhra Pradesh,4,,Normal/Others,"Providing MS Pipe line, HDPE Pipe line with Power supply arrangements towards Ambakapalli village from sothrium in Lingala Mandal, YSR District.",100803,138845
Rajya Sabha,Rajya Sabha,2,Andhra Pradesh,3017191,Shri Parimal Nathwani,2020-26,Works Completed,WS/MP027/2025-2026/190070-Construction of public irrigation facilities,3992710,13-Jan-2026,1505072,0.0,Sitting Rajya Sabha,545,True,3,Y.S.R.(DISTRICT COLLECTOR CUDDAPAH_IDA),LN/MP027/2025-2026/7,Shri Parimal Nathwani (2020-26),,,Andhra Pradesh,5,,Normal/Others,"Protection of Vagu course on U oblique s of Potladurthi  Kogatam road of Moolavanka Reach-IX, Potladurthi village of Yerraguntla Mandal, YSR District.",116980,190070
Rajya Sabha,Rajya Sabha,2,Andhra Pradesh,3017191,Shri Parimal Nathwani,2020-26,Works Completed,WS/MP027/2025-2026/190071-Construction of public irrigation facilities,3983381,13-Jan-2026,1505092,0.0,Sitting Rajya Sabha,545,True,3,Y.S.R.(DISTRICT COLLECTOR CUDDAPAH_IDA),LN/MP027/2025-2026/7,Shri Parimal Nathwani (2020-26),,,Andhra Pradesh,6,,Normal/Others,"Protection of Vagu course on U oblique s of Potladurthi  Kogatam road of Moolavanka Reach-X, Potladurthi village of Yerraguntla Mandal, YSR District.",116982,190071
Rajya Sabha,Rajya Sabha,2,Andhra Pradesh,3017191,Shri Parimal Nathwani,2020-26,Works Completed,WS/MP027/2025-2026/190072-Construction of public irrigation facilities,3979183,13-Jan-2026,1505307,0.0,Sitting Rajya Sabha,545,True,3,Y.S.R.(DISTRICT COLLECTOR CUDDAPAH_IDA),LN/MP027/2025-2026/7,Shri Parimal Nathwani (2020-26),,,Andhra Pradesh,7,,Normal/Others,"Protection of Vagu course on U oblique s of Potladurthi  Kogatam road of Moolavanka Reach-XII, Potladurthi village of Yerraguntla Mandal, YSR District.",117090,190072
Rajya Sabha,Rajya Sabha,2,Andhra Pradesh,3017191,Shri Parimal Nathwani,2020-26,Works Completed,WS/MP027/2025-2026/190073-Construction of public irrigation facilities,3949839,13-Jan-2026,1505371,0.0,Sitting Rajya Sabha,545,True,3,Y.S.R.(DISTRICT COLLECTOR CUDDAPAH_IDA),LN/MP027/2025-2026/7,Shri Parimal Nathwani (2020-26),,,Andhra Pradesh,8,,Normal/Others,"Protection of Vagu course on U oblique s of Potladurthi  Kogatam road of Moolavanka Reach-XIV, Potladurthi village of Yerraguntla Mandal, YSR District.",117101,190073
Rajya Sabha,Rajya Sabha,2,Andhra Pradesh,3017191,Shri Parimal Nathwani,2020-26,Works Completed,WS/MP027/2025-2026/190077-Construction of public irrigation facilities,3989565,12-Jan-2026,1505186,0.0,Sitting Rajya Sabha,545,True,3,Y.S.R.(DISTRICT COLLECTOR CUDDAPAH_IDA),LN/MP027/2025-2026/8,Shri Parimal Nathwani (2020-26),,,Andhra Pradesh,9,,Normal/Others,"Protection of Vagu course on U oblique s of Potladurthi  Kogatam road of Moolavanka Reach-VIII, Potladurthi village of Yerraguntla Mandal, YSR District.",116978,190077
Rajya Sabha,Rajya Sabha,2,Andhra Pradesh,3017191,Shri Parimal Nathwani,2020-26,Works Completed,WS/MP027/2025-2026/190078-Construction of public irrigation facilities,3990888,13-Jan-2026,1505132,0.0,Sitting Rajya Sabha,545,True,3,Y.S.R.(DISTRICT COLLECTOR CUDDAPAH_IDA),LN/MP027/2025-2026/8,Shri Parimal Nathwani (2020-26),,,Andhra Pradesh,10,,Normal/Others,"Protection of Vagu course on U oblique s of Potladurthi  Kogatam road of Moolavanka Reach-XI, Potladurthi village of Yerraguntla Mandal, YSR District.",116984,190078
Rajya Sabha,Rajya Sabha,2,Andhra Pradesh,3017191,Shri Parimal Nathwani,2020-26,Works Completed,WS/MP027/2025-2026/190079-Construction of public irrigation facilities,3994135,13-Jan-2026,1505223,0.0,Sitting Rajya Sabha,545,True,3,Y.S.R.(DISTRICT COLLECTOR CUDDAPAH_IDA),LN/MP027/2025-2026/8,Shri Parimal Nathwani (2020-26),,,Andhra Pradesh,11,,Normal/Others,"Protection of Vagu course on U oblique s of Potladurthi  Kogatam road of Moolavanka Reach-XIII, Potladurthi village of Yerraguntla Mandal, YSR District.",117075,190079
Rajya Sabha,Rajya Sabha,2,Andhra Pradesh,3017191,Shri Parimal Nathwani,2020-26,Works Completed,WS/MP027/2025-2026/190080-Construction of public irrigation facilities,2098504,13-Jan-2026,1505600,0.0,Sitting Rajya Sabha,545,True,3,Y.S.R.(DISTRICT COLLECTOR CUDDAPAH_IDA),LN/MP027/2025-2026/8,Shri Parimal Nathwani (2020-26),,,Andhra Pradesh,12,,Normal/Others,"Protection of Vagu course on U oblique s of Potladurthi  Kogatam road of Moolavanka Reach-XV, Potladurthi village of Yerraguntla Mandal, YSR District.",117120,190080
Rajya Sabha,Rajya Sabha,2,Andhra Pradesh,3017191,Shri Parimal Nathwani,2020-26,Works Completed,,,,,,,,,,,,,,,,,140084939.0,,,,
